Index,EntryIndex,Timestamp,ServingCellID,CellIdentity,CellObjectID,UE_ID,Serving_PCI,Neighbor_PCI,RSRP,RSRQ,SINR,TxPower
1,3,80 01:33:00.850,5,131-13335000000,NRCellCU,00046,5,8,0,0,28,0
2,3,80 01:33:00.850,5,131-13335000000,NRCellCU,00046,5,6,0,0,9,0
3,3,80 01:33:00.850,5,131-13335000000,NRCellCU,00046,5,2,0,0,8,0
4,3,80 01:33:00.850,5,131-13335000000,NRCellCU,00046,5,3,0,0,0,0
5,3,80 01:33:00.850,5,131-13335000000,NRCellCU,00046,5,4,0,0,0,0
6,3,80 01:33:00.850,5,131-13335000000,NRCellCU,00046,5,9,0,0,0,0
7,3,80 01:33:00.850,5,131-13335000000,NRCellCU,00046,5,12,0,0,0,0
8,3,80 01:33:00.850,5,131-13335000000,NRCellCU,00046,5,13,0,0,0,0
9,3,80 01:33:00.850,5,131-13335000000,NRCellCU,00067,5,13,0,0,20,0
10,3,80 01:33:00.850,5,131-13335000000,NRCellCU,00067,5,9,0,0,9,0
11,3,80 01:33:00.850,5,131-13335000000,NRCellCU,00067,5,8,0,0,6,0
12,3,80 01:33:00.850,5,131-13335000000,NRCellCU,00067,5,2,0,0,0,0
13,3,80 01:33:00.850,5,131-13335000000,NRCellCU,00067,5,6,0,0,0,0
14,3,80 01:33:00.850,5,131-13335000000,NRCellCU,00067,5,15,0,0,0,0
15,3,80 01:33:00.850,5,131-13335000000,NRCellCU,00067,5,14,0,0,0,0
16,3,80 01:33:00.850,5,131-13335000000,NRCellCU,00067,5,3,0,0,0,0
1,4,80 04:21:33.489,13,131-13331330000,NRCellCU,00066,13,5,0,0,10,0
2,4,80 04:21:33.489,13,131-13331330000,NRCellCU,00066,13,8,0,0,6,0
3,4,80 04:21:33.489,13,131-13331330000,NRCellCU,00066,13,6,0,0,0,0
4,4,80 04:21:33.489,13,131-13331330000,NRCellCU,00066,13,9,0,0,0,0
5,4,80 04:21:33.489,13,131-13331330000,NRCellCU,00066,13,4,0,0,0,0
6,4,80 04:21:33.489,13,131-13331330000,NRCellCU,00066,13,10,0,0,0,0
7,4,80 04:21:33.489,13,131-13331330000,NRCellCU,00066,13,14,0,0,0,0
8,4,80 04:21:33.489,13,131-13331330000,NRCellCU,00066,13,3,0,0,0,0
1,5,80 04:21:33.490,8,131-13338000000,NRCellCU,00021,8,11,0,0,15,0
2,5,80 04:21:33.490,8,131-13338000000,NRCellCU,00021,8,2,0,0,3,0
3,5,80 04:21:33.490,8,131-13338000000,NRCellCU,00021,8,5,0,0,0,0
4,5,80 04:21:33.490,8,131-13338000000,NRCellCU,00021,8,15,0,0,0,0
5,5,80 04:21:33.490,8,131-13338000000,NRCellCU,00021,8,3,0,0,0,0
6,5,80 04:21:33.490,8,131-13338000000,NRCellCU,00021,8,4,0,0,0,0
7,5,80 04:21:33.490,8,131-13338000000,NRCellCU,00021,8,13,0,0,0,0
8,5,80 04:21:33.490,8,131-13338000000,NRCellCU,00021,8,7,0,0,0,0
1,6,80 04:21:33.490,13,131-13331330000,NRCellCU,00030,13,5,0,0,27,0
2,6,80 04:21:33.490,13,131-13331330000,NRCellCU,00030,13,3,0,0,1,0
3,6,80 04:21:33.490,13,131-13331330000,NRCellCU,00030,13,9,0,0,0,0
4,6,80 04:21:33.490,13,131-13331330000,NRCellCU,00030,13,6,0,0,0,0
5,6,80 04:21:33.490,13,131-13331330000,NRCellCU,00030,13,8,0,0,0,0
6,6,80 04:21:33.490,13,131-13331330000,NRCellCU,00030,13,4,0,0,0,0
7,6,80 04:21:33.490,13,131-13331330000,NRCellCU,00030,13,10,0,0,0,0
8,6,80 04:21:33.490,13,131-13331330000,NRCellCU,00030,13,7,0,0,0,0
9,6,80 04:21:33.490,13,131-13331330000,NRCellCU,00066,13,5,0,0,22,0
10,6,80 04:21:33.490,13,131-13331330000,NRCellCU,00066,13,8,0,0,12,0
11,6,80 04:21:33.490,13,131-13331330000,NRCellCU,00066,13,6,0,0,1,0
12,6,80 04:21:33.490,13,131-13331330000,NRCellCU,00066,13,9,0,0,0,0
13,6,80 04:21:33.490,13,131-13331330000,NRCellCU,00066,13,4,0,0,0,0
14,6,80 04:21:33.490,13,131-13331330000,NRCellCU,00066,13,10,0,0,0,0
15,6,80 04:21:33.490,13,131-13331330000,NRCellCU,00066,13,12,0,0,0,0
16,6,80 04:21:33.490,13,131-13331330000,NRCellCU,00066,13,7,0,0,0,0
1,8,80 04:21:33.491,9,131-13339000000,NRCellCU,00032,9,5,0,0,16,0
2,8,80 04:21:33.491,9,131-13339000000,NRCellCU,00032,9,10,0,0,0,0
3,8,80 04:21:33.491,9,131-13339000000,NRCellCU,00032,9,2,0,0,0,0
4,8,80 04:21:33.491,9,131-13339000000,NRCellCU,00032,9,3,0,0,0,0
5,8,80 04:21:33.491,9,131-13339000000,NRCellCU,00032,9,13,0,0,0,0
6,8,80 04:21:33.491,9,131-13339000000,NRCellCU,00032,9,8,0,0,0,0
7,8,80 04:21:33.491,9,131-13339000000,NRCellCU,00032,9,14,0,0,0,0
8,8,80 04:21:33.491,9,131-13339000000,NRCellCU,00032,9,15,0,0,0,0
9,8,80 04:21:33.491,9,131-13339000000,NRCellCU,00007,9,3,0,0,22,0
10,8,80 04:21:33.491,9,131-13339000000,NRCellCU,00007,9,6,0,0,17,0
11,8,80 04:21:33.491,9,131-13339000000,NRCellCU,00007,9,8,0,0,0,0
12,8,80 04:21:33.491,9,131-13339000000,NRCellCU,00007,9,5,0,0,0,0
13,8,80 04:21:33.491,9,131-13339000000,NRCellCU,00007,9,13,0,0,0,0
14,8,80 04:21:33.491,9,131-13339000000,NRCellCU,00007,9,2,0,0,0,0
15,8,80 04:21:33.491,9,131-13339000000,NRCellCU,00007,9,14,0,0,0,0
16,8,80 04:21:33.491,9,131-13339000000,NRCellCU,00007,9,7,0,0,0,0
17,8,80 04:21:33.491,9,131-13339000000,NRCellCU,00010,9,14,0,0,5,0
18,8,80 04:21:33.491,9,131-13339000000,NRCellCU,00010,9,5,0,0,0,0
19,8,80 04:21:33.491,9,131-13339000000,NRCellCU,00010,9,6,0,0,0,0
20,8,80 04:21:33.491,9,131-13339000000,NRCellCU,00010,9,7,0,0,0,0
21,8,80 04:21:33.491,9,131-13339000000,NRCellCU,00010,9,8,0,0,0,0
22,8,80 04:21:33.491,9,131-13339000000,NRCellCU,00010,9,2,0,0,0,0
23,8,80 04:21:33.491,9,131-13339000000,NRCellCU,00010,9,13,0,0,0,0
24,8,80 04:21:33.491,9,131-13339000000,NRCellCU,00010,9,12,0,0,0,0
1,10,80 04:21:33.493,9,131-13339000000,NRCellCU,00010,9,6,0,0,5,0
2,10,80 04:21:33.493,9,131-13339000000,NRCellCU,00010,9,14,0,0,0,0
3,10,80 04:21:33.493,9,131-13339000000,NRCellCU,00010,9,8,0,0,0,0
4,10,80 04:21:33.493,9,131-13339000000,NRCellCU,00010,9,7,0,0,0,0
5,10,80 04:21:33.493,9,131-13339000000,NRCellCU,00010,9,5,0,0,0,0
6,10,80 04:21:33.493,9,131-13339000000,NRCellCU,00010,9,10,0,0,0,0
7,10,80 04:21:33.493,9,131-13339000000,NRCellCU,00010,9,2,0,0,0,0
8,10,80 04:21:33.493,9,131-13339000000,NRCellCU,00010,9,13,0,0,0,0
9,10,80 04:21:33.493,9,131-13339000000,NRCellCU,00032,9,5,0,0,6,0
10,10,80 04:21:33.493,9,131-13339000000,NRCellCU,00032,9,3,0,0,6,0
11,10,80 04:21:33.493,9,131-13339000000,NRCellCU,00032,9,10,0,0,0,0
12,10,80 04:21:33.493,9,131-13339000000,NRCellCU,00032,9,13,0,0,0,0
13,10,80 04:21:33.493,9,131-13339000000,NRCellCU,00032,9,2,0,0,0,0
14,10,80 04:21:33.493,9,131-13339000000,NRCellCU,00032,9,14,0,0,0,0
15,10,80 04:21:33.493,9,131-13339000000,NRCellCU,00032,9,8,0,0,0,0
16,10,80 04:21:33.493,9,131-13339000000,NRCellCU,00032,9,7,0,0,0,0
17,10,80 04:21:33.493,9,131-13339000000,NRCellCU,00007,9,3,0,0,24,0
18,10,80 04:21:33.493,9,131-13339000000,NRCellCU,00007,9,6,0,0,18,0
19,10,80 04:21:33.493,9,131-13339000000,NRCellCU,00007,9,5,0,0,0,0
20,10,80 04:21:33.493,9,131-13339000000,NRCellCU,00007,9,8,0,0,0,0
21,10,80 04:21:33.493,9,131-13339000000,NRCellCU,00007,9,13,0,0,0,0
22,10,80 04:21:33.493,9,131-13339000000,NRCellCU,00007,9,2,0,0,0,0
23,10,80 04:21:33.493,9,131-13339000000,NRCellCU,00007,9,11,0,0,0,0
24,10,80 04:21:33.493,9,131-13339000000,NRCellCU,00007,9,14,0,0,0,0
1,12,80 04:21:33.493,9,131-13339000000,NRCellCU,00032,9,5,0,0,11,0
2,12,80 04:21:33.493,9,131-13339000000,NRCellCU,00032,9,3,0,0,7,0
3,12,80 04:21:33.493,9,131-13339000000,NRCellCU,00032,9,10,0,0,1,0
4,12,80 04:21:33.493,9,131-13339000000,NRCellCU,00032,9,13,0,0,0,0
5,12,80 04:21:33.493,9,131-13339000000,NRCellCU,00032,9,14,0,0,0,0
6,12,80 04:21:33.493,9,131-13339000000,NRCellCU,00032,9,2,0,0,0,0
7,12,80 04:21:33.493,9,131-13339000000,NRCellCU,00032,9,4,0,0,0,0
8,12,80 04:21:33.493,9,131-13339000000,NRCellCU,00032,9,7,0,0,0,0
9,12,80 04:21:33.493,9,131-13339000000,NRCellCU,00010,9,6,0,0,6,0
10,12,80 04:21:33.493,9,131-13339000000,NRCellCU,00010,9,14,0,0,5,0
11,12,80 04:21:33.493,9,131-13339000000,NRCellCU,00010,9,8,0,0,0,0
12,12,80 04:21:33.493,9,131-13339000000,NRCellCU,00010,9,5,0,0,0,0
13,12,80 04:21:33.493,9,131-13339000000,NRCellCU,00010,9,2,0,0,0,0
14,12,80 04:21:33.493,9,131-13339000000,NRCellCU,00010,9,10,0,0,0,0
15,12,80 04:21:33.493,9,131-13339000000,NRCellCU,00010,9,7,0,0,0,0
16,12,80 04:21:33.493,9,131-13339000000,NRCellCU,00010,9,4,0,0,0,0
17,12,80 04:21:33.493,9,131-13339000000,NRCellCU,00007,9,5,0,0,27,0
18,12,80 04:21:33.493,9,131-13339000000,NRCellCU,00007,9,3,0,0,24,0
19,12,80 04:21:33.493,9,131-13339000000,NRCellCU,00007,9,6,0,0,24,0
20,12,80 04:21:33.493,9,131-13339000000,NRCellCU,00007,9,8,0,0,0,0
21,12,80 04:21:33.493,9,131-13339000000,NRCellCU,00007,9,13,0,0,0,0
22,12,80 04:21:33.493,9,131-13339000000,NRCellCU,00007,9,2,0,0,0,0
23,12,80 04:21:33.493,9,131-13339000000,NRCellCU,00007,9,14,0,0,0,0
24,12,80 04:21:33.493,9,131-13339000000,NRCellCU,00007,9,7,0,0,0,0
25,12,80 04:21:33.493,9,131-13339000000,NRCellCU,00020,9,5,0,0,21,0
26,12,80 04:21:33.493,9,131-13339000000,NRCellCU,00020,9,2,0,0,21,0
27,12,80 04:21:33.493,9,131-13339000000,NRCellCU,00020,9,8,0,0,0,0
28,12,80 04:21:33.493,9,131-13339000000,NRCellCU,00020,9,4,0,0,0,0
29,12,80 04:21:33.493,9,131-13339000000,NRCellCU,00020,9,11,0,0,0,0
30,12,80 04:21:33.493,9,131-13339000000,NRCellCU,00020,9,13,0,0,0,0
31,12,80 04:21:33.493,9,131-13339000000,NRCellCU,00020,9,7,0,0,0,0
32,12,80 04:21:33.493,9,131-13339000000,NRCellCU,00020,9,15,0,0,0,0
1,13,80 04:21:33.493,5,131-13335000000,NRCellCU,00003,5,13,0,0,35,0
2,13,80 04:21:33.493,5,131-13335000000,NRCellCU,00003,5,3,0,0,27,0
3,13,80 04:21:33.493,5,131-13335000000,NRCellCU,00003,5,8,0,0,1,0
4,13,80 04:21:33.493,5,131-13335000000,NRCellCU,00003,5,9,0,0,0,0
5,13,80 04:21:33.493,5,131-13335000000,NRCellCU,00003,5,11,0,0,0,0
6,13,80 04:21:33.493,5,131-13335000000,NRCellCU,00003,5,10,0,0,0,0
7,13,80 04:21:33.493,5,131-13335000000,NRCellCU,00003,5,2,0,0,0,0
8,13,80 04:21:33.493,5,131-13335000000,NRCellCU,00003,5,6,0,0,0,0
9,13,80 04:21:33.493,5,131-13335000000,NRCellCU,00067,5,13,0,0,20,0
10,13,80 04:21:33.493,5,131-13335000000,NRCellCU,00067,5,9,0,0,12,0
11,13,80 04:21:33.493,5,131-13335000000,NRCellCU,00067,5,8,0,0,10,0
12,13,80 04:21:33.493,5,131-13335000000,NRCellCU,00067,5,2,0,0,9,0
13,13,80 04:21:33.493,5,131-13335000000,NRCellCU,00067,5,6,0,0,0,0
14,13,80 04:21:33.493,5,131-13335000000,NRCellCU,00067,5,3,0,0,0,0
15,13,80 04:21:33.493,5,131-13335000000,NRCellCU,00067,5,14,0,0,0,0
16,13,80 04:21:33.493,5,131-13335000000,NRCellCU,00067,5,15,0,0,0,0
1,15,80 04:21:33.494,12,131-13331320000,NRCellCU,00019,12,2,0,0,9,0
2,15,80 04:21:33.494,12,131-13331320000,NRCellCU,00019,12,4,0,0,6,0
3,15,80 04:21:33.494,12,131-13331320000,NRCellCU,00019,12,7,0,0,0,0
4,15,80 04:21:33.494,12,131-13331320000,NRCellCU,00019,12,10,0,0,0,0
5,15,80 04:21:33.494,12,131-13331320000,NRCellCU,00019,12,11,0,0,0,0
6,15,80 04:21:33.494,12,131-13331320000,NRCellCU,00019,12,9,0,0,0,0
7,15,80 04:21:33.494,12,131-13331320000,NRCellCU,00019,12,13,0,0,0,0
8,15,80 04:21:33.494,12,131-13331320000,NRCellCU,00019,12,6,0,0,0,0
1,16,80 04:21:33.494,12,131-13331320000,NRCellCU,00019,12,4,0,0,12,0
2,16,80 04:21:33.494,12,131-13331320000,NRCellCU,00019,12,2,0,0,6,0
3,16,80 04:21:33.494,12,131-13331320000,NRCellCU,00019,12,10,0,0,0,0
4,16,80 04:21:33.494,12,131-13331320000,NRCellCU,00019,12,7,0,0,0,0
5,16,80 04:21:33.494,12,131-13331320000,NRCellCU,00019,12,9,0,0,0,0
6,16,80 04:21:33.494,12,131-13331320000,NRCellCU,00019,12,11,0,0,0,0
7,16,80 04:21:33.494,12,131-13331320000,NRCellCU,00019,12,6,0,0,0,0
8,16,80 04:21:33.494,12,131-13331320000,NRCellCU,00019,12,14,0,0,0,0
1,17,80 04:21:33.495,12,131-13331320000,NRCellCU,00019,12,4,0,0,12,0
2,17,80 04:21:33.495,12,131-13331320000,NRCellCU,00019,12,2,0,0,6,0
3,17,80 04:21:33.495,12,131-13331320000,NRCellCU,00019,12,10,0,0,0,0
4,17,80 04:21:33.495,12,131-13331320000,NRCellCU,00019,12,7,0,0,0,0
5,17,80 04:21:33.495,12,131-13331320000,NRCellCU,00019,12,11,0,0,0,0
6,17,80 04:21:33.495,12,131-13331320000,NRCellCU,00019,12,9,0,0,0,0
7,17,80 04:21:33.495,12,131-13331320000,NRCellCU,00019,12,6,0,0,0,0
8,17,80 04:21:33.495,12,131-13331320000,NRCellCU,00019,12,13,0,0,0,0
1,18,80 04:21:33.496,12,131-13331320000,NRCellCU,00019,12,4,0,0,32,0
2,18,80 04:21:33.496,12,131-13331320000,NRCellCU,00019,12,2,0,0,8,0
3,18,80 04:21:33.496,12,131-13331320000,NRCellCU,00019,12,10,0,0,0,0
4,18,80 04:21:33.496,12,131-13331320000,NRCellCU,00019,12,7,0,0,0,0
5,18,80 04:21:33.496,12,131-13331320000,NRCellCU,00019,12,9,0,0,0,0
6,18,80 04:21:33.496,12,131-13331320000,NRCellCU,00019,12,11,0,0,0,0
7,18,80 04:21:33.496,12,131-13331320000,NRCellCU,00019,12,6,0,0,0,0
8,18,80 04:21:33.496,12,131-13331320000,NRCellCU,00019,12,13,0,0,0,0
1,19,80 04:21:33.497,9,131-13339000000,NRCellCU,00020,9,5,0,0,25,0
2,19,80 04:21:33.497,9,131-13339000000,NRCellCU,00020,9,2,0,0,23,0
3,19,80 04:21:33.497,9,131-13339000000,NRCellCU,00020,9,8,0,0,0,0
4,19,80 04:21:33.497,9,131-13339000000,NRCellCU,00020,9,7,0,0,0,0
5,19,80 04:21:33.497,9,131-13339000000,NRCellCU,00020,9,11,0,0,0,0
6,19,80 04:21:33.497,9,131-13339000000,NRCellCU,00020,9,4,0,0,0,0
7,19,80 04:21:33.497,9,131-13339000000,NRCellCU,00020,9,14,0,0,0,0
8,19,80 04:21:33.497,9,131-13339000000,NRCellCU,00020,9,6,0,0,0,0
9,19,80 04:21:33.497,9,131-13339000000,NRCellCU,00007,9,6,0,0,23,0
10,19,80 04:21:33.497,9,131-13339000000,NRCellCU,00007,9,5,0,0,4,0
11,19,80 04:21:33.497,9,131-13339000000,NRCellCU,00007,9,3,0,0,2,0
12,19,80 04:21:33.497,9,131-13339000000,NRCellCU,00007,9,8,0,0,0,0
13,19,80 04:21:33.497,9,131-13339000000,NRCellCU,00007,9,2,0,0,0,0
14,19,80 04:21:33.497,9,131-13339000000,NRCellCU,00007,9,13,0,0,0,0
15,19,80 04:21:33.497,9,131-13339000000,NRCellCU,00007,9,14,0,0,0,0
16,19,80 04:21:33.497,9,131-13339000000,NRCellCU,00007,9,11,0,0,0,0
17,19,80 04:21:33.497,9,131-13339000000,NRCellCU,00010,9,8,0,0,7,0
18,19,80 04:21:33.497,9,131-13339000000,NRCellCU,00010,9,14,0,0,3,0
19,19,80 04:21:33.497,9,131-13339000000,NRCellCU,00010,9,6,0,0,0,0
20,19,80 04:21:33.497,9,131-13339000000,NRCellCU,00010,9,4,0,0,0,0
21,19,80 04:21:33.497,9,131-13339000000,NRCellCU,00010,9,10,0,0,0,0
22,19,80 04:21:33.497,9,131-13339000000,NRCellCU,00010,9,5,0,0,0,0
23,19,80 04:21:33.497,9,131-13339000000,NRCellCU,00010,9,11,0,0,0,0
24,19,80 04:21:33.497,9,131-13339000000,NRCellCU,00010,9,13,0,0,0,0
25,19,80 04:21:33.497,9,131-13339000000,NRCellCU,00032,9,5,0,0,19,0
26,19,80 04:21:33.497,9,131-13339000000,NRCellCU,00032,9,3,0,0,11,0
27,19,80 04:21:33.497,9,131-13339000000,NRCellCU,00032,9,13,0,0,7,0
28,19,80 04:21:33.497,9,131-13339000000,NRCellCU,00032,9,14,0,0,0,0
29,19,80 04:21:33.497,9,131-13339000000,NRCellCU,00032,9,2,0,0,0,0
30,19,80 04:21:33.497,9,131-13339000000,NRCellCU,00032,9,15,0,0,0,0
31,19,80 04:21:33.497,9,131-13339000000,NRCellCU,00032,9,8,0,0,0,0
32,19,80 04:21:33.497,9,131-13339000000,NRCellCU,00032,9,10,0,0,0,0
1,20,80 04:21:33.497,7,131-13337000000,NRCellCU,00015,7,3,0,0,19,0
2,20,80 04:21:33.497,7,131-13337000000,NRCellCU,00015,7,4,0,0,0,0
3,20,80 04:21:33.497,7,131-13337000000,NRCellCU,00015,7,6,0,0,0,0
4,20,80 04:21:33.497,7,131-13337000000,NRCellCU,00015,7,8,0,0,0,0
5,20,80 04:21:33.497,7,131-13337000000,NRCellCU,00015,7,5,0,0,0,0
6,20,80 04:21:33.497,7,131-13337000000,NRCellCU,00015,7,11,0,0,0,0
7,20,80 04:21:33.497,7,131-13337000000,NRCellCU,00015,7,14,0,0,0,0
8,20,80 04:21:33.497,7,131-13337000000,NRCellCU,00015,7,2,0,0,0,0
9,20,80 04:21:33.497,7,131-13337000000,NRCellCU,00001,7,4,0,0,17,0
10,20,80 04:21:33.497,7,131-13337000000,NRCellCU,00001,7,15,0,0,6,0
11,20,80 04:21:33.497,7,131-13337000000,NRCellCU,00001,7,5,0,0,0,0
12,20,80 04:21:33.497,7,131-13337000000,NRCellCU,00001,7,12,0,0,0,0
13,20,80 04:21:33.497,7,131-13337000000,NRCellCU,00001,7,10,0,0,0,0
14,20,80 04:21:33.497,7,131-13337000000,NRCellCU,00001,7,3,0,0,0,0
15,20,80 04:21:33.497,7,131-13337000000,NRCellCU,00001,7,11,0,0,0,0
16,20,80 04:21:33.497,7,131-13337000000,NRCellCU,00001,7,13,0,0,0,0
17,20,80 04:21:33.497,7,131-13337000000,NRCellCU,00012,7,3,0,0,8,0
18,20,80 04:21:33.497,7,131-13337000000,NRCellCU,00012,7,15,0,0,2,0
19,20,80 04:21:33.497,7,131-13337000000,NRCellCU,00012,7,11,0,0,0,0
20,20,80 04:21:33.497,7,131-13337000000,NRCellCU,00012,7,2,0,0,0,0
21,20,80 04:21:33.497,7,131-13337000000,NRCellCU,00012,7,4,0,0,0,0
22,20,80 04:21:33.497,7,131-13337000000,NRCellCU,00012,7,8,0,0,0,0
23,20,80 04:21:33.497,7,131-13337000000,NRCellCU,00012,7,5,0,0,0,0
24,20,80 04:21:33.497,7,131-13337000000,NRCellCU,00012,7,6,0,0,0,0
25,20,80 04:21:33.497,7,131-13337000000,NRCellCU,00018,7,4,0,0,20,0
26,20,80 04:21:33.497,7,131-13337000000,NRCellCU,00018,7,8,0,0,0,0
27,20,80 04:21:33.497,7,131-13337000000,NRCellCU,00018,7,5,0,0,0,0
28,20,80 04:21:33.497,7,131-13337000000,NRCellCU,00018,7,9,0,0,0,0
29,20,80 04:21:33.497,7,131-13337000000,NRCellCU,00018,7,2,0,0,0,0
30,20,80 04:21:33.497,7,131-13337000000,NRCellCU,00018,7,10,0,0,0,0
31,20,80 04:21:33.497,7,131-13337000000,NRCellCU,00018,7,14,0,0,0,0
32,20,80 04:21:33.497,7,131-13337000000,NRCellCU,00018,7,13,0,0,0,0
1,21,80 04:21:33.497,12,131-13331320000,NRCellCU,00019,12,4,0,0,36,0
2,21,80 04:21:33.497,12,131-13331320000,NRCellCU,00019,12,2,0,0,2,0
3,21,80 04:21:33.497,12,131-13331320000,NRCellCU,00019,12,10,0,0,0,0
4,21,80 04:21:33.497,12,131-13331320000,NRCellCU,00019,12,11,0,0,0,0
5,21,80 04:21:33.497,12,131-13331320000,NRCellCU,00019,12,7,0,0,0,0
6,21,80 04:21:33.497,12,131-13331320000,NRCellCU,00019,12,9,0,0,0,0
7,21,80 04:21:33.497,12,131-13331320000,NRCellCU,00019,12,6,0,0,0,0
8,21,80 04:21:33.497,12,131-13331320000,NRCellCU,00019,12,13,0,0,0,0
1,22,80 04:21:33.498,14,131-13331340000,NRCellCU,00023,14,6,0,0,10,0
2,22,80 04:21:33.498,14,131-13331340000,NRCellCU,00023,14,9,0,0,7,0
3,22,80 04:21:33.498,14,131-13331340000,NRCellCU,00023,14,10,0,0,0,0
4,22,80 04:21:33.498,14,131-13331340000,NRCellCU,00023,14,2,0,0,0,0
5,22,80 04:21:33.498,14,131-13331340000,NRCellCU,00023,14,5,0,0,0,0
6,22,80 04:21:33.498,14,131-13331340000,NRCellCU,00023,14,7,0,0,0,0
7,22,80 04:21:33.498,14,131-13331340000,NRCellCU,00023,14,11,0,0,0,0
8,22,80 04:21:33.498,14,131-13331340000,NRCellCU,00023,14,15,0,0,0,0
1,24,80 04:21:33.499,13,131-13331330000,NRCellCU,00066,13,5,0,0,14,0
2,24,80 04:21:33.499,13,131-13331330000,NRCellCU,00066,13,8,0,0,0,0
3,24,80 04:21:33.499,13,131-13331330000,NRCellCU,00066,13,6,0,0,0,0
4,24,80 04:21:33.499,13,131-13331330000,NRCellCU,00066,13,9,0,0,0,0
5,24,80 04:21:33.499,13,131-13331330000,NRCellCU,00066,13,3,0,0,0,0
6,24,80 04:21:33.499,13,131-13331330000,NRCellCU,00066,13,7,0,0,0,0
7,24,80 04:21:33.499,13,131-13331330000,NRCellCU,00066,13,10,0,0,0,0
8,24,80 04:21:33.499,13,131-13331330000,NRCellCU,00066,13,11,0,0,0,0
9,24,80 04:21:33.499,13,131-13331330000,NRCellCU,00005,13,5,0,0,28,0
10,24,80 04:21:33.499,13,131-13331330000,NRCellCU,00005,13,8,0,0,6,0
11,24,80 04:21:33.499,13,131-13331330000,NRCellCU,00005,13,3,0,0,0,0
12,24,80 04:21:33.499,13,131-13331330000,NRCellCU,00005,13,9,0,0,0,0
13,24,80 04:21:33.499,13,131-13331330000,NRCellCU,00005,13,14,0,0,0,0
14,24,80 04:21:33.499,13,131-13331330000,NRCellCU,00005,13,2,0,0,0,0
15,24,80 04:21:33.499,13,131-13331330000,NRCellCU,00005,13,11,0,0,0,0
16,24,80 04:21:33.499,13,131-13331330000,NRCellCU,00005,13,15,0,0,0,0
17,24,80 04:21:33.499,13,131-13331330000,NRCellCU,00014,13,5,0,0,18,0
18,24,80 04:21:33.499,13,131-13331330000,NRCellCU,00014,13,6,0,0,0,0
19,24,80 04:21:33.499,13,131-13331330000,NRCellCU,00014,13,9,0,0,0,0
20,24,80 04:21:33.499,13,131-13331330000,NRCellCU,00014,13,8,0,0,0,0
21,24,80 04:21:33.499,13,131-13331330000,NRCellCU,00014,13,2,0,0,0,0
22,24,80 04:21:33.499,13,131-13331330000,NRCellCU,00014,13,3,0,0,0,0
23,24,80 04:21:33.499,13,131-13331330000,NRCellCU,00014,13,10,0,0,0,0
24,24,80 04:21:33.499,13,131-13331330000,NRCellCU,00014,13,11,0,0,0,0
1,25,80 04:21:33.499,7,131-13337000000,NRCellCU,00018,7,4,0,0,15,0
2,25,80 04:21:33.499,7,131-13337000000,NRCellCU,00018,7,8,0,0,1,0
3,25,80 04:21:33.499,7,131-13337000000,NRCellCU,00018,7,9,0,0,0,0
4,25,80 04:21:33.499,7,131-13337000000,NRCellCU,00018,7,14,0,0,0,0
5,25,80 04:21:33.499,7,131-13337000000,NRCellCU,00018,7,2,0,0,0,0
6,25,80 04:21:33.499,7,131-13337000000,NRCellCU,00018,7,5,0,0,0,0
7,25,80 04:21:33.499,7,131-13337000000,NRCellCU,00018,7,3,0,0,0,0
8,25,80 04:21:33.499,7,131-13337000000,NRCellCU,00018,7,10,0,0,0,0
9,25,80 04:21:33.499,7,131-13337000000,NRCellCU,00001,7,4,0,0,7,0
10,25,80 04:21:33.499,7,131-13337000000,NRCellCU,00001,7,15,0,0,0,0
11,25,80 04:21:33.499,7,131-13337000000,NRCellCU,00001,7,5,0,0,0,0
12,25,80 04:21:33.499,7,131-13337000000,NRCellCU,00001,7,12,0,0,0,0
13,25,80 04:21:33.499,7,131-13337000000,NRCellCU,00001,7,3,0,0,0,0
14,25,80 04:21:33.499,7,131-13337000000,NRCellCU,00001,7,10,0,0,0,0
15,25,80 04:21:33.499,7,131-13337000000,NRCellCU,00001,7,13,0,0,0,0
16,25,80 04:21:33.499,7,131-13337000000,NRCellCU,00001,7,9,0,0,0,0
17,25,80 04:21:33.499,7,131-13337000000,NRCellCU,00012,7,11,0,0,12,0
18,25,80 04:21:33.499,7,131-13337000000,NRCellCU,00012,7,3,0,0,5,0
19,25,80 04:21:33.499,7,131-13337000000,NRCellCU,00012,7,8,0,0,3,0
20,25,80 04:21:33.499,7,131-13337000000,NRCellCU,00012,7,15,0,0,0,0
21,25,80 04:21:33.499,7,131-13337000000,NRCellCU,00012,7,2,0,0,0,0
22,25,80 04:21:33.499,7,131-13337000000,NRCellCU,00012,7,4,0,0,0,0
23,25,80 04:21:33.499,7,131-13337000000,NRCellCU,00012,7,9,0,0,0,0
24,25,80 04:21:33.499,7,131-13337000000,NRCellCU,00012,7,5,0,0,0,0
25,25,80 04:21:33.499,7,131-13337000000,NRCellCU,00015,7,3,0,0,16,0
26,25,80 04:21:33.499,7,131-13337000000,NRCellCU,00015,7,8,0,0,0,0
27,25,80 04:21:33.499,7,131-13337000000,NRCellCU,00015,7,11,0,0,0,0
28,25,80 04:21:33.499,7,131-13337000000,NRCellCU,00015,7,6,0,0,0,0
29,25,80 04:21:33.499,7,131-13337000000,NRCellCU,00015,7,5,0,0,0,0
30,25,80 04:21:33.499,7,131-13337000000,NRCellCU,00015,7,15,0,0,0,0
31,25,80 04:21:33.499,7,131-13337000000,NRCellCU,00015,7,4,0,0,0,0
32,25,80 04:21:33.499,7,131-13337000000,NRCellCU,00015,7,2,0,0,0,0
1,26,80 04:21:33.499,13,131-13331330000,NRCellCU,00066,13,5,0,0,22,0
2,26,80 04:21:33.499,13,131-13331330000,NRCellCU,00066,13,9,0,0,0,0
3,26,80 04:21:33.499,13,131-13331330000,NRCellCU,00066,13,6,0,0,0,0
4,26,80 04:21:33.499,13,131-13331330000,NRCellCU,00066,13,8,0,0,0,0
5,26,80 04:21:33.499,13,131-13331330000,NRCellCU,00066,13,3,0,0,0,0
6,26,80 04:21:33.499,13,131-13331330000,NRCellCU,00066,13,7,0,0,0,0
7,26,80 04:21:33.499,13,131-13331330000,NRCellCU,00066,13,11,0,0,0,0
8,26,80 04:21:33.499,13,131-13331330000,NRCellCU,00066,13,10,0,0,0,0
9,26,80 04:21:33.499,13,131-13331330000,NRCellCU,00014,13,5,0,0,13,0
10,26,80 04:21:33.499,13,131-13331330000,NRCellCU,00014,13,6,0,0,0,0
11,26,80 04:21:33.499,13,131-13331330000,NRCellCU,00014,13,9,0,0,0,0
12,26,80 04:21:33.499,13,131-13331330000,NRCellCU,00014,13,3,0,0,0,0
13,26,80 04:21:33.499,13,131-13331330000,NRCellCU,00014,13,8,0,0,0,0
14,26,80 04:21:33.499,13,131-13331330000,NRCellCU,00014,13,2,0,0,0,0
15,26,80 04:21:33.499,13,131-13331330000,NRCellCU,00014,13,10,0,0,0,0
16,26,80 04:21:33.499,13,131-13331330000,NRCellCU,00014,13,15,0,0,0,0
17,26,80 04:21:33.499,13,131-13331330000,NRCellCU,00005,13,5,0,0,23,0
18,26,80 04:21:33.499,13,131-13331330000,NRCellCU,00005,13,8,0,0,5,0
19,26,80 04:21:33.499,13,131-13331330000,NRCellCU,00005,13,3,0,0,0,0
20,26,80 04:21:33.499,13,131-13331330000,NRCellCU,00005,13,9,0,0,0,0
21,26,80 04:21:33.499,13,131-13331330000,NRCellCU,00005,13,11,0,0,0,0
22,26,80 04:21:33.499,13,131-13331330000,NRCellCU,00005,13,2,0,0,0,0
23,26,80 04:21:33.499,13,131-13331330000,NRCellCU,00005,13,14,0,0,0,0
24,26,80 04:21:33.499,13,131-13331330000,NRCellCU,00005,13,15,0,0,0,0
1,27,80 04:21:33.500,13,131-13331330000,NRCellCU,00066,13,5,0,0,24,0
2,27,80 04:21:33.500,13,131-13331330000,NRCellCU,00066,13,6,0,0,3,0
3,27,80 04:21:33.500,13,131-13331330000,NRCellCU,00066,13,8,0,0,0,0
4,27,80 04:21:33.500,13,131-13331330000,NRCellCU,00066,13,9,0,0,0,0
5,27,80 04:21:33.500,13,131-13331330000,NRCellCU,00066,13,3,0,0,0,0
6,27,80 04:21:33.500,13,131-13331330000,NRCellCU,00066,13,7,0,0,0,0
7,27,80 04:21:33.500,13,131-13331330000,NRCellCU,00066,13,10,0,0,0,0
8,27,80 04:21:33.500,13,131-13331330000,NRCellCU,00066,13,12,0,0,0,0
9,27,80 04:21:33.500,13,131-13331330000,NRCellCU,00014,13,5,0,0,5,0
10,27,80 04:21:33.500,13,131-13331330000,NRCellCU,00014,13,8,0,0,0,0
11,27,80 04:21:33.500,13,131-13331330000,NRCellCU,00014,13,6,0,0,0,0
12,27,80 04:21:33.500,13,131-13331330000,NRCellCU,00014,13,2,0,0,0,0
13,27,80 04:21:33.500,13,131-13331330000,NRCellCU,00014,13,9,0,0,0,0
14,27,80 04:21:33.500,13,131-13331330000,NRCellCU,00014,13,15,0,0,0,0
15,27,80 04:21:33.500,13,131-13331330000,NRCellCU,00014,13,3,0,0,0,0
16,27,80 04:21:33.500,13,131-13331330000,NRCellCU,00014,13,14,0,0,0,0
17,27,80 04:21:33.500,13,131-13331330000,NRCellCU,00005,13,5,0,0,21,0
18,27,80 04:21:33.500,13,131-13331330000,NRCellCU,00005,13,8,0,0,9,0
19,27,80 04:21:33.500,13,131-13331330000,NRCellCU,00005,13,3,0,0,0,0
20,27,80 04:21:33.500,13,131-13331330000,NRCellCU,00005,13,9,0,0,0,0
21,27,80 04:21:33.500,13,131-13331330000,NRCellCU,00005,13,2,0,0,0,0
22,27,80 04:21:33.500,13,131-13331330000,NRCellCU,00005,13,14,0,0,0,0
23,27,80 04:21:33.500,13,131-13331330000,NRCellCU,00005,13,11,0,0,0,0
24,27,80 04:21:33.500,13,131-13331330000,NRCellCU,00005,13,15,0,0,0,0
1,28,80 04:21:33.500,5,131-13335000000,NRCellCU,00070,5,13,0,0,8,0
2,28,80 04:21:33.500,5,131-13335000000,NRCellCU,00070,5,8,0,0,7,0
3,28,80 04:21:33.500,5,131-13335000000,NRCellCU,00070,5,9,0,0,0,0
4,28,80 04:21:33.500,5,131-13335000000,NRCellCU,00070,5,10,0,0,0,0
5,28,80 04:21:33.500,5,131-13335000000,NRCellCU,00070,5,2,0,0,0,0
6,28,80 04:21:33.500,5,131-13335000000,NRCellCU,00070,5,14,0,0,0,0
7,28,80 04:21:33.500,5,131-13335000000,NRCellCU,00070,5,3,0,0,0,0
8,28,80 04:21:33.500,5,131-13335000000,NRCellCU,00070,5,7,0,0,0,0
9,28,80 04:21:33.500,5,131-13335000000,NRCellCU,00030,5,13,0,0,12,0
10,28,80 04:21:33.500,5,131-13335000000,NRCellCU,00030,5,8,0,0,10,0
11,28,80 04:21:33.500,5,131-13335000000,NRCellCU,00030,5,3,0,0,2,0
12,28,80 04:21:33.500,5,131-13335000000,NRCellCU,00030,5,9,0,0,0,0
13,28,80 04:21:33.500,5,131-13335000000,NRCellCU,00030,5,15,0,0,0,0
14,28,80 04:21:33.500,5,131-13335000000,NRCellCU,00030,5,6,0,0,0,0
15,28,80 04:21:33.500,5,131-13335000000,NRCellCU,00030,5,2,0,0,0,0
16,28,80 04:21:33.500,5,131-13335000000,NRCellCU,00030,5,7,0,0,0,0
17,28,80 04:21:33.500,5,131-13335000000,NRCellCU,00067,5,13,0,0,19,0
18,28,80 04:21:33.500,5,131-13335000000,NRCellCU,00067,5,9,0,0,8,0
19,28,80 04:21:33.500,5,131-13335000000,NRCellCU,00067,5,2,0,0,5,0
20,28,80 04:21:33.500,5,131-13335000000,NRCellCU,00067,5,8,0,0,0,0
21,28,80 04:21:33.500,5,131-13335000000,NRCellCU,00067,5,6,0,0,0,0
22,28,80 04:21:33.500,5,131-13335000000,NRCellCU,00067,5,11,0,0,0,0
23,28,80 04:21:33.500,5,131-13335000000,NRCellCU,00067,5,10,0,0,0,0
24,28,80 04:21:33.500,5,131-13335000000,NRCellCU,00067,5,15,0,0,0,0
25,28,80 04:21:33.500,5,131-13335000000,NRCellCU,00003,5,13,0,0,20,0
26,28,80 04:21:33.500,5,131-13335000000,NRCellCU,00003,5,3,0,0,17,0
27,28,80 04:21:33.500,5,131-13335000000,NRCellCU,00003,5,2,0,0,4,0
28,28,80 04:21:33.500,5,131-13335000000,NRCellCU,00003,5,9,0,0,2,0
29,28,80 04:21:33.500,5,131-13335000000,NRCellCU,00003,5,15,0,0,0,0
30,28,80 04:21:33.500,5,131-13335000000,NRCellCU,00003,5,8,0,0,0,0
31,28,80 04:21:33.500,5,131-13335000000,NRCellCU,00003,5,12,0,0,0,0
32,28,80 04:21:33.500,5,131-13335000000,NRCellCU,00003,5,11,0,0,0,0
1,29,80 04:21:33.500,14,131-13331340000,NRCellCU,00024,14,6,0,0,25,0
2,29,80 04:21:33.500,14,131-13331340000,NRCellCU,00024,14,10,0,0,12,0
3,29,80 04:21:33.500,14,131-13331340000,NRCellCU,00024,14,9,0,0,10,0
4,29,80 04:21:33.500,14,131-13331340000,NRCellCU,00024,14,5,0,0,0,0
5,29,80 04:21:33.500,14,131-13331340000,NRCellCU,00024,14,15,0,0,0,0
6,29,80 04:21:33.500,14,131-13331340000,NRCellCU,00024,14,11,0,0,0,0
7,29,80 04:21:33.500,14,131-13331340000,NRCellCU,00024,14,3,0,0,0,0
8,29,80 04:21:33.500,14,131-13331340000,NRCellCU,00024,14,2,0,0,0,0
9,29,80 04:21:33.500,14,131-13331340000,NRCellCU,00023,14,6,0,0,14,0
10,29,80 04:21:33.500,14,131-13331340000,NRCellCU,00023,14,9,0,0,2,0
11,29,80 04:21:33.500,14,131-13331340000,NRCellCU,00023,14,2,0,0,0,0
12,29,80 04:21:33.500,14,131-13331340000,NRCellCU,00023,14,10,0,0,0,0
13,29,80 04:21:33.500,14,131-13331340000,NRCellCU,00023,14,5,0,0,0,0
14,29,80 04:21:33.500,14,131-13331340000,NRCellCU,00023,14,15,0,0,0,0
15,29,80 04:21:33.500,14,131-13331340000,NRCellCU,00023,14,11,0,0,0,0
16,29,80 04:21:33.500,14,131-13331340000,NRCellCU,00023,14,8,0,0,0,0
1,30,80 04:21:33.500,9,131-13339000000,NRCellCU,00010,9,6,0,0,13,0
2,30,80 04:21:33.500,9,131-13339000000,NRCellCU,00010,9,8,0,0,5,0
3,30,80 04:21:33.500,9,131-13339000000,NRCellCU,00010,9,5,0,0,0,0
4,30,80 04:21:33.500,9,131-13339000000,NRCellCU,00010,9,4,0,0,0,0
5,30,80 04:21:33.500,9,131-13339000000,NRCellCU,00010,9,14,0,0,0,0
6,30,80 04:21:33.500,9,131-13339000000,NRCellCU,00010,9,10,0,0,0,0
7,30,80 04:21:33.500,9,131-13339000000,NRCellCU,00010,9,2,0,0,0,0
8,30,80 04:21:33.500,9,131-13339000000,NRCellCU,00010,9,12,0,0,0,0
9,30,80 04:21:33.500,9,131-13339000000,NRCellCU,00007,9,6,0,0,21,0
10,30,80 04:21:33.500,9,131-13339000000,NRCellCU,00007,9,8,0,0,1,0
11,30,80 04:21:33.500,9,131-13339000000,NRCellCU,00007,9,5,0,0,0,0
12,30,80 04:21:33.500,9,131-13339000000,NRCellCU,00007,9,3,0,0,0,0
13,30,80 04:21:33.500,9,131-13339000000,NRCellCU,00007,9,14,0,0,0,0
14,30,80 04:21:33.500,9,131-13339000000,NRCellCU,00007,9,2,0,0,0,0
15,30,80 04:21:33.500,9,131-13339000000,NRCellCU,00007,9,4,0,0,0,0
16,30,80 04:21:33.500,9,131-13339000000,NRCellCU,00007,9,13,0,0,0,0
17,30,80 04:21:33.500,9,131-13339000000,NRCellCU,00020,9,5,0,0,18,0
18,30,80 04:21:33.500,9,131-13339000000,NRCellCU,00020,9,2,0,0,9,0
19,30,80 04:21:33.500,9,131-13339000000,NRCellCU,00020,9,12,0,0,0,0
20,30,80 04:21:33.500,9,131-13339000000,NRCellCU,00020,9,4,0,0,0,0
21,30,80 04:21:33.500,9,131-13339000000,NRCellCU,00020,9,8,0,0,0,0
22,30,80 04:21:33.500,9,131-13339000000,NRCellCU,00020,9,6,0,0,0,0
23,30,80 04:21:33.500,9,131-13339000000,NRCellCU,00020,9,11,0,0,0,0
24,30,80 04:21:33.500,9,131-13339000000,NRCellCU,00020,9,13,0,0,0,0
25,30,80 04:21:33.500,9,131-13339000000,NRCellCU,00032,9,3,0,0,9,0
26,30,80 04:21:33.500,9,131-13339000000,NRCellCU,00032,9,13,0,0,5,0
27,30,80 04:21:33.500,9,131-13339000000,NRCellCU,00032,9,5,0,0,3,0
28,30,80 04:21:33.500,9,131-13339000000,NRCellCU,00032,9,2,0,0,0,0
29,30,80 04:21:33.500,9,131-13339000000,NRCellCU,00032,9,14,0,0,0,0
30,30,80 04:21:33.500,9,131-13339000000,NRCellCU,00032,9,15,0,0,0,0
31,30,80 04:21:33.500,9,131-13339000000,NRCellCU,00032,9,10,0,0,0,0
32,30,80 04:21:33.500,9,131-13339000000,NRCellCU,00032,9,7,0,0,0,0
1,32,80 04:21:33.501,9,131-13339000000,NRCellCU,00020,9,2,0,0,24,0
2,32,80 04:21:33.501,9,131-13339000000,NRCellCU,00020,9,5,0,0,19,0
3,32,80 04:21:33.501,9,131-13339000000,NRCellCU,00020,9,6,0,0,0,0
4,32,80 04:21:33.501,9,131-13339000000,NRCellCU,00020,9,8,0,0,0,0
5,32,80 04:21:33.501,9,131-13339000000,NRCellCU,00020,9,11,0,0,0,0
6,32,80 04:21:33.501,9,131-13339000000,NRCellCU,00020,9,12,0,0,0,0
7,32,80 04:21:33.501,9,131-13339000000,NRCellCU,00020,9,4,0,0,0,0
8,32,80 04:21:33.501,9,131-13339000000,NRCellCU,00020,9,7,0,0,0,0
9,32,80 04:21:33.501,9,131-13339000000,NRCellCU,00032,9,13,0,0,1,0
10,32,80 04:21:33.501,9,131-13339000000,NRCellCU,00032,9,3,0,0,0,0
11,32,80 04:21:33.501,9,131-13339000000,NRCellCU,00032,9,5,0,0,0,0
12,32,80 04:21:33.501,9,131-13339000000,NRCellCU,00032,9,2,0,0,0,0
13,32,80 04:21:33.501,9,131-13339000000,NRCellCU,00032,9,10,0,0,0,0
14,32,80 04:21:33.501,9,131-13339000000,NRCellCU,00032,9,14,0,0,0,0
15,32,80 04:21:33.501,9,131-13339000000,NRCellCU,00032,9,15,0,0,0,0
16,32,80 04:21:33.501,9,131-13339000000,NRCellCU,00032,9,7,0,0,0,0
17,32,80 04:21:33.501,9,131-13339000000,NRCellCU,00010,9,6,0,0,15,0
18,32,80 04:21:33.501,9,131-13339000000,NRCellCU,00010,9,8,0,0,2,0
19,32,80 04:21:33.501,9,131-13339000000,NRCellCU,00010,9,14,0,0,0,0
20,32,80 04:21:33.501,9,131-13339000000,NRCellCU,00010,9,5,0,0,0,0
21,32,80 04:21:33.501,9,131-13339000000,NRCellCU,00010,9,4,0,0,0,0
22,32,80 04:21:33.501,9,131-13339000000,NRCellCU,00010,9,10,0,0,0,0
23,32,80 04:21:33.501,9,131-13339000000,NRCellCU,00010,9,2,0,0,0,0
24,32,80 04:21:33.501,9,131-13339000000,NRCellCU,00010,9,12,0,0,0,0
25,32,80 04:21:33.501,9,131-13339000000,NRCellCU,00007,9,6,0,0,28,0
26,32,80 04:21:33.501,9,131-13339000000,NRCellCU,00007,9,3,0,0,9,0
27,32,80 04:21:33.501,9,131-13339000000,NRCellCU,00007,9,5,0,0,0,0
28,32,80 04:21:33.501,9,131-13339000000,NRCellCU,00007,9,8,0,0,0,0
29,32,80 04:21:33.501,9,131-13339000000,NRCellCU,00007,9,14,0,0,0,0
30,32,80 04:21:33.501,9,131-13339000000,NRCellCU,00007,9,11,0,0,0,0
31,32,80 04:21:33.501,9,131-13339000000,NRCellCU,00007,9,2,0,0,0,0
32,32,80 04:21:33.501,9,131-13339000000,NRCellCU,00007,9,4,0,0,0,0
1,33,80 04:21:33.501,14,131-13331340000,NRCellCU,00023,14,6,0,0,16,0
2,33,80 04:21:33.501,14,131-13331340000,NRCellCU,00023,14,2,0,0,0,0
3,33,80 04:21:33.501,14,131-13331340000,NRCellCU,00023,14,10,0,0,0,0
4,33,80 04:21:33.501,14,131-13331340000,NRCellCU,00023,14,5,0,0,0,0
5,33,80 04:21:33.501,14,131-13331340000,NRCellCU,00023,14,8,0,0,0,0
6,33,80 04:21:33.501,14,131-13331340000,NRCellCU,00023,14,9,0,0,0,0
7,33,80 04:21:33.501,14,131-13331340000,NRCellCU,00023,14,15,0,0,0,0
8,33,80 04:21:33.501,14,131-13331340000,NRCellCU,00023,14,11,0,0,0,0
9,33,80 04:21:33.501,14,131-13331340000,NRCellCU,00024,14,6,0,0,18,0
10,33,80 04:21:33.501,14,131-13331340000,NRCellCU,00024,14,9,0,0,4,0
11,33,80 04:21:33.501,14,131-13331340000,NRCellCU,00024,14,5,0,0,0,0
12,33,80 04:21:33.501,14,131-13331340000,NRCellCU,00024,14,10,0,0,0,0
13,33,80 04:21:33.501,14,131-13331340000,NRCellCU,00024,14,15,0,0,0,0
14,33,80 04:21:33.501,14,131-13331340000,NRCellCU,00024,14,11,0,0,0,0
15,33,80 04:21:33.501,14,131-13331340000,NRCellCU,00024,14,2,0,0,0,0
16,33,80 04:21:33.501,14,131-13331340000,NRCellCU,00024,14,3,0,0,0,0
1,35,80 04:21:33.502,5,131-13335000000,NRCellCU,00067,5,13,0,0,17,0
2,35,80 04:21:33.502,5,131-13335000000,NRCellCU,00067,5,9,0,0,10,0
3,35,80 04:21:33.502,5,131-13335000000,NRCellCU,00067,5,8,0,0,8,0
4,35,80 04:21:33.502,5,131-13335000000,NRCellCU,00067,5,2,0,0,0,0
5,35,80 04:21:33.502,5,131-13335000000,NRCellCU,00067,5,6,0,0,0,0
6,35,80 04:21:33.502,5,131-13335000000,NRCellCU,00067,5,15,0,0,0,0
7,35,80 04:21:33.502,5,131-13335000000,NRCellCU,00067,5,11,0,0,0,0
8,35,80 04:21:33.502,5,131-13335000000,NRCellCU,00067,5,10,0,0,0,0
9,35,80 04:21:33.502,5,131-13335000000,NRCellCU,00030,5,13,0,0,15,0
10,35,80 04:21:33.502,5,131-13335000000,NRCellCU,00030,5,8,0,0,7,0
11,35,80 04:21:33.502,5,131-13335000000,NRCellCU,00030,5,9,0,0,6,0
12,35,80 04:21:33.502,5,131-13335000000,NRCellCU,00030,5,15,0,0,0,0
13,35,80 04:21:33.502,5,131-13335000000,NRCellCU,00030,5,3,0,0,0,0
14,35,80 04:21:33.502,5,131-13335000000,NRCellCU,00030,5,6,0,0,0,0
15,35,80 04:21:33.502,5,131-13335000000,NRCellCU,00030,5,7,0,0,0,0
16,35,80 04:21:33.502,5,131-13335000000,NRCellCU,00030,5,4,0,0,0,0
17,35,80 04:21:33.502,5,131-13335000000,NRCellCU,00070,5,8,0,0,9,0
18,35,80 04:21:33.502,5,131-13335000000,NRCellCU,00070,5,13,0,0,6,0
19,35,80 04:21:33.502,5,131-13335000000,NRCellCU,00070,5,9,0,0,0,0
20,35,80 04:21:33.502,5,131-13335000000,NRCellCU,00070,5,10,0,0,0,0
21,35,80 04:21:33.502,5,131-13335000000,NRCellCU,00070,5,14,0,0,0,0
22,35,80 04:21:33.502,5,131-13335000000,NRCellCU,00070,5,7,0,0,0,0
23,35,80 04:21:33.502,5,131-13335000000,NRCellCU,00070,5,4,0,0,0,0
24,35,80 04:21:33.502,5,131-13335000000,NRCellCU,00070,5,2,0,0,0,0
25,35,80 04:21:33.502,5,131-13335000000,NRCellCU,00003,5,3,0,0,14,0
26,35,80 04:21:33.502,5,131-13335000000,NRCellCU,00003,5,13,0,0,8,0
27,35,80 04:21:33.502,5,131-13335000000,NRCellCU,00003,5,8,0,0,6,0
28,35,80 04:21:33.502,5,131-13335000000,NRCellCU,00003,5,2,0,0,0,0
29,35,80 04:21:33.502,5,131-13335000000,NRCellCU,00003,5,12,0,0,0,0
30,35,80 04:21:33.502,5,131-13335000000,NRCellCU,00003,5,9,0,0,0,0
31,35,80 04:21:33.502,5,131-13335000000,NRCellCU,00003,5,15,0,0,0,0
32,35,80 04:21:33.502,5,131-13335000000,NRCellCU,00003,5,4,0,0,0,0
1,36,80 04:21:33.502,14,131-13331340000,NRCellCU,00024,14,6,0,0,35,0
2,36,80 04:21:33.502,14,131-13331340000,NRCellCU,00024,14,9,0,0,4,0
3,36,80 04:21:33.502,14,131-13331340000,NRCellCU,00024,14,5,0,0,0,0
4,36,80 04:21:33.502,14,131-13331340000,NRCellCU,00024,14,10,0,0,0,0
5,36,80 04:21:33.502,14,131-13331340000,NRCellCU,00024,14,15,0,0,0,0
6,36,80 04:21:33.502,14,131-13331340000,NRCellCU,00024,14,11,0,0,0,0
7,36,80 04:21:33.502,14,131-13331340000,NRCellCU,00024,14,2,0,0,0,0
8,36,80 04:21:33.502,14,131-13331340000,NRCellCU,00024,14,3,0,0,0,0
9,36,80 04:21:33.502,14,131-13331340000,NRCellCU,00023,14,6,0,0,9,0
10,36,80 04:21:33.502,14,131-13331340000,NRCellCU,00023,14,2,0,0,0,0
11,36,80 04:21:33.502,14,131-13331340000,NRCellCU,00023,14,5,0,0,0,0
12,36,80 04:21:33.502,14,131-13331340000,NRCellCU,00023,14,10,0,0,0,0
13,36,80 04:21:33.502,14,131-13331340000,NRCellCU,00023,14,11,0,0,0,0
14,36,80 04:21:33.502,14,131-13331340000,NRCellCU,00023,14,8,0,0,0,0
15,36,80 04:21:33.502,14,131-13331340000,NRCellCU,00023,14,15,0,0,0,0
16,36,80 04:21:33.502,14,131-13331340000,NRCellCU,00023,14,9,0,0,0,0
1,37,80 04:21:33.502,12,131-13331320000,NRCellCU,00061,12,7,0,0,6,0
2,37,80 04:21:33.502,12,131-13331320000,NRCellCU,00061,12,2,0,0,2,0
3,37,80 04:21:33.502,12,131-13331320000,NRCellCU,00061,12,10,0,0,1,0
4,37,80 04:21:33.502,12,131-13331320000,NRCellCU,00061,12,4,0,0,1,0
5,37,80 04:21:33.502,12,131-13331320000,NRCellCU,00061,12,11,0,0,0,0
6,37,80 04:21:33.502,12,131-13331320000,NRCellCU,00061,12,5,0,0,0,0
7,37,80 04:21:33.502,12,131-13331320000,NRCellCU,00061,12,14,0,0,0,0
8,37,80 04:21:33.502,12,131-13331320000,NRCellCU,00061,12,6,0,0,0,0
9,37,80 04:21:33.502,12,131-13331320000,NRCellCU,00019,12,4,0,0,10,0
10,37,80 04:21:33.502,12,131-13331320000,NRCellCU,00019,12,9,0,0,0,0
11,37,80 04:21:33.502,12,131-13331320000,NRCellCU,00019,12,11,0,0,0,0
12,37,80 04:21:33.502,12,131-13331320000,NRCellCU,00019,12,10,0,0,0,0
13,37,80 04:21:33.502,12,131-13331320000,NRCellCU,00019,12,5,0,0,0,0
14,37,80 04:21:33.502,12,131-13331320000,NRCellCU,00019,12,7,0,0,0,0
15,37,80 04:21:33.502,12,131-13331320000,NRCellCU,00019,12,15,0,0,0,0
16,37,80 04:21:33.502,12,131-13331320000,NRCellCU,00019,12,8,0,0,0,0
1,38,80 04:21:33.503,2,131-13332000000,NRCellCU,00049,2,4,0,0,20,0
2,38,80 04:21:33.503,2,131-13332000000,NRCellCU,00049,2,7,0,0,13,0
3,38,80 04:21:33.503,2,131-13332000000,NRCellCU,00049,2,12,0,0,0,0
4,38,80 04:21:33.503,2,131-13332000000,NRCellCU,00049,2,10,0,0,0,0
5,38,80 04:21:33.503,2,131-13332000000,NRCellCU,00049,2,11,0,0,0,0
6,38,80 04:21:33.503,2,131-13332000000,NRCellCU,00049,2,5,0,0,0,0
7,38,80 04:21:33.503,2,131-13332000000,NRCellCU,00049,2,8,0,0,0,0
8,38,80 04:21:33.503,2,131-13332000000,NRCellCU,00049,2,3,0,0,0,0
9,38,80 04:21:33.503,2,131-13332000000,NRCellCU,00006,2,6,0,0,9,0
10,38,80 04:21:33.503,2,131-13332000000,NRCellCU,00006,2,3,0,0,9,0
11,38,80 04:21:33.503,2,131-13332000000,NRCellCU,00006,2,4,0,0,9,0
12,38,80 04:21:33.503,2,131-13332000000,NRCellCU,00006,2,7,0,0,0,0
13,38,80 04:21:33.503,2,131-13332000000,NRCellCU,00006,2,15,0,0,0,0
14,38,80 04:21:33.503,2,131-13332000000,NRCellCU,00006,2,10,0,0,0,0
15,38,80 04:21:33.503,2,131-13332000000,NRCellCU,00006,2,12,0,0,0,0
16,38,80 04:21:33.503,2,131-13332000000,NRCellCU,00006,2,14,0,0,0,0
17,38,80 04:21:33.503,2,131-13332000000,NRCellCU,00040,2,4,0,0,0,0
18,38,80 04:21:33.503,2,131-13332000000,NRCellCU,00040,2,13,0,0,0,0
19,38,80 04:21:33.503,2,131-13332000000,NRCellCU,00040,2,3,0,0,0,0
20,38,80 04:21:33.503,2,131-13332000000,NRCellCU,00040,2,8,0,0,0,0
21,38,80 04:21:33.503,2,131-13332000000,NRCellCU,00040,2,10,0,0,0,0
22,38,80 04:21:33.503,2,131-13332000000,NRCellCU,00040,2,6,0,0,0,0
23,38,80 04:21:33.503,2,131-13332000000,NRCellCU,00040,2,11,0,0,0,0
24,38,80 04:21:33.503,2,131-13332000000,NRCellCU,00040,2,5,0,0,0,0
1,39,80 04:21:33.503,9,131-13339000000,NRCellCU,00020,9,3,0,0,23,0
2,39,80 04:21:33.503,9,131-13339000000,NRCellCU,00020,9,2,0,0,22,0
3,39,80 04:21:33.503,9,131-13339000000,NRCellCU,00020,9,5,0,0,16,0
4,39,80 04:21:33.503,9,131-13339000000,NRCellCU,00020,9,8,0,0,0,0
5,39,80 04:21:33.503,9,131-13339000000,NRCellCU,00020,9,13,0,0,0,0
6,39,80 04:21:33.503,9,131-13339000000,NRCellCU,00020,9,4,0,0,0,0
7,39,80 04:21:33.503,9,131-13339000000,NRCellCU,00020,9,6,0,0,0,0
8,39,80 04:21:33.503,9,131-13339000000,NRCellCU,00020,9,7,0,0,0,0
9,39,80 04:21:33.503,9,131-13339000000,NRCellCU,00007,9,6,0,0,17,0
10,39,80 04:21:33.503,9,131-13339000000,NRCellCU,00007,9,3,0,0,7,0
11,39,80 04:21:33.503,9,131-13339000000,NRCellCU,00007,9,8,0,0,0,0
12,39,80 04:21:33.503,9,131-13339000000,NRCellCU,00007,9,5,0,0,0,0
13,39,80 04:21:33.503,9,131-13339000000,NRCellCU,00007,9,14,0,0,0,0
14,39,80 04:21:33.503,9,131-13339000000,NRCellCU,00007,9,7,0,0,0,0
15,39,80 04:21:33.503,9,131-13339000000,NRCellCU,00007,9,11,0,0,0,0
16,39,80 04:21:33.503,9,131-13339000000,NRCellCU,00007,9,10,0,0,0,0
17,39,80 04:21:33.503,9,131-13339000000,NRCellCU,00010,9,6,0,0,8,0
18,39,80 04:21:33.503,9,131-13339000000,NRCellCU,00010,9,5,0,0,8,0
19,39,80 04:21:33.503,9,131-13339000000,NRCellCU,00010,9,8,0,0,1,0
20,39,80 04:21:33.503,9,131-13339000000,NRCellCU,00010,9,14,0,0,0,0
21,39,80 04:21:33.503,9,131-13339000000,NRCellCU,00010,9,13,0,0,0,0
22,39,80 04:21:33.503,9,131-13339000000,NRCellCU,00010,9,4,0,0,0,0
23,39,80 04:21:33.503,9,131-13339000000,NRCellCU,00010,9,12,0,0,0,0
24,39,80 04:21:33.503,9,131-13339000000,NRCellCU,00010,9,10,0,0,0,0
25,39,80 04:21:33.503,9,131-13339000000,NRCellCU,00032,9,13,0,0,3,0
26,39,80 04:21:33.503,9,131-13339000000,NRCellCU,00032,9,15,0,0,0,0
27,39,80 04:21:33.503,9,131-13339000000,NRCellCU,00032,9,3,0,0,0,0
28,39,80 04:21:33.503,9,131-13339000000,NRCellCU,00032,9,5,0,0,0,0
29,39,80 04:21:33.503,9,131-13339000000,NRCellCU,00032,9,7,0,0,0,0
30,39,80 04:21:33.503,9,131-13339000000,NRCellCU,00032,9,4,0,0,0,0
31,39,80 04:21:33.503,9,131-13339000000,NRCellCU,00032,9,10,0,0,0,0
32,39,80 04:21:33.503,9,131-13339000000,NRCellCU,00032,9,14,0,0,0,0
1,40,80 04:21:33.503,12,131-13331320000,NRCellCU,00061,12,10,0,0,9,0
2,40,80 04:21:33.503,12,131-13331320000,NRCellCU,00061,12,11,0,0,3,0
3,40,80 04:21:33.503,12,131-13331320000,NRCellCU,00061,12,2,0,0,2,0
4,40,80 04:21:33.503,12,131-13331320000,NRCellCU,00061,12,5,0,0,2,0
5,40,80 04:21:33.503,12,131-13331320000,NRCellCU,00061,12,4,0,0,0,0
6,40,80 04:21:33.503,12,131-13331320000,NRCellCU,00061,12,7,0,0,0,0
7,40,80 04:21:33.503,12,131-13331320000,NRCellCU,00061,12,9,0,0,0,0
8,40,80 04:21:33.503,12,131-13331320000,NRCellCU,00061,12,14,0,0,0,0
9,40,80 04:21:33.503,12,131-13331320000,NRCellCU,00019,12,4,0,0,11,0
10,40,80 04:21:33.503,12,131-13331320000,NRCellCU,00019,12,10,0,0,0,0
11,40,80 04:21:33.503,12,131-13331320000,NRCellCU,00019,12,15,0,0,0,0
12,40,80 04:21:33.503,12,131-13331320000,NRCellCU,00019,12,11,0,0,0,0
13,40,80 04:21:33.503,12,131-13331320000,NRCellCU,00019,12,5,0,0,0,0
14,40,80 04:21:33.503,12,131-13331320000,NRCellCU,00019,12,9,0,0,0,0
15,40,80 04:21:33.503,12,131-13331320000,NRCellCU,00019,12,7,0,0,0,0
16,40,80 04:21:33.503,12,131-13331320000,NRCellCU,00019,12,3,0,0,0,0
1,41,80 04:21:33.503,8,131-13338000000,NRCellCU,00038,8,13,0,0,14,0
2,41,80 04:21:33.503,8,131-13338000000,NRCellCU,00038,8,3,0,0,10,0
3,41,80 04:21:33.503,8,131-13338000000,NRCellCU,00038,8,5,0,0,0,0
4,41,80 04:21:33.503,8,131-13338000000,NRCellCU,00038,8,15,0,0,0,0
5,41,80 04:21:33.503,8,131-13338000000,NRCellCU,00038,8,4,0,0,0,0
6,41,80 04:21:33.503,8,131-13338000000,NRCellCU,00038,8,10,0,0,0,0
7,41,80 04:21:33.503,8,131-13338000000,NRCellCU,00038,8,2,0,0,0,0
8,41,80 04:21:33.503,8,131-13338000000,NRCellCU,00038,8,9,0,0,0,0
9,41,80 04:21:33.503,8,131-13338000000,NRCellCU,00021,8,11,0,0,19,0
10,41,80 04:21:33.503,8,131-13338000000,NRCellCU,00021,8,5,0,0,12,0
11,41,80 04:21:33.503,8,131-13338000000,NRCellCU,00021,8,2,0,0,0,0
12,41,80 04:21:33.503,8,131-13338000000,NRCellCU,00021,8,3,0,0,0,0
13,41,80 04:21:33.503,8,131-13338000000,NRCellCU,00021,8,13,0,0,0,0
14,41,80 04:21:33.503,8,131-13338000000,NRCellCU,00021,8,15,0,0,0,0
15,41,80 04:21:33.503,8,131-13338000000,NRCellCU,00021,8,4,0,0,0,0
16,41,80 04:21:33.503,8,131-13338000000,NRCellCU,00021,8,7,0,0,0,0
17,41,80 04:21:33.503,8,131-13338000000,NRCellCU,00045,8,11,0,0,17,0
18,41,80 04:21:33.503,8,131-13338000000,NRCellCU,00045,8,4,0,0,6,0
19,41,80 04:21:33.503,8,131-13338000000,NRCellCU,00045,8,3,0,0,4,0
20,41,80 04:21:33.503,8,131-13338000000,NRCellCU,00045,8,9,0,0,0,0
21,41,80 04:21:33.503,8,131-13338000000,NRCellCU,00045,8,2,0,0,0,0
22,41,80 04:21:33.503,8,131-13338000000,NRCellCU,00045,8,10,0,0,0,0
23,41,80 04:21:33.503,8,131-13338000000,NRCellCU,00045,8,13,0,0,0,0
24,41,80 04:21:33.503,8,131-13338000000,NRCellCU,00045,8,5,0,0,0,0
1,42,80 04:21:33.504,12,131-13331320000,NRCellCU,00019,12,4,0,0,19,0
2,42,80 04:21:33.504,12,131-13331320000,NRCellCU,00019,12,10,0,0,0,0
3,42,80 04:21:33.504,12,131-13331320000,NRCellCU,00019,12,5,0,0,0,0
4,42,80 04:21:33.504,12,131-13331320000,NRCellCU,00019,12,9,0,0,0,0
5,42,80 04:21:33.504,12,131-13331320000,NRCellCU,00019,12,11,0,0,0,0
6,42,80 04:21:33.504,12,131-13331320000,NRCellCU,00019,12,2,0,0,0,0
7,42,80 04:21:33.504,12,131-13331320000,NRCellCU,00019,12,7,0,0,0,0
8,42,80 04:21:33.504,12,131-13331320000,NRCellCU,00019,12,15,0,0,0,0
9,42,80 04:21:33.504,12,131-13331320000,NRCellCU,00061,12,5,0,0,3,0
10,42,80 04:21:33.504,12,131-13331320000,NRCellCU,00061,12,4,0,0,1,0
11,42,80 04:21:33.504,12,131-13331320000,NRCellCU,00061,12,11,0,0,0,0
12,42,80 04:21:33.504,12,131-13331320000,NRCellCU,00061,12,10,0,0,0,0
13,42,80 04:21:33.504,12,131-13331320000,NRCellCU,00061,12,2,0,0,0,0
14,42,80 04:21:33.504,12,131-13331320000,NRCellCU,00061,12,7,0,0,0,0
15,42,80 04:21:33.504,12,131-13331320000,NRCellCU,00061,12,14,0,0,0,0
16,42,80 04:21:33.504,12,131-13331320000,NRCellCU,00061,12,15,0,0,0,0
1,43,80 04:21:33.504,13,131-13331330000,NRCellCU,00014,13,5,0,0,3,0
2,43,80 04:21:33.504,13,131-13331330000,NRCellCU,00014,13,6,0,0,0,0
3,43,80 04:21:33.504,13,131-13331330000,NRCellCU,00014,13,3,0,0,0,0
4,43,80 04:21:33.504,13,131-13331330000,NRCellCU,00014,13,10,0,0,0,0
5,43,80 04:21:33.504,13,131-13331330000,NRCellCU,00014,13,11,0,0,0,0
6,43,80 04:21:33.504,13,131-13331330000,NRCellCU,00014,13,9,0,0,0,0
7,43,80 04:21:33.504,13,131-13331330000,NRCellCU,00014,13,15,0,0,0,0
8,43,80 04:21:33.504,13,131-13331330000,NRCellCU,00014,13,8,0,0,0,0
9,43,80 04:21:33.504,13,131-13331330000,NRCellCU,00005,13,5,0,0,15,0
10,43,80 04:21:33.504,13,131-13331330000,NRCellCU,00005,13,8,0,0,9,0
11,43,80 04:21:33.504,13,131-13331330000,NRCellCU,00005,13,3,0,0,0,0
12,43,80 04:21:33.504,13,131-13331330000,NRCellCU,00005,13,10,0,0,0,0
13,43,80 04:21:33.504,13,131-13331330000,NRCellCU,00005,13,2,0,0,0,0
14,43,80 04:21:33.504,13,131-13331330000,NRCellCU,00005,13,9,0,0,0,0
15,43,80 04:21:33.504,13,131-13331330000,NRCellCU,00005,13,14,0,0,0,0
16,43,80 04:21:33.504,13,131-13331330000,NRCellCU,00005,13,4,0,0,0,0
17,43,80 04:21:33.504,13,131-13331330000,NRCellCU,00066,13,5,0,0,23,0
18,43,80 04:21:33.504,13,131-13331330000,NRCellCU,00066,13,9,0,0,0,0
19,43,80 04:21:33.504,13,131-13331330000,NRCellCU,00066,13,6,0,0,0,0
20,43,80 04:21:33.504,13,131-13331330000,NRCellCU,00066,13,7,0,0,0,0
21,43,80 04:21:33.504,13,131-13331330000,NRCellCU,00066,13,8,0,0,0,0
22,43,80 04:21:33.504,13,131-13331330000,NRCellCU,00066,13,3,0,0,0,0
23,43,80 04:21:33.504,13,131-13331330000,NRCellCU,00066,13,10,0,0,0,0
24,43,80 04:21:33.504,13,131-13331330000,NRCellCU,00066,13,14,0,0,0,0
1,44,80 04:21:33.504,2,131-13332000000,NRCellCU,00040,2,4,0,0,4,0
2,44,80 04:21:33.504,2,131-13332000000,NRCellCU,00040,2,10,0,0,0,0
3,44,80 04:21:33.504,2,131-13332000000,NRCellCU,00040,2,13,0,0,0,0
4,44,80 04:21:33.504,2,131-13332000000,NRCellCU,00040,2,8,0,0,0,0
5,44,80 04:21:33.504,2,131-13332000000,NRCellCU,00040,2,11,0,0,0,0
6,44,80 04:21:33.504,2,131-13332000000,NRCellCU,00040,2,3,0,0,0,0
7,44,80 04:21:33.504,2,131-13332000000,NRCellCU,00040,2,6,0,0,0,0
8,44,80 04:21:33.504,2,131-13332000000,NRCellCU,00040,2,7,0,0,0,0
9,44,80 04:21:33.504,2,131-13332000000,NRCellCU,00049,2,7,0,0,17,0
10,44,80 04:21:33.504,2,131-13332000000,NRCellCU,00049,2,4,0,0,14,0
11,44,80 04:21:33.504,2,131-13332000000,NRCellCU,00049,2,12,0,0,4,0
12,44,80 04:21:33.504,2,131-13332000000,NRCellCU,00049,2,11,0,0,0,0
13,44,80 04:21:33.504,2,131-13332000000,NRCellCU,00049,2,10,0,0,0,0
14,44,80 04:21:33.504,2,131-13332000000,NRCellCU,00049,2,5,0,0,0,0
15,44,80 04:21:33.504,2,131-13332000000,NRCellCU,00049,2,6,0,0,0,0
16,44,80 04:21:33.504,2,131-13332000000,NRCellCU,00049,2,15,0,0,0,0
17,44,80 04:21:33.504,2,131-13332000000,NRCellCU,00006,2,4,0,0,10,0
18,44,80 04:21:33.504,2,131-13332000000,NRCellCU,00006,2,6,0,0,7,0
19,44,80 04:21:33.504,2,131-13332000000,NRCellCU,00006,2,3,0,0,1,0
20,44,80 04:21:33.504,2,131-13332000000,NRCellCU,00006,2,15,0,0,0,0
21,44,80 04:21:33.504,2,131-13332000000,NRCellCU,00006,2,7,0,0,0,0
22,44,80 04:21:33.504,2,131-13332000000,NRCellCU,00006,2,10,0,0,0,0
23,44,80 04:21:33.504,2,131-13332000000,NRCellCU,00006,2,12,0,0,0,0
24,44,80 04:21:33.504,2,131-13332000000,NRCellCU,00006,2,9,0,0,0,0
1,45,80 04:21:33.505,7,131-13337000000,NRCellCU,00018,7,4,0,0,20,0
2,45,80 04:21:33.505,7,131-13337000000,NRCellCU,00018,7,3,0,0,13,0
3,45,80 04:21:33.505,7,131-13337000000,NRCellCU,00018,7,8,0,0,0,0
4,45,80 04:21:33.505,7,131-13337000000,NRCellCU,00018,7,10,0,0,0,0
5,45,80 04:21:33.505,7,131-13337000000,NRCellCU,00018,7,9,0,0,0,0
6,45,80 04:21:33.505,7,131-13337000000,NRCellCU,00018,7,11,0,0,0,0
7,45,80 04:21:33.505,7,131-13337000000,NRCellCU,00018,7,2,0,0,0,0
8,45,80 04:21:33.505,7,131-13337000000,NRCellCU,00018,7,5,0,0,0,0
9,45,80 04:21:33.505,7,131-13337000000,NRCellCU,00016,7,15,0,0,11,0
10,45,80 04:21:33.505,7,131-13337000000,NRCellCU,00016,7,2,0,0,2,0
11,45,80 04:21:33.505,7,131-13337000000,NRCellCU,00016,7,12,0,0,0,0
12,45,80 04:21:33.505,7,131-13337000000,NRCellCU,00016,7,6,0,0,0,0
13,45,80 04:21:33.505,7,131-13337000000,NRCellCU,00016,7,10,0,0,0,0
14,45,80 04:21:33.505,7,131-13337000000,NRCellCU,00016,7,4,0,0,0,0
15,45,80 04:21:33.505,7,131-13337000000,NRCellCU,00016,7,8,0,0,0,0
16,45,80 04:21:33.505,7,131-13337000000,NRCellCU,00016,7,3,0,0,0,0
17,45,80 04:21:33.505,7,131-13337000000,NRCellCU,00012,7,3,0,0,16,0
18,45,80 04:21:33.505,7,131-13337000000,NRCellCU,00012,7,8,0,0,1,0
19,45,80 04:21:33.505,7,131-13337000000,NRCellCU,00012,7,11,0,0,0,0
20,45,80 04:21:33.505,7,131-13337000000,NRCellCU,00012,7,15,0,0,0,0
21,45,80 04:21:33.505,7,131-13337000000,NRCellCU,00012,7,2,0,0,0,0
22,45,80 04:21:33.505,7,131-13337000000,NRCellCU,00012,7,10,0,0,0,0
23,45,80 04:21:33.505,7,131-13337000000,NRCellCU,00012,7,9,0,0,0,0
24,45,80 04:21:33.505,7,131-13337000000,NRCellCU,00012,7,4,0,0,0,0
25,45,80 04:21:33.505,7,131-13337000000,NRCellCU,00001,7,4,0,0,4,0
26,45,80 04:21:33.505,7,131-13337000000,NRCellCU,00001,7,15,0,0,0,0
27,45,80 04:21:33.505,7,131-13337000000,NRCellCU,00001,7,12,0,0,0,0
28,45,80 04:21:33.505,7,131-13337000000,NRCellCU,00001,7,13,0,0,0,0
29,45,80 04:21:33.505,7,131-13337000000,NRCellCU,00001,7,3,0,0,0,0
30,45,80 04:21:33.505,7,131-13337000000,NRCellCU,00001,7,6,0,0,0,0
31,45,80 04:21:33.505,7,131-13337000000,NRCellCU,00001,7,11,0,0,0,0
32,45,80 04:21:33.505,7,131-13337000000,NRCellCU,00001,7,5,0,0,0,0
1,46,80 04:21:33.505,7,131-13337000000,NRCellCU,00018,7,4,0,0,25,0
2,46,80 04:21:33.505,7,131-13337000000,NRCellCU,00018,7,3,0,0,15,0
3,46,80 04:21:33.505,7,131-13337000000,NRCellCU,00018,7,8,0,0,8,0
4,46,80 04:21:33.505,7,131-13337000000,NRCellCU,00018,7,2,0,0,0,0
5,46,80 04:21:33.505,7,131-13337000000,NRCellCU,00018,7,9,0,0,0,0
6,46,80 04:21:33.505,7,131-13337000000,NRCellCU,00018,7,11,0,0,0,0
7,46,80 04:21:33.505,7,131-13337000000,NRCellCU,00018,7,14,0,0,0,0
8,46,80 04:21:33.505,7,131-13337000000,NRCellCU,00018,7,10,0,0,0,0
9,46,80 04:21:33.505,7,131-13337000000,NRCellCU,00001,7,15,0,0,5,0
10,46,80 04:21:33.505,7,131-13337000000,NRCellCU,00001,7,4,0,0,2,0
11,46,80 04:21:33.505,7,131-13337000000,NRCellCU,00001,7,12,0,0,0,0
12,46,80 04:21:33.505,7,131-13337000000,NRCellCU,00001,7,5,0,0,0,0
13,46,80 04:21:33.505,7,131-13337000000,NRCellCU,00001,7,13,0,0,0,0
14,46,80 04:21:33.505,7,131-13337000000,NRCellCU,00001,7,9,0,0,0,0
15,46,80 04:21:33.505,7,131-13337000000,NRCellCU,00001,7,6,0,0,0,0
16,46,80 04:21:33.505,7,131-13337000000,NRCellCU,00001,7,10,0,0,0,0
17,46,80 04:21:33.505,7,131-13337000000,NRCellCU,00016,7,15,0,0,8,0
18,46,80 04:21:33.505,7,131-13337000000,NRCellCU,00016,7,12,0,0,5,0
19,46,80 04:21:33.505,7,131-13337000000,NRCellCU,00016,7,2,0,0,3,0
20,46,80 04:21:33.505,7,131-13337000000,NRCellCU,00016,7,4,0,0,0,0
21,46,80 04:21:33.505,7,131-13337000000,NRCellCU,00016,7,6,0,0,0,0
22,46,80 04:21:33.505,7,131-13337000000,NRCellCU,00016,7,10,0,0,0,0
23,46,80 04:21:33.505,7,131-13337000000,NRCellCU,00016,7,8,0,0,0,0
24,46,80 04:21:33.505,7,131-13337000000,NRCellCU,00016,7,3,0,0,0,0
25,46,80 04:21:33.505,7,131-13337000000,NRCellCU,00012,7,3,0,0,12,0
26,46,80 04:21:33.505,7,131-13337000000,NRCellCU,00012,7,11,0,0,0,0
27,46,80 04:21:33.505,7,131-13337000000,NRCellCU,00012,7,15,0,0,0,0
28,46,80 04:21:33.505,7,131-13337000000,NRCellCU,00012,7,8,0,0,0,0
29,46,80 04:21:33.505,7,131-13337000000,NRCellCU,00012,7,2,0,0,0,0
30,46,80 04:21:33.505,7,131-13337000000,NRCellCU,00012,7,9,0,0,0,0
31,46,80 04:21:33.505,7,131-13337000000,NRCellCU,00012,7,10,0,0,0,0
32,46,80 04:21:33.505,7,131-13337000000,NRCellCU,00012,7,12,0,0,0,0
1,47,80 04:21:33.505,14,131-13331340000,NRCellCU,00024,14,6,0,0,26,0
2,47,80 04:21:33.505,14,131-13331340000,NRCellCU,00024,14,5,0,0,0,0
3,47,80 04:21:33.505,14,131-13331340000,NRCellCU,00024,14,9,0,0,0,0
4,47,80 04:21:33.505,14,131-13331340000,NRCellCU,00024,14,2,0,0,0,0
5,47,80 04:21:33.505,14,131-13331340000,NRCellCU,00024,14,15,0,0,0,0
6,47,80 04:21:33.505,14,131-13331340000,NRCellCU,00024,14,3,0,0,0,0
7,47,80 04:21:33.505,14,131-13331340000,NRCellCU,00024,14,11,0,0,0,0
8,47,80 04:21:33.505,14,131-13331340000,NRCellCU,00024,14,10,0,0,0,0
9,47,80 04:21:33.505,14,131-13331340000,NRCellCU,00023,14,6,0,0,5,0
10,47,80 04:21:33.505,14,131-13331340000,NRCellCU,00023,14,5,0,0,3,0
11,47,80 04:21:33.505,14,131-13331340000,NRCellCU,00023,14,2,0,0,0,0
12,47,80 04:21:33.505,14,131-13331340000,NRCellCU,00023,14,10,0,0,0,0
13,47,80 04:21:33.505,14,131-13331340000,NRCellCU,00023,14,8,0,0,0,0
14,47,80 04:21:33.505,14,131-13331340000,NRCellCU,00023,14,11,0,0,0,0
15,47,80 04:21:33.505,14,131-13331340000,NRCellCU,00023,14,9,0,0,0,0
16,47,80 04:21:33.505,14,131-13331340000,NRCellCU,00023,14,12,0,0,0,0
1,48,80 04:21:33.505,13,131-13331330000,NRCellCU,00005,13,8,0,0,18,0
2,48,80 04:21:33.505,13,131-13331330000,NRCellCU,00005,13,5,0,0,17,0
3,48,80 04:21:33.505,13,131-13331330000,NRCellCU,00005,13,9,0,0,0,0
4,48,80 04:21:33.505,13,131-13331330000,NRCellCU,00005,13,3,0,0,0,0
5,48,80 04:21:33.505,13,131-13331330000,NRCellCU,00005,13,2,0,0,0,0
6,48,80 04:21:33.505,13,131-13331330000,NRCellCU,00005,13,4,0,0,0,0
7,48,80 04:21:33.505,13,131-13331330000,NRCellCU,00005,13,10,0,0,0,0
8,48,80 04:21:33.505,13,131-13331330000,NRCellCU,00005,13,14,0,0,0,0
9,48,80 04:21:33.505,13,131-13331330000,NRCellCU,00066,13,5,0,0,30,0
10,48,80 04:21:33.505,13,131-13331330000,NRCellCU,00066,13,9,0,0,1,0
11,48,80 04:21:33.505,13,131-13331330000,NRCellCU,00066,13,6,0,0,0,0
12,48,80 04:21:33.505,13,131-13331330000,NRCellCU,00066,13,8,0,0,0,0
13,48,80 04:21:33.505,13,131-13331330000,NRCellCU,00066,13,10,0,0,0,0
14,48,80 04:21:33.505,13,131-13331330000,NRCellCU,00066,13,3,0,0,0,0
15,48,80 04:21:33.505,13,131-13331330000,NRCellCU,00066,13,7,0,0,0,0
16,48,80 04:21:33.505,13,131-13331330000,NRCellCU,00066,13,14,0,0,0,0
17,48,80 04:21:33.505,13,131-13331330000,NRCellCU,00014,13,5,0,0,8,0
18,48,80 04:21:33.505,13,131-13331330000,NRCellCU,00014,13,3,0,0,0,0
19,48,80 04:21:33.505,13,131-13331330000,NRCellCU,00014,13,9,0,0,0,0
20,48,80 04:21:33.505,13,131-13331330000,NRCellCU,00014,13,8,0,0,0,0
21,48,80 04:21:33.505,13,131-13331330000,NRCellCU,00014,13,10,0,0,0,0
22,48,80 04:21:33.505,13,131-13331330000,NRCellCU,00014,13,11,0,0,0,0
23,48,80 04:21:33.505,13,131-13331330000,NRCellCU,00014,13,15,0,0,0,0
24,48,80 04:21:33.505,13,131-13331330000,NRCellCU,00014,13,6,0,0,0,0
1,50,80 04:21:33.506,13,131-13331330000,NRCellCU,00005,13,5,0,0,16,0
2,50,80 04:21:33.506,13,131-13331330000,NRCellCU,00005,13,8,0,0,12,0
3,50,80 04:21:33.506,13,131-13331330000,NRCellCU,00005,13,3,0,0,0,0
4,50,80 04:21:33.506,13,131-13331330000,NRCellCU,00005,13,9,0,0,0,0
5,50,80 04:21:33.506,13,131-13331330000,NRCellCU,00005,13,11,0,0,0,0
6,50,80 04:21:33.506,13,131-13331330000,NRCellCU,00005,13,4,0,0,0,0
7,50,80 04:21:33.506,13,131-13331330000,NRCellCU,00005,13,10,0,0,0,0
8,50,80 04:21:33.506,13,131-13331330000,NRCellCU,00005,13,2,0,0,0,0
9,50,80 04:21:33.506,13,131-13331330000,NRCellCU,00014,13,5,0,0,5,0
10,50,80 04:21:33.506,13,131-13331330000,NRCellCU,00014,13,9,0,0,0,0
11,50,80 04:21:33.506,13,131-13331330000,NRCellCU,00014,13,8,0,0,0,0
12,50,80 04:21:33.506,13,131-13331330000,NRCellCU,00014,13,3,0,0,0,0
13,50,80 04:21:33.506,13,131-13331330000,NRCellCU,00014,13,6,0,0,0,0
14,50,80 04:21:33.506,13,131-13331330000,NRCellCU,00014,13,11,0,0,0,0
15,50,80 04:21:33.506,13,131-13331330000,NRCellCU,00014,13,10,0,0,0,0
16,50,80 04:21:33.506,13,131-13331330000,NRCellCU,00014,13,15,0,0,0,0
17,50,80 04:21:33.506,13,131-13331330000,NRCellCU,00066,13,5,0,0,40,0
18,50,80 04:21:33.506,13,131-13331330000,NRCellCU,00066,13,9,0,0,8,0
19,50,80 04:21:33.506,13,131-13331330000,NRCellCU,00066,13,6,0,0,0,0
20,50,80 04:21:33.506,13,131-13331330000,NRCellCU,00066,13,8,0,0,0,0
21,50,80 04:21:33.506,13,131-13331330000,NRCellCU,00066,13,3,0,0,0,0
22,50,80 04:21:33.506,13,131-13331330000,NRCellCU,00066,13,7,0,0,0,0
23,50,80 04:21:33.506,13,131-13331330000,NRCellCU,00066,13,12,0,0,0,0
24,50,80 04:21:33.506,13,131-13331330000,NRCellCU,00066,13,10,0,0,0,0
1,52,80 04:21:33.507,12,131-13331320000,NRCellCU,00061,12,7,0,0,3,0
2,52,80 04:21:33.507,12,131-13331320000,NRCellCU,00061,12,10,0,0,2,0
3,52,80 04:21:33.507,12,131-13331320000,NRCellCU,00061,12,5,0,0,1,0
4,52,80 04:21:33.507,12,131-13331320000,NRCellCU,00061,12,2,0,0,0,0
5,52,80 04:21:33.507,12,131-13331320000,NRCellCU,00061,12,4,0,0,0,0
6,52,80 04:21:33.507,12,131-13331320000,NRCellCU,00061,12,11,0,0,0,0
7,52,80 04:21:33.507,12,131-13331320000,NRCellCU,00061,12,14,0,0,0,0
8,52,80 04:21:33.507,12,131-13331320000,NRCellCU,00061,12,15,0,0,0,0
9,52,80 04:21:33.507,12,131-13331320000,NRCellCU,00019,12,4,0,0,16,0
10,52,80 04:21:33.507,12,131-13331320000,NRCellCU,00019,12,10,0,0,4,0
11,52,80 04:21:33.507,12,131-13331320000,NRCellCU,00019,12,9,0,0,0,0
12,52,80 04:21:33.507,12,131-13331320000,NRCellCU,00019,12,7,0,0,0,0
13,52,80 04:21:33.507,12,131-13331320000,NRCellCU,00019,12,2,0,0,0,0
14,52,80 04:21:33.507,12,131-13331320000,NRCellCU,00019,12,11,0,0,0,0
15,52,80 04:21:33.507,12,131-13331320000,NRCellCU,00019,12,3,0,0,0,0
16,52,80 04:21:33.507,12,131-13331320000,NRCellCU,00019,12,15,0,0,0,0
1,53,80 04:21:33.507,14,131-13331340000,NRCellCU,00024,14,6,0,0,33,0
2,53,80 04:21:33.507,14,131-13331340000,NRCellCU,00024,14,9,0,0,1,0
3,53,80 04:21:33.507,14,131-13331340000,NRCellCU,00024,14,2,0,0,0,0
4,53,80 04:21:33.507,14,131-13331340000,NRCellCU,00024,14,5,0,0,0,0
5,53,80 04:21:33.507,14,131-13331340000,NRCellCU,00024,14,15,0,0,0,0
6,53,80 04:21:33.507,14,131-13331340000,NRCellCU,00024,14,11,0,0,0,0
7,53,80 04:21:33.507,14,131-13331340000,NRCellCU,00024,14,3,0,0,0,0
8,53,80 04:21:33.507,14,131-13331340000,NRCellCU,00024,14,10,0,0,0,0
9,53,80 04:21:33.507,14,131-13331340000,NRCellCU,00023,14,6,0,0,13,0
10,53,80 04:21:33.507,14,131-13331340000,NRCellCU,00023,14,2,0,0,0,0
11,53,80 04:21:33.507,14,131-13331340000,NRCellCU,00023,14,10,0,0,0,0
12,53,80 04:21:33.507,14,131-13331340000,NRCellCU,00023,14,5,0,0,0,0
13,53,80 04:21:33.507,14,131-13331340000,NRCellCU,00023,14,8,0,0,0,0
14,53,80 04:21:33.507,14,131-13331340000,NRCellCU,00023,14,9,0,0,0,0
15,53,80 04:21:33.507,14,131-13331340000,NRCellCU,00023,14,11,0,0,0,0
16,53,80 04:21:33.507,14,131-13331340000,NRCellCU,00023,14,15,0,0,0,0
1,54,80 04:21:33.507,12,131-13331320000,NRCellCU,00019,12,4,0,0,18,0
2,54,80 04:21:33.507,12,131-13331320000,NRCellCU,00019,12,10,0,0,0,0
3,54,80 04:21:33.507,12,131-13331320000,NRCellCU,00019,12,11,0,0,0,0
4,54,80 04:21:33.507,12,131-13331320000,NRCellCU,00019,12,3,0,0,0,0
5,54,80 04:21:33.507,12,131-13331320000,NRCellCU,00019,12,7,0,0,0,0
6,54,80 04:21:33.507,12,131-13331320000,NRCellCU,00019,12,9,0,0,0,0
7,54,80 04:21:33.507,12,131-13331320000,NRCellCU,00019,12,15,0,0,0,0
8,54,80 04:21:33.507,12,131-13331320000,NRCellCU,00019,12,14,0,0,0,0
9,54,80 04:21:33.507,12,131-13331320000,NRCellCU,00061,12,5,0,0,11,0
10,54,80 04:21:33.507,12,131-13331320000,NRCellCU,00061,12,10,0,0,5,0
11,54,80 04:21:33.507,12,131-13331320000,NRCellCU,00061,12,7,0,0,0,0
12,54,80 04:21:33.507,12,131-13331320000,NRCellCU,00061,12,2,0,0,0,0
13,54,80 04:21:33.507,12,131-13331320000,NRCellCU,00061,12,11,0,0,0,0
14,54,80 04:21:33.507,12,131-13331320000,NRCellCU,00061,12,4,0,0,0,0
15,54,80 04:21:33.507,12,131-13331320000,NRCellCU,00061,12,15,0,0,0,0
16,54,80 04:21:33.507,12,131-13331320000,NRCellCU,00061,12,14,0,0,0,0
1,55,80 04:21:33.508,13,131-13331330000,NRCellCU,00014,13,5,0,0,10,0
2,55,80 04:21:33.508,13,131-13331330000,NRCellCU,00014,13,8,0,0,0,0
3,55,80 04:21:33.508,13,131-13331330000,NRCellCU,00014,13,10,0,0,0,0
4,55,80 04:21:33.508,13,131-13331330000,NRCellCU,00014,13,9,0,0,0,0
5,55,80 04:21:33.508,13,131-13331330000,NRCellCU,00014,13,2,0,0,0,0
6,55,80 04:21:33.508,13,131-13331330000,NRCellCU,00014,13,3,0,0,0,0
7,55,80 04:21:33.508,13,131-13331330000,NRCellCU,00014,13,6,0,0,0,0
8,55,80 04:21:33.508,13,131-13331330000,NRCellCU,00014,13,14,0,0,0,0
9,55,80 04:21:33.508,13,131-13331330000,NRCellCU,00005,13,8,0,0,14,0
10,55,80 04:21:33.508,13,131-13331330000,NRCellCU,00005,13,5,0,0,12,0
11,55,80 04:21:33.508,13,131-13331330000,NRCellCU,00005,13,3,0,0,0,0
12,55,80 04:21:33.508,13,131-13331330000,NRCellCU,00005,13,14,0,0,0,0
13,55,80 04:21:33.508,13,131-13331330000,NRCellCU,00005,13,9,0,0,0,0
14,55,80 04:21:33.508,13,131-13331330000,NRCellCU,00005,13,11,0,0,0,0
15,55,80 04:21:33.508,13,131-13331330000,NRCellCU,00005,13,2,0,0,0,0
16,55,80 04:21:33.508,13,131-13331330000,NRCellCU,00005,13,10,0,0,0,0
1,56,80 04:21:33.509,2,131-13332000000,NRCellCU,00049,2,7,0,0,23,0
2,56,80 04:21:33.509,2,131-13332000000,NRCellCU,00049,2,3,0,0,18,0
3,56,80 04:21:33.509,2,131-13332000000,NRCellCU,00049,2,4,0,0,15,0
4,56,80 04:21:33.509,2,131-13332000000,NRCellCU,00049,2,12,0,0,0,0
5,56,80 04:21:33.509,2,131-13332000000,NRCellCU,00049,2,6,0,0,0,0
6,56,80 04:21:33.509,2,131-13332000000,NRCellCU,00049,2,15,0,0,0,0
7,56,80 04:21:33.509,2,131-13332000000,NRCellCU,00049,2,10,0,0,0,0
8,56,80 04:21:33.509,2,131-13332000000,NRCellCU,00049,2,8,0,0,0,0
9,56,80 04:21:33.509,2,131-13332000000,NRCellCU,00006,2,6,0,0,12,0
10,56,80 04:21:33.509,2,131-13332000000,NRCellCU,00006,2,4,0,0,5,0
11,56,80 04:21:33.509,2,131-13332000000,NRCellCU,00006,2,3,0,0,1,0
12,56,80 04:21:33.509,2,131-13332000000,NRCellCU,00006,2,15,0,0,0,0
13,56,80 04:21:33.509,2,131-13332000000,NRCellCU,00006,2,5,0,0,0,0
14,56,80 04:21:33.509,2,131-13332000000,NRCellCU,00006,2,10,0,0,0,0
15,56,80 04:21:33.509,2,131-13332000000,NRCellCU,00006,2,7,0,0,0,0
16,56,80 04:21:33.509,2,131-13332000000,NRCellCU,00006,2,11,0,0,0,0
17,56,80 04:21:33.509,2,131-13332000000,NRCellCU,00022,2,4,0,0,29,0
18,56,80 04:21:33.509,2,131-13332000000,NRCellCU,00022,2,10,0,0,8,0
19,56,80 04:21:33.509,2,131-13332000000,NRCellCU,00022,2,7,0,0,7,0
20,56,80 04:21:33.509,2,131-13332000000,NRCellCU,00022,2,8,0,0,0,0
21,56,80 04:21:33.509,2,131-13332000000,NRCellCU,00022,2,11,0,0,0,0
22,56,80 04:21:33.509,2,131-13332000000,NRCellCU,00022,2,3,0,0,0,0
23,56,80 04:21:33.509,2,131-13332000000,NRCellCU,00022,2,5,0,0,0,0
24,56,80 04:21:33.509,2,131-13332000000,NRCellCU,00022,2,6,0,0,0,0
25,56,80 04:21:33.509,2,131-13332000000,NRCellCU,00040,2,13,0,0,0,0
26,56,80 04:21:33.509,2,131-13332000000,NRCellCU,00040,2,10,0,0,0,0
27,56,80 04:21:33.509,2,131-13332000000,NRCellCU,00040,2,4,0,0,0,0
28,56,80 04:21:33.509,2,131-13332000000,NRCellCU,00040,2,5,0,0,0,0
29,56,80 04:21:33.509,2,131-13332000000,NRCellCU,00040,2,11,0,0,0,0
30,56,80 04:21:33.509,2,131-13332000000,NRCellCU,00040,2,6,0,0,0,0
31,56,80 04:21:33.509,2,131-13332000000,NRCellCU,00040,2,8,0,0,0,0
32,56,80 04:21:33.509,2,131-13332000000,NRCellCU,00040,2,7,0,0,0,0
1,59,80 04:21:33.510,13,131-13331330000,NRCellCU,00014,13,5,0,0,20,0
2,59,80 04:21:33.510,13,131-13331330000,NRCellCU,00014,13,9,0,0,0,0
3,59,80 04:21:33.510,13,131-13331330000,NRCellCU,00014,13,8,0,0,0,0
4,59,80 04:21:33.510,13,131-13331330000,NRCellCU,00014,13,10,0,0,0,0
5,59,80 04:21:33.510,13,131-13331330000,NRCellCU,00014,13,3,0,0,0,0
6,59,80 04:21:33.510,13,131-13331330000,NRCellCU,00014,13,2,0,0,0,0
7,59,80 04:21:33.510,13,131-13331330000,NRCellCU,00014,13,6,0,0,0,0
8,59,80 04:21:33.510,13,131-13331330000,NRCellCU,00014,13,4,0,0,0,0
9,59,80 04:21:33.510,13,131-13331330000,NRCellCU,00060,13,9,0,0,8,0
10,59,80 04:21:33.510,13,131-13331330000,NRCellCU,00060,13,6,0,0,7,0
11,59,80 04:21:33.510,13,131-13331330000,NRCellCU,00060,13,5,0,0,0,0
12,59,80 04:21:33.510,13,131-13331330000,NRCellCU,00060,13,3,0,0,0,0
13,59,80 04:21:33.510,13,131-13331330000,NRCellCU,00060,13,2,0,0,0,0
14,59,80 04:21:33.510,13,131-13331330000,NRCellCU,00060,13,8,0,0,0,0
15,59,80 04:21:33.510,13,131-13331330000,NRCellCU,00060,13,14,0,0,0,0
16,59,80 04:21:33.510,13,131-13331330000,NRCellCU,00060,13,10,0,0,0,0
17,59,80 04:21:33.510,13,131-13331330000,NRCellCU,00005,13,8,0,0,24,0
18,59,80 04:21:33.510,13,131-13331330000,NRCellCU,00005,13,5,0,0,13,0
19,59,80 04:21:33.510,13,131-13331330000,NRCellCU,00005,13,6,0,0,2,0
20,59,80 04:21:33.510,13,131-13331330000,NRCellCU,00005,13,3,0,0,0,0
21,59,80 04:21:33.510,13,131-13331330000,NRCellCU,00005,13,14,0,0,0,0
22,59,80 04:21:33.510,13,131-13331330000,NRCellCU,00005,13,9,0,0,0,0
23,59,80 04:21:33.510,13,131-13331330000,NRCellCU,00005,13,2,0,0,0,0
24,59,80 04:21:33.510,13,131-13331330000,NRCellCU,00005,13,4,0,0,0,0
1,60,80 04:21:33.510,9,131-13339000000,NRCellCU,00010,9,5,0,0,12,0
2,60,80 04:21:33.510,9,131-13339000000,NRCellCU,00010,9,8,0,0,7,0
3,60,80 04:21:33.510,9,131-13339000000,NRCellCU,00010,9,6,0,0,0,0
4,60,80 04:21:33.510,9,131-13339000000,NRCellCU,00010,9,10,0,0,0,0
5,60,80 04:21:33.510,9,131-13339000000,NRCellCU,00010,9,14,0,0,0,0
6,60,80 04:21:33.510,9,131-13339000000,NRCellCU,00010,9,13,0,0,0,0
7,60,80 04:21:33.510,9,131-13339000000,NRCellCU,00010,9,12,0,0,0,0
8,60,80 04:21:33.510,9,131-13339000000,NRCellCU,00010,9,4,0,0,0,0
9,60,80 04:21:33.510,9,131-13339000000,NRCellCU,00057,9,6,0,0,28,0
10,60,80 04:21:33.510,9,131-13339000000,NRCellCU,00057,9,10,0,0,19,0
11,60,80 04:21:33.510,9,131-13339000000,NRCellCU,00057,9,5,0,0,10,0
12,60,80 04:21:33.510,9,131-13339000000,NRCellCU,00057,9,4,0,0,0,0
13,60,80 04:21:33.510,9,131-13339000000,NRCellCU,00057,9,3,0,0,0,0
14,60,80 04:21:33.510,9,131-13339000000,NRCellCU,00057,9,14,0,0,0,0
15,60,80 04:21:33.510,9,131-13339000000,NRCellCU,00057,9,7,0,0,0,0
16,60,80 04:21:33.510,9,131-13339000000,NRCellCU,00057,9,12,0,0,0,0
17,60,80 04:21:33.510,9,131-13339000000,NRCellCU,00007,9,6,0,0,28,0
18,60,80 04:21:33.510,9,131-13339000000,NRCellCU,00007,9,3,0,0,4,0
19,60,80 04:21:33.510,9,131-13339000000,NRCellCU,00007,9,5,0,0,0,0
20,60,80 04:21:33.510,9,131-13339000000,NRCellCU,00007,9,13,0,0,0,0
21,60,80 04:21:33.510,9,131-13339000000,NRCellCU,00007,9,2,0,0,0,0
22,60,80 04:21:33.510,9,131-13339000000,NRCellCU,00007,9,14,0,0,0,0
23,60,80 04:21:33.510,9,131-13339000000,NRCellCU,00007,9,4,0,0,0,0
24,60,80 04:21:33.510,9,131-13339000000,NRCellCU,00007,9,8,0,0,0,0
25,60,80 04:21:33.510,9,131-13339000000,NRCellCU,00020,9,5,0,0,21,0
26,60,80 04:21:33.510,9,131-13339000000,NRCellCU,00020,9,2,0,0,13,0
27,60,80 04:21:33.510,9,131-13339000000,NRCellCU,00020,9,13,0,0,0,0
28,60,80 04:21:33.510,9,131-13339000000,NRCellCU,00020,9,8,0,0,0,0
29,60,80 04:21:33.510,9,131-13339000000,NRCellCU,00020,9,6,0,0,0,0
30,60,80 04:21:33.510,9,131-13339000000,NRCellCU,00020,9,4,0,0,0,0
31,60,80 04:21:33.510,9,131-13339000000,NRCellCU,00020,9,11,0,0,0,0
32,60,80 04:21:33.510,9,131-13339000000,NRCellCU,00020,9,12,0,0,0,0
1,61,80 04:21:33.510,13,131-13331330000,NRCellCU,00005,13,8,0,0,24,0
2,61,80 04:21:33.510,13,131-13331330000,NRCellCU,00005,13,5,0,0,6,0
3,61,80 04:21:33.510,13,131-13331330000,NRCellCU,00005,13,3,0,0,0,0
4,61,80 04:21:33.510,13,131-13331330000,NRCellCU,00005,13,6,0,0,0,0
5,61,80 04:21:33.510,13,131-13331330000,NRCellCU,00005,13,14,0,0,0,0
6,61,80 04:21:33.510,13,131-13331330000,NRCellCU,00005,13,9,0,0,0,0
7,61,80 04:21:33.510,13,131-13331330000,NRCellCU,00005,13,2,0,0,0,0
8,61,80 04:21:33.510,13,131-13331330000,NRCellCU,00005,13,4,0,0,0,0
9,61,80 04:21:33.510,13,131-13331330000,NRCellCU,00014,13,5,0,0,17,0
10,61,80 04:21:33.510,13,131-13331330000,NRCellCU,00014,13,10,0,0,0,0
11,61,80 04:21:33.510,13,131-13331330000,NRCellCU,00014,13,9,0,0,0,0
12,61,80 04:21:33.510,13,131-13331330000,NRCellCU,00014,13,2,0,0,0,0
13,61,80 04:21:33.510,13,131-13331330000,NRCellCU,00014,13,8,0,0,0,0
14,61,80 04:21:33.510,13,131-13331330000,NRCellCU,00014,13,11,0,0,0,0
15,61,80 04:21:33.510,13,131-13331330000,NRCellCU,00014,13,3,0,0,0,0
16,61,80 04:21:33.510,13,131-13331330000,NRCellCU,00014,13,6,0,0,0,0
17,61,80 04:21:33.510,13,131-13331330000,NRCellCU,00060,13,9,0,0,4,0
18,61,80 04:21:33.510,13,131-13331330000,NRCellCU,00060,13,6,0,0,3,0
19,61,80 04:21:33.510,13,131-13331330000,NRCellCU,00060,13,5,0,0,0,0
20,61,80 04:21:33.510,13,131-13331330000,NRCellCU,00060,13,2,0,0,0,0
21,61,80 04:21:33.510,13,131-13331330000,NRCellCU,00060,13,3,0,0,0,0
22,61,80 04:21:33.510,13,131-13331330000,NRCellCU,00060,13,14,0,0,0,0
23,61,80 04:21:33.510,13,131-13331330000,NRCellCU,00060,13,8,0,0,0,0
24,61,80 04:21:33.510,13,131-13331330000,NRCellCU,00060,13,10,0,0,0,0
1,62,80 04:21:33.510,2,131-13332000000,NRCellCU,00022,2,4,0,0,19,0
2,62,80 04:21:33.510,2,131-13332000000,NRCellCU,00022,2,10,0,0,12,0
3,62,80 04:21:33.510,2,131-13332000000,NRCellCU,00022,2,7,0,0,1,0
4,62,80 04:21:33.510,2,131-13332000000,NRCellCU,00022,2,3,0,0,0,0
5,62,80 04:21:33.510,2,131-13332000000,NRCellCU,00022,2,8,0,0,0,0
6,62,80 04:21:33.510,2,131-13332000000,NRCellCU,00022,2,6,0,0,0,0
7,62,80 04:21:33.510,2,131-13332000000,NRCellCU,00022,2,15,0,0,0,0
8,62,80 04:21:33.510,2,131-13332000000,NRCellCU,00022,2,12,0,0,0,0
9,62,80 04:21:33.510,2,131-13332000000,NRCellCU,00006,2,6,0,0,7,0
10,62,80 04:21:33.510,2,131-13332000000,NRCellCU,00006,2,15,0,0,6,0
11,62,80 04:21:33.510,2,131-13332000000,NRCellCU,00006,2,3,0,0,5,0
12,62,80 04:21:33.510,2,131-13332000000,NRCellCU,00006,2,4,0,0,1,0
13,62,80 04:21:33.510,2,131-13332000000,NRCellCU,00006,2,10,0,0,0,0
14,62,80 04:21:33.510,2,131-13332000000,NRCellCU,00006,2,5,0,0,0,0
15,62,80 04:21:33.510,2,131-13332000000,NRCellCU,00006,2,11,0,0,0,0
16,62,80 04:21:33.510,2,131-13332000000,NRCellCU,00006,2,12,0,0,0,0
17,62,80 04:21:33.510,2,131-13332000000,NRCellCU,00040,2,10,0,0,0,0
18,62,80 04:21:33.510,2,131-13332000000,NRCellCU,00040,2,11,0,0,0,0
19,62,80 04:21:33.510,2,131-13332000000,NRCellCU,00040,2,8,0,0,0,0
20,62,80 04:21:33.510,2,131-13332000000,NRCellCU,00040,2,15,0,0,0,0
21,62,80 04:21:33.510,2,131-13332000000,NRCellCU,00040,2,5,0,0,0,0
22,62,80 04:21:33.510,2,131-13332000000,NRCellCU,00040,2,4,0,0,0,0
23,62,80 04:21:33.510,2,131-13332000000,NRCellCU,00040,2,7,0,0,0,0
24,62,80 04:21:33.510,2,131-13332000000,NRCellCU,00040,2,9,0,0,0,0
1,64,80 04:21:33.511,11,131-13331310000,NRCellCU,00045,11,8,0,0,25,0
2,64,80 04:21:33.511,11,131-13331310000,NRCellCU,00045,11,3,0,0,18,0
3,64,80 04:21:33.511,11,131-13331310000,NRCellCU,00045,11,6,0,0,0,0
4,64,80 04:21:33.511,11,131-13331310000,NRCellCU,00045,11,9,0,0,0,0
5,64,80 04:21:33.511,11,131-13331310000,NRCellCU,00045,11,2,0,0,0,0
6,64,80 04:21:33.511,11,131-13331310000,NRCellCU,00045,11,10,0,0,0,0
7,64,80 04:21:33.511,11,131-13331310000,NRCellCU,00045,11,5,0,0,0,0
8,64,80 04:21:33.511,11,131-13331310000,NRCellCU,00045,11,7,0,0,0,0
1,65,80 04:21:33.511,12,131-13331320000,NRCellCU,00019,12,4,0,0,11,0
2,65,80 04:21:33.511,12,131-13331320000,NRCellCU,00019,12,10,0,0,1,0
3,65,80 04:21:33.511,12,131-13331320000,NRCellCU,00019,12,9,0,0,0,0
4,65,80 04:21:33.511,12,131-13331320000,NRCellCU,00019,12,7,0,0,0,0
5,65,80 04:21:33.511,12,131-13331320000,NRCellCU,00019,12,3,0,0,0,0
6,65,80 04:21:33.511,12,131-13331320000,NRCellCU,00019,12,11,0,0,0,0
7,65,80 04:21:33.511,12,131-13331320000,NRCellCU,00019,12,2,0,0,0,0
8,65,80 04:21:33.511,12,131-13331320000,NRCellCU,00019,12,15,0,0,0,0
9,65,80 04:21:33.511,12,131-13331320000,NRCellCU,00061,12,4,0,0,17,0
10,65,80 04:21:33.511,12,131-13331320000,NRCellCU,00061,12,7,0,0,10,0
11,65,80 04:21:33.511,12,131-13331320000,NRCellCU,00061,12,10,0,0,6,0
12,65,80 04:21:33.511,12,131-13331320000,NRCellCU,00061,12,2,0,0,0,0
13,65,80 04:21:33.511,12,131-13331320000,NRCellCU,00061,12,11,0,0,0,0
14,65,80 04:21:33.511,12,131-13331320000,NRCellCU,00061,12,15,0,0,0,0
15,65,80 04:21:33.511,12,131-13331320000,NRCellCU,00061,12,13,0,0,0,0
16,65,80 04:21:33.511,12,131-13331320000,NRCellCU,00061,12,5,0,0,0,0
1,66,80 04:21:33.511,8,131-13338000000,NRCellCU,00033,8,3,0,0,32,0
2,66,80 04:21:33.511,8,131-13338000000,NRCellCU,00033,8,15,0,0,18,0
3,66,80 04:21:33.511,8,131-13338000000,NRCellCU,00033,8,11,0,0,0,0
4,66,80 04:21:33.511,8,131-13338000000,NRCellCU,00033,8,2,0,0,0,0
5,66,80 04:21:33.511,8,131-13338000000,NRCellCU,00033,8,9,0,0,0,0
6,66,80 04:21:33.511,8,131-13338000000,NRCellCU,00033,8,5,0,0,0,0
7,66,80 04:21:33.511,8,131-13338000000,NRCellCU,00033,8,12,0,0,0,0
8,66,80 04:21:33.511,8,131-13338000000,NRCellCU,00033,8,14,0,0,0,0
9,66,80 04:21:33.511,8,131-13338000000,NRCellCU,00021,8,5,0,0,10,0
10,66,80 04:21:33.511,8,131-13338000000,NRCellCU,00021,8,11,0,0,3,0
11,66,80 04:21:33.511,8,131-13338000000,NRCellCU,00021,8,2,0,0,0,0
12,66,80 04:21:33.511,8,131-13338000000,NRCellCU,00021,8,13,0,0,0,0
13,66,80 04:21:33.511,8,131-13338000000,NRCellCU,00021,8,3,0,0,0,0
14,66,80 04:21:33.511,8,131-13338000000,NRCellCU,00021,8,7,0,0,0,0
15,66,80 04:21:33.511,8,131-13338000000,NRCellCU,00021,8,4,0,0,0,0
16,66,80 04:21:33.511,8,131-13338000000,NRCellCU,00021,8,15,0,0,0,0
17,66,80 04:21:33.511,8,131-13338000000,NRCellCU,00038,8,3,0,0,16,0
18,66,80 04:21:33.511,8,131-13338000000,NRCellCU,00038,8,13,0,0,9,0
19,66,80 04:21:33.511,8,131-13338000000,NRCellCU,00038,8,5,0,0,0,0
20,66,80 04:21:33.511,8,131-13338000000,NRCellCU,00038,8,10,0,0,0,0
21,66,80 04:21:33.511,8,131-13338000000,NRCellCU,00038,8,4,0,0,0,0
22,66,80 04:21:33.511,8,131-13338000000,NRCellCU,00038,8,9,0,0,0,0
23,66,80 04:21:33.511,8,131-13338000000,NRCellCU,00038,8,7,0,0,0,0
24,66,80 04:21:33.511,8,131-13338000000,NRCellCU,00038,8,15,0,0,0,0
1,67,80 04:21:33.511,2,131-13332000000,NRCellCU,00040,2,5,0,0,0,0
2,67,80 04:21:33.511,2,131-13332000000,NRCellCU,00040,2,4,0,0,0,0
3,67,80 04:21:33.511,2,131-13332000000,NRCellCU,00040,2,10,0,0,0,0
4,67,80 04:21:33.511,2,131-13332000000,NRCellCU,00040,2,15,0,0,0,0
5,67,80 04:21:33.511,2,131-13332000000,NRCellCU,00040,2,11,0,0,0,0
6,67,80 04:21:33.511,2,131-13332000000,NRCellCU,00040,2,9,0,0,0,0
7,67,80 04:21:33.511,2,131-13332000000,NRCellCU,00040,2,6,0,0,0,0
8,67,80 04:21:33.511,2,131-13332000000,NRCellCU,00040,2,7,0,0,0,0
9,67,80 04:21:33.511,2,131-13332000000,NRCellCU,00006,2,3,0,0,7,0
10,67,80 04:21:33.511,2,131-13332000000,NRCellCU,00006,2,6,0,0,7,0
11,67,80 04:21:33.511,2,131-13332000000,NRCellCU,00006,2,15,0,0,7,0
12,67,80 04:21:33.511,2,131-13332000000,NRCellCU,00006,2,4,0,0,3,0
13,67,80 04:21:33.511,2,131-13332000000,NRCellCU,00006,2,13,0,0,0,0
14,67,80 04:21:33.511,2,131-13332000000,NRCellCU,00006,2,11,0,0,0,0
15,67,80 04:21:33.511,2,131-13332000000,NRCellCU,00006,2,5,0,0,0,0
16,67,80 04:21:33.511,2,131-13332000000,NRCellCU,00006,2,10,0,0,0,0
17,67,80 04:21:33.511,2,131-13332000000,NRCellCU,00022,2,4,0,0,18,0
18,67,80 04:21:33.511,2,131-13332000000,NRCellCU,00022,2,10,0,0,6,0
19,67,80 04:21:33.511,2,131-13332000000,NRCellCU,00022,2,3,0,0,0,0
20,67,80 04:21:33.511,2,131-13332000000,NRCellCU,00022,2,7,0,0,0,0
21,67,80 04:21:33.511,2,131-13332000000,NRCellCU,00022,2,8,0,0,0,0
22,67,80 04:21:33.511,2,131-13332000000,NRCellCU,00022,2,11,0,0,0,0
23,67,80 04:21:33.511,2,131-13332000000,NRCellCU,00022,2,6,0,0,0,0
24,67,80 04:21:33.511,2,131-13332000000,NRCellCU,00022,2,15,0,0,0,0
1,68,80 04:21:33.512,8,131-13338000000,NRCellCU,00038,8,3,0,0,16,0
2,68,80 04:21:33.512,8,131-13338000000,NRCellCU,00038,8,13,0,0,12,0
3,68,80 04:21:33.512,8,131-13338000000,NRCellCU,00038,8,4,0,0,0,0
4,68,80 04:21:33.512,8,131-13338000000,NRCellCU,00038,8,5,0,0,0,0
5,68,80 04:21:33.512,8,131-13338000000,NRCellCU,00038,8,10,0,0,0,0
6,68,80 04:21:33.512,8,131-13338000000,NRCellCU,00038,8,9,0,0,0,0
7,68,80 04:21:33.512,8,131-13338000000,NRCellCU,00038,8,15,0,0,0,0
8,68,80 04:21:33.512,8,131-13338000000,NRCellCU,00038,8,7,0,0,0,0
9,68,80 04:21:33.512,8,131-13338000000,NRCellCU,00021,8,5,0,0,12,0
10,68,80 04:21:33.512,8,131-13338000000,NRCellCU,00021,8,2,0,0,0,0
11,68,80 04:21:33.512,8,131-13338000000,NRCellCU,00021,8,11,0,0,0,0
12,68,80 04:21:33.512,8,131-13338000000,NRCellCU,00021,8,7,0,0,0,0
13,68,80 04:21:33.512,8,131-13338000000,NRCellCU,00021,8,4,0,0,0,0
14,68,80 04:21:33.512,8,131-13338000000,NRCellCU,00021,8,13,0,0,0,0
15,68,80 04:21:33.512,8,131-13338000000,NRCellCU,00021,8,3,0,0,0,0
16,68,80 04:21:33.512,8,131-13338000000,NRCellCU,00021,8,15,0,0,0,0
1,70,80 04:21:33.512,9,131-13339000000,NRCellCU,00057,9,6,0,0,24,0
2,70,80 04:21:33.512,9,131-13339000000,NRCellCU,00057,9,5,0,0,18,0
3,70,80 04:21:33.512,9,131-13339000000,NRCellCU,00057,9,10,0,0,14,0
4,70,80 04:21:33.512,9,131-13339000000,NRCellCU,00057,9,4,0,0,0,0
5,70,80 04:21:33.512,9,131-13339000000,NRCellCU,00057,9,7,0,0,0,0
6,70,80 04:21:33.512,9,131-13339000000,NRCellCU,00057,9,2,0,0,0,0
7,70,80 04:21:33.512,9,131-13339000000,NRCellCU,00057,9,14,0,0,0,0
8,70,80 04:21:33.512,9,131-13339000000,NRCellCU,00057,9,3,0,0,0,0
9,70,80 04:21:33.512,9,131-13339000000,NRCellCU,00020,9,2,0,0,21,0
10,70,80 04:21:33.512,9,131-13339000000,NRCellCU,00020,9,5,0,0,20,0
11,70,80 04:21:33.512,9,131-13339000000,NRCellCU,00020,9,8,0,0,0,0
12,70,80 04:21:33.512,9,131-13339000000,NRCellCU,00020,9,13,0,0,0,0
13,70,80 04:21:33.512,9,131-13339000000,NRCellCU,00020,9,6,0,0,0,0
14,70,80 04:21:33.512,9,131-13339000000,NRCellCU,00020,9,4,0,0,0,0
15,70,80 04:21:33.512,9,131-13339000000,NRCellCU,00020,9,12,0,0,0,0
16,70,80 04:21:33.512,9,131-13339000000,NRCellCU,00020,9,7,0,0,0,0
17,70,80 04:21:33.512,9,131-13339000000,NRCellCU,00010,9,5,0,0,19,0
18,70,80 04:21:33.512,9,131-13339000000,NRCellCU,00010,9,8,0,0,3,0
19,70,80 04:21:33.512,9,131-13339000000,NRCellCU,00010,9,6,0,0,0,0
20,70,80 04:21:33.512,9,131-13339000000,NRCellCU,00010,9,14,0,0,0,0
21,70,80 04:21:33.512,9,131-13339000000,NRCellCU,00010,9,10,0,0,0,0
22,70,80 04:21:33.512,9,131-13339000000,NRCellCU,00010,9,4,0,0,0,0
23,70,80 04:21:33.512,9,131-13339000000,NRCellCU,00010,9,13,0,0,0,0
24,70,80 04:21:33.512,9,131-13339000000,NRCellCU,00010,9,12,0,0,0,0
25,70,80 04:21:33.512,9,131-13339000000,NRCellCU,00007,9,6,0,0,31,0
26,70,80 04:21:33.512,9,131-13339000000,NRCellCU,00007,9,3,0,0,1,0
27,70,80 04:21:33.512,9,131-13339000000,NRCellCU,00007,9,5,0,0,0,0
28,70,80 04:21:33.512,9,131-13339000000,NRCellCU,00007,9,14,0,0,0,0
29,70,80 04:21:33.512,9,131-13339000000,NRCellCU,00007,9,13,0,0,0,0
30,70,80 04:21:33.512,9,131-13339000000,NRCellCU,00007,9,2,0,0,0,0
31,70,80 04:21:33.512,9,131-13339000000,NRCellCU,00007,9,10,0,0,0,0
32,70,80 04:21:33.512,9,131-13339000000,NRCellCU,00007,9,4,0,0,0,0
1,71,80 04:21:33.513,13,131-13331330000,NRCellCU,00060,13,9,0,0,14,0
2,71,80 04:21:33.513,13,131-13331330000,NRCellCU,00060,13,6,0,0,4,0
3,71,80 04:21:33.513,13,131-13331330000,NRCellCU,00060,13,5,0,0,1,0
4,71,80 04:21:33.513,13,131-13331330000,NRCellCU,00060,13,2,0,0,0,0
5,71,80 04:21:33.513,13,131-13331330000,NRCellCU,00060,13,8,0,0,0,0
6,71,80 04:21:33.513,13,131-13331330000,NRCellCU,00060,13,14,0,0,0,0
7,71,80 04:21:33.513,13,131-13331330000,NRCellCU,00060,13,3,0,0,0,0
8,71,80 04:21:33.513,13,131-13331330000,NRCellCU,00060,13,4,0,0,0,0
9,71,80 04:21:33.513,13,131-13331330000,NRCellCU,00014,13,5,0,0,16,0
10,71,80 04:21:33.513,13,131-13331330000,NRCellCU,00014,13,8,0,0,0,0
11,71,80 04:21:33.513,13,131-13331330000,NRCellCU,00014,13,2,0,0,0,0
12,71,80 04:21:33.513,13,131-13331330000,NRCellCU,00014,13,10,0,0,0,0
13,71,80 04:21:33.513,13,131-13331330000,NRCellCU,00014,13,6,0,0,0,0
14,71,80 04:21:33.513,13,131-13331330000,NRCellCU,00014,13,9,0,0,0,0
15,71,80 04:21:33.513,13,131-13331330000,NRCellCU,00014,13,3,0,0,0,0
16,71,80 04:21:33.513,13,131-13331330000,NRCellCU,00014,13,11,0,0,0,0
1,73,80 04:21:33.513,12,131-13331320000,NRCellCU,00061,12,4,0,0,10,0
2,73,80 04:21:33.513,12,131-13331320000,NRCellCU,00061,12,7,0,0,6,0
3,73,80 04:21:33.513,12,131-13331320000,NRCellCU,00061,12,10,0,0,0,0
4,73,80 04:21:33.513,12,131-13331320000,NRCellCU,00061,12,13,0,0,0,0
5,73,80 04:21:33.513,12,131-13331320000,NRCellCU,00061,12,15,0,0,0,0
6,73,80 04:21:33.513,12,131-13331320000,NRCellCU,00061,12,11,0,0,0,0
7,73,80 04:21:33.513,12,131-13331320000,NRCellCU,00061,12,2,0,0,0,0
8,73,80 04:21:33.513,12,131-13331320000,NRCellCU,00061,12,5,0,0,0,0
9,73,80 04:21:33.513,12,131-13331320000,NRCellCU,00019,12,4,0,0,12,0
10,73,80 04:21:33.513,12,131-13331320000,NRCellCU,00019,12,10,0,0,0,0
11,73,80 04:21:33.513,12,131-13331320000,NRCellCU,00019,12,11,0,0,0,0
12,73,80 04:21:33.513,12,131-13331320000,NRCellCU,00019,12,3,0,0,0,0
13,73,80 04:21:33.513,12,131-13331320000,NRCellCU,00019,12,7,0,0,0,0
14,73,80 04:21:33.513,12,131-13331320000,NRCellCU,00019,12,5,0,0,0,0
15,73,80 04:21:33.513,12,131-13331320000,NRCellCU,00019,12,2,0,0,0,0
16,73,80 04:21:33.513,12,131-13331320000,NRCellCU,00019,12,9,0,0,0,0
1,74,80 04:21:33.513,8,131-13338000000,NRCellCU,00038,8,13,0,0,8,0
2,74,80 04:21:33.513,8,131-13338000000,NRCellCU,00038,8,3,0,0,7,0
3,74,80 04:21:33.513,8,131-13338000000,NRCellCU,00038,8,4,0,0,0,0
4,74,80 04:21:33.513,8,131-13338000000,NRCellCU,00038,8,5,0,0,0,0
5,74,80 04:21:33.513,8,131-13338000000,NRCellCU,00038,8,9,0,0,0,0
6,74,80 04:21:33.513,8,131-13338000000,NRCellCU,00038,8,10,0,0,0,0
7,74,80 04:21:33.513,8,131-13338000000,NRCellCU,00038,8,15,0,0,0,0
8,74,80 04:21:33.513,8,131-13338000000,NRCellCU,00038,8,7,0,0,0,0
9,74,80 04:21:33.513,8,131-13338000000,NRCellCU,00021,8,5,0,0,14,0
10,74,80 04:21:33.513,8,131-13338000000,NRCellCU,00021,8,11,0,0,2,0
11,74,80 04:21:33.513,8,131-13338000000,NRCellCU,00021,8,2,0,0,0,0
12,74,80 04:21:33.513,8,131-13338000000,NRCellCU,00021,8,3,0,0,0,0
13,74,80 04:21:33.513,8,131-13338000000,NRCellCU,00021,8,4,0,0,0,0
14,74,80 04:21:33.513,8,131-13338000000,NRCellCU,00021,8,15,0,0,0,0
15,74,80 04:21:33.513,8,131-13338000000,NRCellCU,00021,8,13,0,0,0,0
16,74,80 04:21:33.513,8,131-13338000000,NRCellCU,00021,8,7,0,0,0,0
1,75,80 04:21:33.513,13,131-13331330000,NRCellCU,00014,13,5,0,0,11,0
2,75,80 04:21:33.513,13,131-13331330000,NRCellCU,00014,13,8,0,0,0,0
3,75,80 04:21:33.513,13,131-13331330000,NRCellCU,00014,13,6,0,0,0,0
4,75,80 04:21:33.513,13,131-13331330000,NRCellCU,00014,13,10,0,0,0,0
5,75,80 04:21:33.513,13,131-13331330000,NRCellCU,00014,13,2,0,0,0,0
6,75,80 04:21:33.513,13,131-13331330000,NRCellCU,00014,13,9,0,0,0,0
7,75,80 04:21:33.513,13,131-13331330000,NRCellCU,00014,13,14,0,0,0,0
8,75,80 04:21:33.513,13,131-13331330000,NRCellCU,00014,13,3,0,0,0,0
9,75,80 04:21:33.513,13,131-13331330000,NRCellCU,00060,13,5,0,0,7,0
10,75,80 04:21:33.513,13,131-13331330000,NRCellCU,00060,13,6,0,0,5,0
11,75,80 04:21:33.513,13,131-13331330000,NRCellCU,00060,13,9,0,0,3,0
12,75,80 04:21:33.513,13,131-13331330000,NRCellCU,00060,13,2,0,0,0,0
13,75,80 04:21:33.513,13,131-13331330000,NRCellCU,00060,13,3,0,0,0,0
14,75,80 04:21:33.513,13,131-13331330000,NRCellCU,00060,13,8,0,0,0,0
15,75,80 04:21:33.513,13,131-13331330000,NRCellCU,00060,13,14,0,0,0,0
16,75,80 04:21:33.513,13,131-13331330000,NRCellCU,00060,13,4,0,0,0,0
1,76,80 04:21:33.513,9,131-13339000000,NRCellCU,00010,9,5,0,0,15,0
2,76,80 04:21:33.513,9,131-13339000000,NRCellCU,00010,9,8,0,0,11,0
3,76,80 04:21:33.513,9,131-13339000000,NRCellCU,00010,9,6,0,0,0,0
4,76,80 04:21:33.513,9,131-13339000000,NRCellCU,00010,9,10,0,0,0,0
5,76,80 04:21:33.513,9,131-13339000000,NRCellCU,00010,9,14,0,0,0,0
6,76,80 04:21:33.513,9,131-13339000000,NRCellCU,00010,9,4,0,0,0,0
7,76,80 04:21:33.513,9,131-13339000000,NRCellCU,00010,9,13,0,0,0,0
8,76,80 04:21:33.513,9,131-13339000000,NRCellCU,00010,9,12,0,0,0,0
9,76,80 04:21:33.513,9,131-13339000000,NRCellCU,00020,9,5,0,0,25,0
10,76,80 04:21:33.513,9,131-13339000000,NRCellCU,00020,9,2,0,0,15,0
11,76,80 04:21:33.513,9,131-13339000000,NRCellCU,00020,9,8,0,0,0,0
12,76,80 04:21:33.513,9,131-13339000000,NRCellCU,00020,9,13,0,0,0,0
13,76,80 04:21:33.513,9,131-13339000000,NRCellCU,00020,9,6,0,0,0,0
14,76,80 04:21:33.513,9,131-13339000000,NRCellCU,00020,9,11,0,0,0,0
15,76,80 04:21:33.513,9,131-13339000000,NRCellCU,00020,9,10,0,0,0,0
16,76,80 04:21:33.513,9,131-13339000000,NRCellCU,00020,9,12,0,0,0,0
17,76,80 04:21:33.513,9,131-13339000000,NRCellCU,00057,9,6,0,0,27,0
18,76,80 04:21:33.513,9,131-13339000000,NRCellCU,00057,9,5,0,0,19,0
19,76,80 04:21:33.513,9,131-13339000000,NRCellCU,00057,9,10,0,0,8,0
20,76,80 04:21:33.513,9,131-13339000000,NRCellCU,00057,9,4,0,0,0,0
21,76,80 04:21:33.513,9,131-13339000000,NRCellCU,00057,9,14,0,0,0,0
22,76,80 04:21:33.513,9,131-13339000000,NRCellCU,00057,9,2,0,0,0,0
23,76,80 04:21:33.513,9,131-13339000000,NRCellCU,00057,9,15,0,0,0,0
24,76,80 04:21:33.513,9,131-13339000000,NRCellCU,00057,9,8,0,0,0,0
25,76,80 04:21:33.513,9,131-13339000000,NRCellCU,00007,9,6,0,0,34,0
26,76,80 04:21:33.513,9,131-13339000000,NRCellCU,00007,9,5,0,0,0,0
27,76,80 04:21:33.513,9,131-13339000000,NRCellCU,00007,9,3,0,0,0,0
28,76,80 04:21:33.513,9,131-13339000000,NRCellCU,00007,9,13,0,0,0,0
29,76,80 04:21:33.513,9,131-13339000000,NRCellCU,00007,9,14,0,0,0,0
30,76,80 04:21:33.513,9,131-13339000000,NRCellCU,00007,9,2,0,0,0,0
31,76,80 04:21:33.513,9,131-13339000000,NRCellCU,00007,9,4,0,0,0,0
32,76,80 04:21:33.513,9,131-13339000000,NRCellCU,00007,9,10,0,0,0,0
1,77,80 04:21:33.514,13,131-13331330000,NRCellCU,00014,13,8,0,0,18,0
2,77,80 04:21:33.514,13,131-13331330000,NRCellCU,00014,13,5,0,0,0,0
3,77,80 04:21:33.514,13,131-13331330000,NRCellCU,00014,13,14,0,0,0,0
4,77,80 04:21:33.514,13,131-13331330000,NRCellCU,00014,13,10,0,0,0,0
5,77,80 04:21:33.514,13,131-13331330000,NRCellCU,00014,13,2,0,0,0,0
6,77,80 04:21:33.514,13,131-13331330000,NRCellCU,00014,13,6,0,0,0,0
7,77,80 04:21:33.514,13,131-13331330000,NRCellCU,00014,13,3,0,0,0,0
8,77,80 04:21:33.514,13,131-13331330000,NRCellCU,00014,13,11,0,0,0,0
9,77,80 04:21:33.514,13,131-13331330000,NRCellCU,00060,13,6,0,0,18,0
10,77,80 04:21:33.514,13,131-13331330000,NRCellCU,00060,13,5,0,0,13,0
11,77,80 04:21:33.514,13,131-13331330000,NRCellCU,00060,13,9,0,0,0,0
12,77,80 04:21:33.514,13,131-13331330000,NRCellCU,00060,13,2,0,0,0,0
13,77,80 04:21:33.514,13,131-13331330000,NRCellCU,00060,13,8,0,0,0,0
14,77,80 04:21:33.514,13,131-13331330000,NRCellCU,00060,13,3,0,0,0,0
15,77,80 04:21:33.514,13,131-13331330000,NRCellCU,00060,13,14,0,0,0,0
16,77,80 04:21:33.514,13,131-13331330000,NRCellCU,00060,13,7,0,0,0,0
17,77,80 04:21:33.514,13,131-13331330000,NRCellCU,00066,13,5,0,0,19,0
18,77,80 04:21:33.514,13,131-13331330000,NRCellCU,00066,13,6,0,0,0,0
19,77,80 04:21:33.514,13,131-13331330000,NRCellCU,00066,13,9,0,0,0,0
20,77,80 04:21:33.514,13,131-13331330000,NRCellCU,00066,13,3,0,0,0,0
21,77,80 04:21:33.514,13,131-13331330000,NRCellCU,00066,13,8,0,0,0,0
22,77,80 04:21:33.514,13,131-13331330000,NRCellCU,00066,13,12,0,0,0,0
23,77,80 04:21:33.514,13,131-13331330000,NRCellCU,00066,13,2,0,0,0,0
24,77,80 04:21:33.514,13,131-13331330000,NRCellCU,00066,13,7,0,0,0,0
1,78,80 04:21:33.514,9,131-13339000000,NRCellCU,00007,9,6,0,0,28,0
2,78,80 04:21:33.514,9,131-13339000000,NRCellCU,00007,9,3,0,0,0,0
3,78,80 04:21:33.514,9,131-13339000000,NRCellCU,00007,9,5,0,0,0,0
4,78,80 04:21:33.514,9,131-13339000000,NRCellCU,00007,9,14,0,0,0,0
5,78,80 04:21:33.514,9,131-13339000000,NRCellCU,00007,9,10,0,0,0,0
6,78,80 04:21:33.514,9,131-13339000000,NRCellCU,00007,9,13,0,0,0,0
7,78,80 04:21:33.514,9,131-13339000000,NRCellCU,00007,9,2,0,0,0,0
8,78,80 04:21:33.514,9,131-13339000000,NRCellCU,00007,9,4,0,0,0,0
9,78,80 04:21:33.514,9,131-13339000000,NRCellCU,00020,9,5,0,0,21,0
10,78,80 04:21:33.514,9,131-13339000000,NRCellCU,00020,9,2,0,0,15,0
11,78,80 04:21:33.514,9,131-13339000000,NRCellCU,00020,9,8,0,0,0,0
12,78,80 04:21:33.514,9,131-13339000000,NRCellCU,00020,9,13,0,0,0,0
13,78,80 04:21:33.514,9,131-13339000000,NRCellCU,00020,9,11,0,0,0,0
14,78,80 04:21:33.514,9,131-13339000000,NRCellCU,00020,9,6,0,0,0,0
15,78,80 04:21:33.514,9,131-13339000000,NRCellCU,00020,9,4,0,0,0,0
16,78,80 04:21:33.514,9,131-13339000000,NRCellCU,00020,9,12,0,0,0,0
17,78,80 04:21:33.514,9,131-13339000000,NRCellCU,00057,9,6,0,0,26,0
18,78,80 04:21:33.514,9,131-13339000000,NRCellCU,00057,9,5,0,0,19,0
19,78,80 04:21:33.514,9,131-13339000000,NRCellCU,00057,9,10,0,0,10,0
20,78,80 04:21:33.514,9,131-13339000000,NRCellCU,00057,9,4,0,0,0,0
21,78,80 04:21:33.514,9,131-13339000000,NRCellCU,00057,9,14,0,0,0,0
22,78,80 04:21:33.514,9,131-13339000000,NRCellCU,00057,9,2,0,0,0,0
23,78,80 04:21:33.514,9,131-13339000000,NRCellCU,00057,9,13,0,0,0,0
24,78,80 04:21:33.514,9,131-13339000000,NRCellCU,00057,9,15,0,0,0,0
25,78,80 04:21:33.514,9,131-13339000000,NRCellCU,00010,9,5,0,0,14,0
26,78,80 04:21:33.514,9,131-13339000000,NRCellCU,00010,9,8,0,0,3,0
27,78,80 04:21:33.514,9,131-13339000000,NRCellCU,00010,9,10,0,0,0,0
28,78,80 04:21:33.514,9,131-13339000000,NRCellCU,00010,9,6,0,0,0,0
29,78,80 04:21:33.514,9,131-13339000000,NRCellCU,00010,9,14,0,0,0,0
30,78,80 04:21:33.514,9,131-13339000000,NRCellCU,00010,9,13,0,0,0,0
31,78,80 04:21:33.514,9,131-13339000000,NRCellCU,00010,9,4,0,0,0,0
32,78,80 04:21:33.514,9,131-13339000000,NRCellCU,00010,9,12,0,0,0,0
1,79,80 04:21:33.514,9,131-13339000000,NRCellCU,00007,9,6,0,0,29,0
2,79,80 04:21:33.514,9,131-13339000000,NRCellCU,00007,9,3,0,0,4,0
3,79,80 04:21:33.514,9,131-13339000000,NRCellCU,00007,9,5,0,0,0,0
4,79,80 04:21:33.514,9,131-13339000000,NRCellCU,00007,9,2,0,0,0,0
5,79,80 04:21:33.514,9,131-13339000000,NRCellCU,00007,9,14,0,0,0,0
6,79,80 04:21:33.514,9,131-13339000000,NRCellCU,00007,9,13,0,0,0,0
7,79,80 04:21:33.514,9,131-13339000000,NRCellCU,00007,9,10,0,0,0,0
8,79,80 04:21:33.514,9,131-13339000000,NRCellCU,00007,9,4,0,0,0,0
9,79,80 04:21:33.514,9,131-13339000000,NRCellCU,00010,9,8,0,0,12,0
10,79,80 04:21:33.514,9,131-13339000000,NRCellCU,00010,9,5,0,0,11,0
11,79,80 04:21:33.514,9,131-13339000000,NRCellCU,00010,9,14,0,0,0,0
12,79,80 04:21:33.514,9,131-13339000000,NRCellCU,00010,9,10,0,0,0,0
13,79,80 04:21:33.514,9,131-13339000000,NRCellCU,00010,9,6,0,0,0,0
14,79,80 04:21:33.514,9,131-13339000000,NRCellCU,00010,9,13,0,0,0,0
15,79,80 04:21:33.514,9,131-13339000000,NRCellCU,00010,9,4,0,0,0,0
16,79,80 04:21:33.514,9,131-13339000000,NRCellCU,00010,9,2,0,0,0,0
17,79,80 04:21:33.514,9,131-13339000000,NRCellCU,00057,9,6,0,0,24,0
18,79,80 04:21:33.514,9,131-13339000000,NRCellCU,00057,9,5,0,0,15,0
19,79,80 04:21:33.514,9,131-13339000000,NRCellCU,00057,9,10,0,0,6,0
20,79,80 04:21:33.514,9,131-13339000000,NRCellCU,00057,9,4,0,0,0,0
21,79,80 04:21:33.514,9,131-13339000000,NRCellCU,00057,9,2,0,0,0,0
22,79,80 04:21:33.514,9,131-13339000000,NRCellCU,00057,9,14,0,0,0,0
23,79,80 04:21:33.514,9,131-13339000000,NRCellCU,00057,9,13,0,0,0,0
24,79,80 04:21:33.514,9,131-13339000000,NRCellCU,00057,9,15,0,0,0,0
25,79,80 04:21:33.514,9,131-13339000000,NRCellCU,00020,9,5,0,0,21,0
26,79,80 04:21:33.514,9,131-13339000000,NRCellCU,00020,9,2,0,0,17,0
27,79,80 04:21:33.514,9,131-13339000000,NRCellCU,00020,9,8,0,0,0,0
28,79,80 04:21:33.514,9,131-13339000000,NRCellCU,00020,9,11,0,0,0,0
29,79,80 04:21:33.514,9,131-13339000000,NRCellCU,00020,9,13,0,0,0,0
30,79,80 04:21:33.514,9,131-13339000000,NRCellCU,00020,9,6,0,0,0,0
31,79,80 04:21:33.514,9,131-13339000000,NRCellCU,00020,9,12,0,0,0,0
32,79,80 04:21:33.514,9,131-13339000000,NRCellCU,00020,9,10,0,0,0,0
1,80,80 04:21:33.514,2,131-13332000000,NRCellCU,00040,2,4,0,0,0,0
2,80,80 04:21:33.514,2,131-13332000000,NRCellCU,00040,2,15,0,0,0,0
3,80,80 04:21:33.514,2,131-13332000000,NRCellCU,00040,2,5,0,0,0,0
4,80,80 04:21:33.514,2,131-13332000000,NRCellCU,00040,2,6,0,0,0,0
5,80,80 04:21:33.514,2,131-13332000000,NRCellCU,00040,2,11,0,0,0,0
6,80,80 04:21:33.514,2,131-13332000000,NRCellCU,00040,2,10,0,0,0,0
7,80,80 04:21:33.514,2,131-13332000000,NRCellCU,00040,2,3,0,0,0,0
8,80,80 04:21:33.514,2,131-13332000000,NRCellCU,00040,2,8,0,0,0,0
9,80,80 04:21:33.514,2,131-13332000000,NRCellCU,00006,2,5,0,0,7,0
10,80,80 04:21:33.514,2,131-13332000000,NRCellCU,00006,2,4,0,0,1,0
11,80,80 04:21:33.514,2,131-13332000000,NRCellCU,00006,2,6,0,0,0,0
12,80,80 04:21:33.514,2,131-13332000000,NRCellCU,00006,2,9,0,0,0,0
13,80,80 04:21:33.514,2,131-13332000000,NRCellCU,00006,2,15,0,0,0,0
14,80,80 04:21:33.514,2,131-13332000000,NRCellCU,00006,2,10,0,0,0,0
15,80,80 04:21:33.514,2,131-13332000000,NRCellCU,00006,2,3,0,0,0,0
16,80,80 04:21:33.514,2,131-13332000000,NRCellCU,00006,2,8,0,0,0,0
1,81,80 04:21:33.515,9,131-13339000000,NRCellCU,00007,9,6,0,0,27,0
2,81,80 04:21:33.515,9,131-13339000000,NRCellCU,00007,9,2,0,0,1,0
3,81,80 04:21:33.515,9,131-13339000000,NRCellCU,00007,9,5,0,0,1,0
4,81,80 04:21:33.515,9,131-13339000000,NRCellCU,00007,9,3,0,0,0,0
5,81,80 04:21:33.515,9,131-13339000000,NRCellCU,00007,9,13,0,0,0,0
6,81,80 04:21:33.515,9,131-13339000000,NRCellCU,00007,9,14,0,0,0,0
7,81,80 04:21:33.515,9,131-13339000000,NRCellCU,00007,9,10,0,0,0,0
8,81,80 04:21:33.515,9,131-13339000000,NRCellCU,00007,9,4,0,0,0,0
9,81,80 04:21:33.515,9,131-13339000000,NRCellCU,00010,9,8,0,0,16,0
10,81,80 04:21:33.515,9,131-13339000000,NRCellCU,00010,9,5,0,0,12,0
11,81,80 04:21:33.515,9,131-13339000000,NRCellCU,00010,9,6,0,0,0,0
12,81,80 04:21:33.515,9,131-13339000000,NRCellCU,00010,9,14,0,0,0,0
13,81,80 04:21:33.515,9,131-13339000000,NRCellCU,00010,9,10,0,0,0,0
14,81,80 04:21:33.515,9,131-13339000000,NRCellCU,00010,9,13,0,0,0,0
15,81,80 04:21:33.515,9,131-13339000000,NRCellCU,00010,9,4,0,0,0,0
16,81,80 04:21:33.515,9,131-13339000000,NRCellCU,00010,9,2,0,0,0,0
17,81,80 04:21:33.515,9,131-13339000000,NRCellCU,00020,9,5,0,0,22,0
18,81,80 04:21:33.515,9,131-13339000000,NRCellCU,00020,9,2,0,0,22,0
19,81,80 04:21:33.515,9,131-13339000000,NRCellCU,00020,9,11,0,0,0,0
20,81,80 04:21:33.515,9,131-13339000000,NRCellCU,00020,9,13,0,0,0,0
21,81,80 04:21:33.515,9,131-13339000000,NRCellCU,00020,9,8,0,0,0,0
22,81,80 04:21:33.515,9,131-13339000000,NRCellCU,00020,9,6,0,0,0,0
23,81,80 04:21:33.515,9,131-13339000000,NRCellCU,00020,9,4,0,0,0,0
24,81,80 04:21:33.515,9,131-13339000000,NRCellCU,00020,9,12,0,0,0,0
25,81,80 04:21:33.515,9,131-13339000000,NRCellCU,00057,9,6,0,0,25,0
26,81,80 04:21:33.515,9,131-13339000000,NRCellCU,00057,9,2,0,0,17,0
27,81,80 04:21:33.515,9,131-13339000000,NRCellCU,00057,9,10,0,0,6,0
28,81,80 04:21:33.515,9,131-13339000000,NRCellCU,00057,9,4,0,0,0,0
29,81,80 04:21:33.515,9,131-13339000000,NRCellCU,00057,9,14,0,0,0,0
30,81,80 04:21:33.515,9,131-13339000000,NRCellCU,00057,9,13,0,0,0,0
31,81,80 04:21:33.515,9,131-13339000000,NRCellCU,00057,9,7,0,0,0,0
32,81,80 04:21:33.515,9,131-13339000000,NRCellCU,00057,9,3,0,0,0,0
1,83,80 04:21:33.515,12,131-13331320000,NRCellCU,00009,12,4,0,0,31,0
2,83,80 04:21:33.515,12,131-13331320000,NRCellCU,00009,12,2,0,0,6,0
3,83,80 04:21:33.515,12,131-13331320000,NRCellCU,00009,12,6,0,0,0,0
4,83,80 04:21:33.515,12,131-13331320000,NRCellCU,00009,12,14,0,0,0,0
5,83,80 04:21:33.515,12,131-13331320000,NRCellCU,00009,12,5,0,0,0,0
6,83,80 04:21:33.515,12,131-13331320000,NRCellCU,00009,12,8,0,0,0,0
7,83,80 04:21:33.515,12,131-13331320000,NRCellCU,00009,12,10,0,0,0,0
8,83,80 04:21:33.515,12,131-13331320000,NRCellCU,00009,12,7,0,0,0,0
9,83,80 04:21:33.515,12,131-13331320000,NRCellCU,00019,12,4,0,0,18,0
10,83,80 04:21:33.515,12,131-13331320000,NRCellCU,00019,12,10,0,0,5,0
11,83,80 04:21:33.515,12,131-13331320000,NRCellCU,00019,12,7,0,0,0,0
12,83,80 04:21:33.515,12,131-13331320000,NRCellCU,00019,12,3,0,0,0,0
13,83,80 04:21:33.515,12,131-13331320000,NRCellCU,00019,12,2,0,0,0,0
14,83,80 04:21:33.515,12,131-13331320000,NRCellCU,00019,12,9,0,0,0,0
15,83,80 04:21:33.515,12,131-13331320000,NRCellCU,00019,12,11,0,0,0,0
16,83,80 04:21:33.515,12,131-13331320000,NRCellCU,00019,12,5,0,0,0,0
17,83,80 04:21:33.515,12,131-13331320000,NRCellCU,00061,12,4,0,0,11,0
18,83,80 04:21:33.515,12,131-13331320000,NRCellCU,00061,12,10,0,0,10,0
19,83,80 04:21:33.515,12,131-13331320000,NRCellCU,00061,12,7,0,0,0,0
20,83,80 04:21:33.515,12,131-13331320000,NRCellCU,00061,12,11,0,0,0,0
21,83,80 04:21:33.515,12,131-13331320000,NRCellCU,00061,12,5,0,0,0,0
22,83,80 04:21:33.515,12,131-13331320000,NRCellCU,00061,12,13,0,0,0,0
23,83,80 04:21:33.515,12,131-13331320000,NRCellCU,00061,12,15,0,0,0,0
24,83,80 04:21:33.515,12,131-13331320000,NRCellCU,00061,12,3,0,0,0,0
1,84,80 04:21:33.515,14,131-13331340000,NRCellCU,00023,14,6,0,0,11,0
2,84,80 04:21:33.515,14,131-13331340000,NRCellCU,00023,14,10,0,0,0,0
3,84,80 04:21:33.515,14,131-13331340000,NRCellCU,00023,14,5,0,0,0,0
4,84,80 04:21:33.515,14,131-13331340000,NRCellCU,00023,14,2,0,0,0,0
5,84,80 04:21:33.515,14,131-13331340000,NRCellCU,00023,14,9,0,0,0,0
6,84,80 04:21:33.515,14,131-13331340000,NRCellCU,00023,14,12,0,0,0,0
7,84,80 04:21:33.515,14,131-13331340000,NRCellCU,00023,14,8,0,0,0,0
8,84,80 04:21:33.515,14,131-13331340000,NRCellCU,00023,14,11,0,0,0,0
9,84,80 04:21:33.515,14,131-13331340000,NRCellCU,00028,14,9,0,0,9,0
10,84,80 04:21:33.515,14,131-13331340000,NRCellCU,00028,14,6,0,0,8,0
11,84,80 04:21:33.515,14,131-13331340000,NRCellCU,00028,14,2,0,0,1,0
12,84,80 04:21:33.515,14,131-13331340000,NRCellCU,00028,14,4,0,0,0,0
13,84,80 04:21:33.515,14,131-13331340000,NRCellCU,00028,14,10,0,0,0,0
14,84,80 04:21:33.515,14,131-13331340000,NRCellCU,00028,14,3,0,0,0,0
15,84,80 04:21:33.515,14,131-13331340000,NRCellCU,00028,14,15,0,0,0,0
16,84,80 04:21:33.515,14,131-13331340000,NRCellCU,00028,14,7,0,0,0,0
1,85,80 04:21:33.516,9,131-13339000000,NRCellCU,00020,9,5,0,0,19,0
2,85,80 04:21:33.516,9,131-13339000000,NRCellCU,00020,9,2,0,0,16,0
3,85,80 04:21:33.516,9,131-13339000000,NRCellCU,00020,9,13,0,0,0,0
4,85,80 04:21:33.516,9,131-13339000000,NRCellCU,00020,9,8,0,0,0,0
5,85,80 04:21:33.516,9,131-13339000000,NRCellCU,00020,9,4,0,0,0,0
6,85,80 04:21:33.516,9,131-13339000000,NRCellCU,00020,9,6,0,0,0,0
7,85,80 04:21:33.516,9,131-13339000000,NRCellCU,00020,9,11,0,0,0,0
8,85,80 04:21:33.516,9,131-13339000000,NRCellCU,00020,9,12,0,0,0,0
9,85,80 04:21:33.516,9,131-13339000000,NRCellCU,00057,9,2,0,0,19,0
10,85,80 04:21:33.516,9,131-13339000000,NRCellCU,00057,9,6,0,0,18,0
11,85,80 04:21:33.516,9,131-13339000000,NRCellCU,00057,9,10,0,0,14,0
12,85,80 04:21:33.516,9,131-13339000000,NRCellCU,00057,9,4,0,0,0,0
13,85,80 04:21:33.516,9,131-13339000000,NRCellCU,00057,9,14,0,0,0,0
14,85,80 04:21:33.516,9,131-13339000000,NRCellCU,00057,9,8,0,0,0,0
15,85,80 04:21:33.516,9,131-13339000000,NRCellCU,00057,9,7,0,0,0,0
16,85,80 04:21:33.516,9,131-13339000000,NRCellCU,00057,9,13,0,0,0,0
17,85,80 04:21:33.516,9,131-13339000000,NRCellCU,00007,9,6,0,0,35,0
18,85,80 04:21:33.516,9,131-13339000000,NRCellCU,00007,9,5,0,0,7,0
19,85,80 04:21:33.516,9,131-13339000000,NRCellCU,00007,9,3,0,0,1,0
20,85,80 04:21:33.516,9,131-13339000000,NRCellCU,00007,9,2,0,0,0,0
21,85,80 04:21:33.516,9,131-13339000000,NRCellCU,00007,9,13,0,0,0,0
22,85,80 04:21:33.516,9,131-13339000000,NRCellCU,00007,9,14,0,0,0,0
23,85,80 04:21:33.516,9,131-13339000000,NRCellCU,00007,9,10,0,0,0,0
24,85,80 04:21:33.516,9,131-13339000000,NRCellCU,00007,9,4,0,0,0,0
25,85,80 04:21:33.516,9,131-13339000000,NRCellCU,00010,9,5,0,0,33,0
26,85,80 04:21:33.516,9,131-13339000000,NRCellCU,00010,9,8,0,0,12,0
27,85,80 04:21:33.516,9,131-13339000000,NRCellCU,00010,9,14,0,0,0,0
28,85,80 04:21:33.516,9,131-13339000000,NRCellCU,00010,9,10,0,0,0,0
29,85,80 04:21:33.516,9,131-13339000000,NRCellCU,00010,9,6,0,0,0,0
30,85,80 04:21:33.516,9,131-13339000000,NRCellCU,00010,9,13,0,0,0,0
31,85,80 04:21:33.516,9,131-13339000000,NRCellCU,00010,9,4,0,0,0,0
32,85,80 04:21:33.516,9,131-13339000000,NRCellCU,00010,9,2,0,0,0,0
1,86,80 04:21:33.516,14,131-13331340000,NRCellCU,00023,14,6,0,0,12,0
2,86,80 04:21:33.516,14,131-13331340000,NRCellCU,00023,14,5,0,0,0,0
3,86,80 04:21:33.516,14,131-13331340000,NRCellCU,00023,14,10,0,0,0,0
4,86,80 04:21:33.516,14,131-13331340000,NRCellCU,00023,14,2,0,0,0,0
5,86,80 04:21:33.516,14,131-13331340000,NRCellCU,00023,14,12,0,0,0,0
6,86,80 04:21:33.516,14,131-13331340000,NRCellCU,00023,14,8,0,0,0,0
7,86,80 04:21:33.516,14,131-13331340000,NRCellCU,00023,14,11,0,0,0,0
8,86,80 04:21:33.516,14,131-13331340000,NRCellCU,00023,14,9,0,0,0,0
9,86,80 04:21:33.516,14,131-13331340000,NRCellCU,00028,14,9,0,0,5,0
10,86,80 04:21:33.516,14,131-13331340000,NRCellCU,00028,14,6,0,0,2,0
11,86,80 04:21:33.516,14,131-13331340000,NRCellCU,00028,14,4,0,0,0,0
12,86,80 04:21:33.516,14,131-13331340000,NRCellCU,00028,14,2,0,0,0,0
13,86,80 04:21:33.516,14,131-13331340000,NRCellCU,00028,14,10,0,0,0,0
14,86,80 04:21:33.516,14,131-13331340000,NRCellCU,00028,14,5,0,0,0,0
15,86,80 04:21:33.516,14,131-13331340000,NRCellCU,00028,14,7,0,0,0,0
16,86,80 04:21:33.516,14,131-13331340000,NRCellCU,00028,14,8,0,0,0,0
1,88,80 04:21:33.517,12,131-13331320000,NRCellCU,00019,12,4,0,0,18,0
2,88,80 04:21:33.517,12,131-13331320000,NRCellCU,00019,12,10,0,0,0,0
3,88,80 04:21:33.517,12,131-13331320000,NRCellCU,00019,12,11,0,0,0,0
4,88,80 04:21:33.517,12,131-13331320000,NRCellCU,00019,12,3,0,0,0,0
5,88,80 04:21:33.517,12,131-13331320000,NRCellCU,00019,12,9,0,0,0,0
6,88,80 04:21:33.517,12,131-13331320000,NRCellCU,00019,12,7,0,0,0,0
7,88,80 04:21:33.517,12,131-13331320000,NRCellCU,00019,12,14,0,0,0,0
8,88,80 04:21:33.517,12,131-13331320000,NRCellCU,00019,12,5,0,0,0,0
9,88,80 04:21:33.517,12,131-13331320000,NRCellCU,00009,12,4,0,0,26,0
10,88,80 04:21:33.517,12,131-13331320000,NRCellCU,00009,12,2,0,0,5,0
11,88,80 04:21:33.517,12,131-13331320000,NRCellCU,00009,12,6,0,0,0,0
12,88,80 04:21:33.517,12,131-13331320000,NRCellCU,00009,12,5,0,0,0,0
13,88,80 04:21:33.517,12,131-13331320000,NRCellCU,00009,12,8,0,0,0,0
14,88,80 04:21:33.517,12,131-13331320000,NRCellCU,00009,12,7,0,0,0,0
15,88,80 04:21:33.517,12,131-13331320000,NRCellCU,00009,12,10,0,0,0,0
16,88,80 04:21:33.517,12,131-13331320000,NRCellCU,00009,12,14,0,0,0,0
17,88,80 04:21:33.517,12,131-13331320000,NRCellCU,00061,12,10,0,0,9,0
18,88,80 04:21:33.517,12,131-13331320000,NRCellCU,00061,12,4,0,0,8,0
19,88,80 04:21:33.517,12,131-13331320000,NRCellCU,00061,12,7,0,0,3,0
20,88,80 04:21:33.517,12,131-13331320000,NRCellCU,00061,12,13,0,0,0,0
21,88,80 04:21:33.517,12,131-13331320000,NRCellCU,00061,12,2,0,0,0,0
22,88,80 04:21:33.517,12,131-13331320000,NRCellCU,00061,12,5,0,0,0,0
23,88,80 04:21:33.517,12,131-13331320000,NRCellCU,00061,12,15,0,0,0,0
24,88,80 04:21:33.517,12,131-13331320000,NRCellCU,00061,12,11,0,0,0,0
1,89,80 04:21:33.517,2,131-13332000000,NRCellCU,00040,2,9,0,0,19,0
2,89,80 04:21:33.517,2,131-13332000000,NRCellCU,00040,2,3,0,0,2,0
3,89,80 04:21:33.517,2,131-13332000000,NRCellCU,00040,2,4,0,0,1,0
4,89,80 04:21:33.517,2,131-13332000000,NRCellCU,00040,2,10,0,0,0,0
5,89,80 04:21:33.517,2,131-13332000000,NRCellCU,00040,2,11,0,0,0,0
6,89,80 04:21:33.517,2,131-13332000000,NRCellCU,00040,2,15,0,0,0,0
7,89,80 04:21:33.517,2,131-13332000000,NRCellCU,00040,2,6,0,0,0,0
8,89,80 04:21:33.517,2,131-13332000000,NRCellCU,00040,2,5,0,0,0,0
9,89,80 04:21:33.517,2,131-13332000000,NRCellCU,00006,2,3,0,0,36,0
10,89,80 04:21:33.517,2,131-13332000000,NRCellCU,00006,2,5,0,0,14,0
11,89,80 04:21:33.517,2,131-13332000000,NRCellCU,00006,2,4,0,0,8,0
12,89,80 04:21:33.517,2,131-13332000000,NRCellCU,00006,2,9,0,0,0,0
13,89,80 04:21:33.517,2,131-13332000000,NRCellCU,00006,2,15,0,0,0,0
14,89,80 04:21:33.517,2,131-13332000000,NRCellCU,00006,2,6,0,0,0,0
15,89,80 04:21:33.517,2,131-13332000000,NRCellCU,00006,2,8,0,0,0,0
16,89,80 04:21:33.517,2,131-13332000000,NRCellCU,00006,2,12,0,0,0,0
1,90,80 04:21:33.517,12,131-13331320000,NRCellCU,00009,12,4,0,0,23,0
2,90,80 04:21:33.517,12,131-13331320000,NRCellCU,00009,12,2,0,0,0,0
3,90,80 04:21:33.517,12,131-13331320000,NRCellCU,00009,12,6,0,0,0,0
4,90,80 04:21:33.517,12,131-13331320000,NRCellCU,00009,12,10,0,0,0,0
5,90,80 04:21:33.517,12,131-13331320000,NRCellCU,00009,12,5,0,0,0,0
6,90,80 04:21:33.517,12,131-13331320000,NRCellCU,00009,12,8,0,0,0,0
7,90,80 04:21:33.517,12,131-13331320000,NRCellCU,00009,12,7,0,0,0,0
8,90,80 04:21:33.517,12,131-13331320000,NRCellCU,00009,12,3,0,0,0,0
9,90,80 04:21:33.517,12,131-13331320000,NRCellCU,00019,12,4,0,0,18,0
10,90,80 04:21:33.517,12,131-13331320000,NRCellCU,00019,12,10,0,0,3,0
11,90,80 04:21:33.517,12,131-13331320000,NRCellCU,00019,12,9,0,0,0,0
12,90,80 04:21:33.517,12,131-13331320000,NRCellCU,00019,12,3,0,0,0,0
13,90,80 04:21:33.517,12,131-13331320000,NRCellCU,00019,12,11,0,0,0,0
14,90,80 04:21:33.517,12,131-13331320000,NRCellCU,00019,12,2,0,0,0,0
15,90,80 04:21:33.517,12,131-13331320000,NRCellCU,00019,12,5,0,0,0,0
16,90,80 04:21:33.517,12,131-13331320000,NRCellCU,00019,12,7,0,0,0,0
17,90,80 04:21:33.517,12,131-13331320000,NRCellCU,00061,12,10,0,0,10,0
18,90,80 04:21:33.517,12,131-13331320000,NRCellCU,00061,12,7,0,0,2,0
19,90,80 04:21:33.517,12,131-13331320000,NRCellCU,00061,12,4,0,0,0,0
20,90,80 04:21:33.517,12,131-13331320000,NRCellCU,00061,12,5,0,0,0,0
21,90,80 04:21:33.517,12,131-13331320000,NRCellCU,00061,12,13,0,0,0,0
22,90,80 04:21:33.517,12,131-13331320000,NRCellCU,00061,12,2,0,0,0,0
23,90,80 04:21:33.517,12,131-13331320000,NRCellCU,00061,12,11,0,0,0,0
24,90,80 04:21:33.517,12,131-13331320000,NRCellCU,00061,12,15,0,0,0,0
1,91,80 04:21:33.518,13,131-13331330000,NRCellCU,00014,13,5,0,0,7,0
2,91,80 04:21:33.518,13,131-13331330000,NRCellCU,00014,13,14,0,0,0,0
3,91,80 04:21:33.518,13,131-13331330000,NRCellCU,00014,13,8,0,0,0,0
4,91,80 04:21:33.518,13,131-13331330000,NRCellCU,00014,13,6,0,0,0,0
5,91,80 04:21:33.518,13,131-13331330000,NRCellCU,00014,13,10,0,0,0,0
6,91,80 04:21:33.518,13,131-13331330000,NRCellCU,00014,13,3,0,0,0,0
7,91,80 04:21:33.518,13,131-13331330000,NRCellCU,00014,13,2,0,0,0,0
8,91,80 04:21:33.518,13,131-13331330000,NRCellCU,00014,13,9,0,0,0,0
9,91,80 04:21:33.518,13,131-13331330000,NRCellCU,00005,13,5,0,0,28,0
10,91,80 04:21:33.518,13,131-13331330000,NRCellCU,00005,13,8,0,0,14,0
11,91,80 04:21:33.518,13,131-13331330000,NRCellCU,00005,13,2,0,0,5,0
12,91,80 04:21:33.518,13,131-13331330000,NRCellCU,00005,13,6,0,0,0,0
13,91,80 04:21:33.518,13,131-13331330000,NRCellCU,00005,13,3,0,0,0,0
14,91,80 04:21:33.518,13,131-13331330000,NRCellCU,00005,13,14,0,0,0,0
15,91,80 04:21:33.518,13,131-13331330000,NRCellCU,00005,13,10,0,0,0,0
16,91,80 04:21:33.518,13,131-13331330000,NRCellCU,00005,13,4,0,0,0,0
17,91,80 04:21:33.518,13,131-13331330000,NRCellCU,00066,13,5,0,0,20,0
18,91,80 04:21:33.518,13,131-13331330000,NRCellCU,00066,13,8,0,0,0,0
19,91,80 04:21:33.518,13,131-13331330000,NRCellCU,00066,13,6,0,0,0,0
20,91,80 04:21:33.518,13,131-13331330000,NRCellCU,00066,13,14,0,0,0,0
21,91,80 04:21:33.518,13,131-13331330000,NRCellCU,00066,13,9,0,0,0,0
22,91,80 04:21:33.518,13,131-13331330000,NRCellCU,00066,13,2,0,0,0,0
23,91,80 04:21:33.518,13,131-13331330000,NRCellCU,00066,13,15,0,0,0,0
24,91,80 04:21:33.518,13,131-13331330000,NRCellCU,00066,13,11,0,0,0,0
25,91,80 04:21:33.518,13,131-13331330000,NRCellCU,00060,13,5,0,0,23,0
26,91,80 04:21:33.518,13,131-13331330000,NRCellCU,00060,13,9,0,0,0,0
27,91,80 04:21:33.518,13,131-13331330000,NRCellCU,00060,13,2,0,0,0,0
28,91,80 04:21:33.518,13,131-13331330000,NRCellCU,00060,13,6,0,0,0,0
29,91,80 04:21:33.518,13,131-13331330000,NRCellCU,00060,13,8,0,0,0,0
30,91,80 04:21:33.518,13,131-13331330000,NRCellCU,00060,13,12,0,0,0,0
31,91,80 04:21:33.518,13,131-13331330000,NRCellCU,00060,13,7,0,0,0,0
32,91,80 04:21:33.518,13,131-13331330000,NRCellCU,00060,13,14,0,0,0,0
1,93,80 04:21:33.518,14,131-13331340000,NRCellCU,00024,14,6,0,0,21,0
2,93,80 04:21:33.518,14,131-13331340000,NRCellCU,00024,14,10,0,0,0,0
3,93,80 04:21:33.518,14,131-13331340000,NRCellCU,00024,14,9,0,0,0,0
4,93,80 04:21:33.518,14,131-13331340000,NRCellCU,00024,14,5,0,0,0,0
5,93,80 04:21:33.518,14,131-13331340000,NRCellCU,00024,14,2,0,0,0,0
6,93,80 04:21:33.518,14,131-13331340000,NRCellCU,00024,14,8,0,0,0,0
7,93,80 04:21:33.518,14,131-13331340000,NRCellCU,00024,14,4,0,0,0,0
8,93,80 04:21:33.518,14,131-13331340000,NRCellCU,00024,14,7,0,0,0,0
9,93,80 04:21:33.518,14,131-13331340000,NRCellCU,00028,14,6,0,0,7,0
10,93,80 04:21:33.518,14,131-13331340000,NRCellCU,00028,14,9,0,0,0,0
11,93,80 04:21:33.518,14,131-13331340000,NRCellCU,00028,14,4,0,0,0,0
12,93,80 04:21:33.518,14,131-13331340000,NRCellCU,00028,14,2,0,0,0,0
13,93,80 04:21:33.518,14,131-13331340000,NRCellCU,00028,14,10,0,0,0,0
14,93,80 04:21:33.518,14,131-13331340000,NRCellCU,00028,14,13,0,0,0,0
15,93,80 04:21:33.518,14,131-13331340000,NRCellCU,00028,14,15,0,0,0,0
16,93,80 04:21:33.518,14,131-13331340000,NRCellCU,00028,14,5,0,0,0,0
17,93,80 04:21:33.518,14,131-13331340000,NRCellCU,00023,14,6,0,0,15,0
18,93,80 04:21:33.518,14,131-13331340000,NRCellCU,00023,14,11,0,0,0,0
19,93,80 04:21:33.518,14,131-13331340000,NRCellCU,00023,14,10,0,0,0,0
20,93,80 04:21:33.518,14,131-13331340000,NRCellCU,00023,14,5,0,0,0,0
21,93,80 04:21:33.518,14,131-13331340000,NRCellCU,00023,14,12,0,0,0,0
22,93,80 04:21:33.518,14,131-13331340000,NRCellCU,00023,14,2,0,0,0,0
23,93,80 04:21:33.518,14,131-13331340000,NRCellCU,00023,14,9,0,0,0,0
24,93,80 04:21:33.518,14,131-13331340000,NRCellCU,00023,14,8,0,0,0,0
25,93,80 04:21:33.518,14,131-13331340000,NRCellCU,00044,14,6,0,0,15,0
26,93,80 04:21:33.518,14,131-13331340000,NRCellCU,00044,14,10,0,0,6,0
27,93,80 04:21:33.518,14,131-13331340000,NRCellCU,00044,14,9,0,0,6,0
28,93,80 04:21:33.518,14,131-13331340000,NRCellCU,00044,14,5,0,0,1,0
29,93,80 04:21:33.518,14,131-13331340000,NRCellCU,00044,14,2,0,0,0,0
30,93,80 04:21:33.518,14,131-13331340000,NRCellCU,00044,14,12,0,0,0,0
31,93,80 04:21:33.518,14,131-13331340000,NRCellCU,00044,14,3,0,0,0,0
32,93,80 04:21:33.518,14,131-13331340000,NRCellCU,00044,14,4,0,0,0,0
1,95,80 04:21:33.519,12,131-13331320000,NRCellCU,00019,12,4,0,0,23,0
2,95,80 04:21:33.519,12,131-13331320000,NRCellCU,00019,12,10,0,0,5,0
3,95,80 04:21:33.519,12,131-13331320000,NRCellCU,00019,12,3,0,0,0,0
4,95,80 04:21:33.519,12,131-13331320000,NRCellCU,00019,12,9,0,0,0,0
5,95,80 04:21:33.519,12,131-13331320000,NRCellCU,00019,12,11,0,0,0,0
6,95,80 04:21:33.519,12,131-13331320000,NRCellCU,00019,12,7,0,0,0,0
7,95,80 04:21:33.519,12,131-13331320000,NRCellCU,00019,12,2,0,0,0,0
8,95,80 04:21:33.519,12,131-13331320000,NRCellCU,00019,12,14,0,0,0,0
9,95,80 04:21:33.519,12,131-13331320000,NRCellCU,00009,12,4,0,0,27,0
10,95,80 04:21:33.519,12,131-13331320000,NRCellCU,00009,12,2,0,0,2,0
11,95,80 04:21:33.519,12,131-13331320000,NRCellCU,00009,12,6,0,0,0,0
12,95,80 04:21:33.519,12,131-13331320000,NRCellCU,00009,12,7,0,0,0,0
13,95,80 04:21:33.519,12,131-13331320000,NRCellCU,00009,12,8,0,0,0,0
14,95,80 04:21:33.519,12,131-13331320000,NRCellCU,00009,12,10,0,0,0,0
15,95,80 04:21:33.519,12,131-13331320000,NRCellCU,00009,12,5,0,0,0,0
16,95,80 04:21:33.519,12,131-13331320000,NRCellCU,00009,12,3,0,0,0,0
17,95,80 04:21:33.519,12,131-13331320000,NRCellCU,00061,12,10,0,0,9,0
18,95,80 04:21:33.519,12,131-13331320000,NRCellCU,00061,12,4,0,0,3,0
19,95,80 04:21:33.519,12,131-13331320000,NRCellCU,00061,12,7,0,0,1,0
20,95,80 04:21:33.519,12,131-13331320000,NRCellCU,00061,12,13,0,0,0,0
21,95,80 04:21:33.519,12,131-13331320000,NRCellCU,00061,12,2,0,0,0,0
22,95,80 04:21:33.519,12,131-13331320000,NRCellCU,00061,12,5,0,0,0,0
23,95,80 04:21:33.519,12,131-13331320000,NRCellCU,00061,12,11,0,0,0,0
24,95,80 04:21:33.519,12,131-13331320000,NRCellCU,00061,12,15,0,0,0,0
1,96,80 04:21:33.519,13,131-13331330000,NRCellCU,00014,13,5,0,0,4,0
2,96,80 04:21:33.519,13,131-13331330000,NRCellCU,00014,13,14,0,0,0,0
3,96,80 04:21:33.519,13,131-13331330000,NRCellCU,00014,13,6,0,0,0,0
4,96,80 04:21:33.519,13,131-13331330000,NRCellCU,00014,13,8,0,0,0,0
5,96,80 04:21:33.519,13,131-13331330000,NRCellCU,00014,13,10,0,0,0,0
6,96,80 04:21:33.519,13,131-13331330000,NRCellCU,00014,13,2,0,0,0,0
7,96,80 04:21:33.519,13,131-13331330000,NRCellCU,00014,13,9,0,0,0,0
8,96,80 04:21:33.519,13,131-13331330000,NRCellCU,00014,13,3,0,0,0,0
9,96,80 04:21:33.519,13,131-13331330000,NRCellCU,00060,13,5,0,0,23,0
10,96,80 04:21:33.519,13,131-13331330000,NRCellCU,00060,13,8,0,0,4,0
11,96,80 04:21:33.519,13,131-13331330000,NRCellCU,00060,13,2,0,0,0,0
12,96,80 04:21:33.519,13,131-13331330000,NRCellCU,00060,13,6,0,0,0,0
13,96,80 04:21:33.519,13,131-13331330000,NRCellCU,00060,13,9,0,0,0,0
14,96,80 04:21:33.519,13,131-13331330000,NRCellCU,00060,13,14,0,0,0,0
15,96,80 04:21:33.519,13,131-13331330000,NRCellCU,00060,13,4,0,0,0,0
16,96,80 04:21:33.519,13,131-13331330000,NRCellCU,00060,13,12,0,0,0,0
17,96,80 04:21:33.519,13,131-13331330000,NRCellCU,00066,13,5,0,0,24,0
18,96,80 04:21:33.519,13,131-13331330000,NRCellCU,00066,13,8,0,0,0,0
19,96,80 04:21:33.519,13,131-13331330000,NRCellCU,00066,13,6,0,0,0,0
20,96,80 04:21:33.519,13,131-13331330000,NRCellCU,00066,13,15,0,0,0,0
21,96,80 04:21:33.519,13,131-13331330000,NRCellCU,00066,13,2,0,0,0,0
22,96,80 04:21:33.519,13,131-13331330000,NRCellCU,00066,13,9,0,0,0,0
23,96,80 04:21:33.519,13,131-13331330000,NRCellCU,00066,13,12,0,0,0,0
24,96,80 04:21:33.519,13,131-13331330000,NRCellCU,00066,13,3,0,0,0,0
25,96,80 04:21:33.519,13,131-13331330000,NRCellCU,00005,13,5,0,0,35,0
26,96,80 04:21:33.519,13,131-13331330000,NRCellCU,00005,13,8,0,0,9,0
27,96,80 04:21:33.519,13,131-13331330000,NRCellCU,00005,13,2,0,0,1,0
28,96,80 04:21:33.519,13,131-13331330000,NRCellCU,00005,13,6,0,0,0,0
29,96,80 04:21:33.519,13,131-13331330000,NRCellCU,00005,13,3,0,0,0,0
30,96,80 04:21:33.519,13,131-13331330000,NRCellCU,00005,13,4,0,0,0,0
31,96,80 04:21:33.519,13,131-13331330000,NRCellCU,00005,13,14,0,0,0,0
32,96,80 04:21:33.519,13,131-13331330000,NRCellCU,00005,13,11,0,0,0,0
1,98,80 04:21:33.519,12,131-13331320000,NRCellCU,00061,12,10,0,0,16,0
2,98,80 04:21:33.519,12,131-13331320000,NRCellCU,00061,12,4,0,0,8,0
3,98,80 04:21:33.519,12,131-13331320000,NRCellCU,00061,12,7,0,0,2,0
4,98,80 04:21:33.519,12,131-13331320000,NRCellCU,00061,12,13,0,0,0,0
5,98,80 04:21:33.519,12,131-13331320000,NRCellCU,00061,12,5,0,0,0,0
6,98,80 04:21:33.519,12,131-13331320000,NRCellCU,00061,12,2,0,0,0,0
7,98,80 04:21:33.519,12,131-13331320000,NRCellCU,00061,12,15,0,0,0,0
8,98,80 04:21:33.519,12,131-13331320000,NRCellCU,00061,12,11,0,0,0,0
9,98,80 04:21:33.519,12,131-13331320000,NRCellCU,00019,12,4,0,0,22,0
10,98,80 04:21:33.519,12,131-13331320000,NRCellCU,00019,12,10,0,0,0,0
11,98,80 04:21:33.519,12,131-13331320000,NRCellCU,00019,12,9,0,0,0,0
12,98,80 04:21:33.519,12,131-13331320000,NRCellCU,00019,12,3,0,0,0,0
13,98,80 04:21:33.519,12,131-13331320000,NRCellCU,00019,12,11,0,0,0,0
14,98,80 04:21:33.519,12,131-13331320000,NRCellCU,00019,12,7,0,0,0,0
15,98,80 04:21:33.519,12,131-13331320000,NRCellCU,00019,12,2,0,0,0,0
16,98,80 04:21:33.519,12,131-13331320000,NRCellCU,00019,12,15,0,0,0,0
17,98,80 04:21:33.519,12,131-13331320000,NRCellCU,00009,12,4,0,0,21,0
18,98,80 04:21:33.519,12,131-13331320000,NRCellCU,00009,12,2,0,0,0,0
19,98,80 04:21:33.519,12,131-13331320000,NRCellCU,00009,12,10,0,0,0,0
20,98,80 04:21:33.519,12,131-13331320000,NRCellCU,00009,12,8,0,0,0,0
21,98,80 04:21:33.519,12,131-13331320000,NRCellCU,00009,12,5,0,0,0,0
22,98,80 04:21:33.519,12,131-13331320000,NRCellCU,00009,12,14,0,0,0,0
23,98,80 04:21:33.519,12,131-13331320000,NRCellCU,00009,12,3,0,0,0,0
24,98,80 04:21:33.519,12,131-13331320000,NRCellCU,00009,12,6,0,0,0,0
1,99,80 04:21:33.520,9,131-13339000000,NRCellCU,00020,9,2,0,0,12,0
2,99,80 04:21:33.520,9,131-13339000000,NRCellCU,00020,9,5,0,0,9,0
3,99,80 04:21:33.520,9,131-13339000000,NRCellCU,00020,9,13,0,0,0,0
4,99,80 04:21:33.520,9,131-13339000000,NRCellCU,00020,9,6,0,0,0,0
5,99,80 04:21:33.520,9,131-13339000000,NRCellCU,00020,9,8,0,0,0,0
6,99,80 04:21:33.520,9,131-13339000000,NRCellCU,00020,9,4,0,0,0,0
7,99,80 04:21:33.520,9,131-13339000000,NRCellCU,00020,9,11,0,0,0,0
8,99,80 04:21:33.520,9,131-13339000000,NRCellCU,00020,9,14,0,0,0,0
9,99,80 04:21:33.520,9,131-13339000000,NRCellCU,00010,9,8,0,0,14,0
10,99,80 04:21:33.520,9,131-13339000000,NRCellCU,00010,9,13,0,0,5,0
11,99,80 04:21:33.520,9,131-13339000000,NRCellCU,00010,9,14,0,0,3,0
12,99,80 04:21:33.520,9,131-13339000000,NRCellCU,00010,9,5,0,0,0,0
13,99,80 04:21:33.520,9,131-13339000000,NRCellCU,00010,9,4,0,0,0,0
14,99,80 04:21:33.520,9,131-13339000000,NRCellCU,00010,9,2,0,0,0,0
15,99,80 04:21:33.520,9,131-13339000000,NRCellCU,00010,9,10,0,0,0,0
16,99,80 04:21:33.520,9,131-13339000000,NRCellCU,00010,9,6,0,0,0,0
17,99,80 04:21:33.520,9,131-13339000000,NRCellCU,00057,9,6,0,0,19,0
18,99,80 04:21:33.520,9,131-13339000000,NRCellCU,00057,9,10,0,0,7,0
19,99,80 04:21:33.520,9,131-13339000000,NRCellCU,00057,9,2,0,0,4,0
20,99,80 04:21:33.520,9,131-13339000000,NRCellCU,00057,9,8,0,0,2,0
21,99,80 04:21:33.520,9,131-13339000000,NRCellCU,00057,9,4,0,0,0,0
22,99,80 04:21:33.520,9,131-13339000000,NRCellCU,00057,9,7,0,0,0,0
23,99,80 04:21:33.520,9,131-13339000000,NRCellCU,00057,9,14,0,0,0,0
24,99,80 04:21:33.520,9,131-13339000000,NRCellCU,00057,9,3,0,0,0,0
1,100,80 04:21:33.520,13,131-13331330000,NRCellCU,00005,13,5,0,0,23,0
2,100,80 04:21:33.520,13,131-13331330000,NRCellCU,00005,13,8,0,0,17,0
3,100,80 04:21:33.520,13,131-13331330000,NRCellCU,00005,13,2,0,0,0,0
4,100,80 04:21:33.520,13,131-13331330000,NRCellCU,00005,13,6,0,0,0,0
5,100,80 04:21:33.520,13,131-13331330000,NRCellCU,00005,13,3,0,0,0,0
6,100,80 04:21:33.520,13,131-13331330000,NRCellCU,00005,13,14,0,0,0,0
7,100,80 04:21:33.520,13,131-13331330000,NRCellCU,00005,13,11,0,0,0,0
8,100,80 04:21:33.520,13,131-13331330000,NRCellCU,00005,13,10,0,0,0,0
9,100,80 04:21:33.520,13,131-13331330000,NRCellCU,00014,13,5,0,0,3,0
10,100,80 04:21:33.520,13,131-13331330000,NRCellCU,00014,13,14,0,0,0,0
11,100,80 04:21:33.520,13,131-13331330000,NRCellCU,00014,13,10,0,0,0,0
12,100,80 04:21:33.520,13,131-13331330000,NRCellCU,00014,13,6,0,0,0,0
13,100,80 04:21:33.520,13,131-13331330000,NRCellCU,00014,13,8,0,0,0,0
14,100,80 04:21:33.520,13,131-13331330000,NRCellCU,00014,13,3,0,0,0,0
15,100,80 04:21:33.520,13,131-13331330000,NRCellCU,00014,13,2,0,0,0,0
16,100,80 04:21:33.520,13,131-13331330000,NRCellCU,00014,13,11,0,0,0,0
17,100,80 04:21:33.520,13,131-13331330000,NRCellCU,00066,13,5,0,0,26,0
18,100,80 04:21:33.520,13,131-13331330000,NRCellCU,00066,13,2,0,0,0,0
19,100,80 04:21:33.520,13,131-13331330000,NRCellCU,00066,13,8,0,0,0,0
20,100,80 04:21:33.520,13,131-13331330000,NRCellCU,00066,13,15,0,0,0,0
21,100,80 04:21:33.520,13,131-13331330000,NRCellCU,00066,13,9,0,0,0,0
22,100,80 04:21:33.520,13,131-13331330000,NRCellCU,00066,13,6,0,0,0,0
23,100,80 04:21:33.520,13,131-13331330000,NRCellCU,00066,13,3,0,0,0,0
24,100,80 04:21:33.520,13,131-13331330000,NRCellCU,00066,13,7,0,0,0,0
25,100,80 04:21:33.520,13,131-13331330000,NRCellCU,00060,13,5,0,0,18,0
26,100,80 04:21:33.520,13,131-13331330000,NRCellCU,00060,13,8,0,0,5,0
27,100,80 04:21:33.520,13,131-13331330000,NRCellCU,00060,13,2,0,0,0,0
28,100,80 04:21:33.520,13,131-13331330000,NRCellCU,00060,13,6,0,0,0,0
29,100,80 04:21:33.520,13,131-13331330000,NRCellCU,00060,13,4,0,0,0,0
30,100,80 04:21:33.520,13,131-13331330000,NRCellCU,00060,13,9,0,0,0,0
31,100,80 04:21:33.520,13,131-13331330000,NRCellCU,00060,13,12,0,0,0,0
32,100,80 04:21:33.520,13,131-13331330000,NRCellCU,00060,13,14,0,0,0,0
1,101,80 04:21:33.520,9,131-13339000000,NRCellCU,00010,9,8,0,0,10,0
2,101,80 04:21:33.520,9,131-13339000000,NRCellCU,00010,9,14,0,0,4,0
3,101,80 04:21:33.520,9,131-13339000000,NRCellCU,00010,9,13,0,0,2,0
4,101,80 04:21:33.520,9,131-13339000000,NRCellCU,00010,9,10,0,0,0,0
5,101,80 04:21:33.520,9,131-13339000000,NRCellCU,00010,9,2,0,0,0,0
6,101,80 04:21:33.520,9,131-13339000000,NRCellCU,00010,9,4,0,0,0,0
7,101,80 04:21:33.520,9,131-13339000000,NRCellCU,00010,9,5,0,0,0,0
8,101,80 04:21:33.520,9,131-13339000000,NRCellCU,00010,9,6,0,0,0,0
9,101,80 04:21:33.520,9,131-13339000000,NRCellCU,00020,9,2,0,0,13,0
10,101,80 04:21:33.520,9,131-13339000000,NRCellCU,00020,9,5,0,0,10,0
11,101,80 04:21:33.520,9,131-13339000000,NRCellCU,00020,9,13,0,0,0,0
12,101,80 04:21:33.520,9,131-13339000000,NRCellCU,00020,9,4,0,0,0,0
13,101,80 04:21:33.520,9,131-13339000000,NRCellCU,00020,9,8,0,0,0,0
14,101,80 04:21:33.520,9,131-13339000000,NRCellCU,00020,9,6,0,0,0,0
15,101,80 04:21:33.520,9,131-13339000000,NRCellCU,00020,9,11,0,0,0,0
16,101,80 04:21:33.520,9,131-13339000000,NRCellCU,00020,9,14,0,0,0,0
17,101,80 04:21:33.520,9,131-13339000000,NRCellCU,00057,9,6,0,0,18,0
18,101,80 04:21:33.520,9,131-13339000000,NRCellCU,00057,9,2,0,0,12,0
19,101,80 04:21:33.520,9,131-13339000000,NRCellCU,00057,9,10,0,0,9,0
20,101,80 04:21:33.520,9,131-13339000000,NRCellCU,00057,9,8,0,0,6,0
21,101,80 04:21:33.520,9,131-13339000000,NRCellCU,00057,9,4,0,0,0,0
22,101,80 04:21:33.520,9,131-13339000000,NRCellCU,00057,9,14,0,0,0,0
23,101,80 04:21:33.520,9,131-13339000000,NRCellCU,00057,9,3,0,0,0,0
24,101,80 04:21:33.520,9,131-13339000000,NRCellCU,00057,9,7,0,0,0,0
1,102,80 04:21:33.520,12,131-13331320000,NRCellCU,00061,12,10,0,0,18,0
2,102,80 04:21:33.520,12,131-13331320000,NRCellCU,00061,12,4,0,0,2,0
3,102,80 04:21:33.520,12,131-13331320000,NRCellCU,00061,12,7,0,0,0,0
4,102,80 04:21:33.520,12,131-13331320000,NRCellCU,00061,12,2,0,0,0,0
5,102,80 04:21:33.520,12,131-13331320000,NRCellCU,00061,12,13,0,0,0,0
6,102,80 04:21:33.520,12,131-13331320000,NRCellCU,00061,12,11,0,0,0,0
7,102,80 04:21:33.520,12,131-13331320000,NRCellCU,00061,12,15,0,0,0,0
8,102,80 04:21:33.520,12,131-13331320000,NRCellCU,00061,12,9,0,0,0,0
9,102,80 04:21:33.520,12,131-13331320000,NRCellCU,00009,12,4,0,0,22,0
10,102,80 04:21:33.520,12,131-13331320000,NRCellCU,00009,12,2,0,0,0,0
11,102,80 04:21:33.520,12,131-13331320000,NRCellCU,00009,12,6,0,0,0,0
12,102,80 04:21:33.520,12,131-13331320000,NRCellCU,00009,12,8,0,0,0,0
13,102,80 04:21:33.520,12,131-13331320000,NRCellCU,00009,12,7,0,0,0,0
14,102,80 04:21:33.520,12,131-13331320000,NRCellCU,00009,12,3,0,0,0,0
15,102,80 04:21:33.520,12,131-13331320000,NRCellCU,00009,12,13,0,0,0,0
16,102,80 04:21:33.520,12,131-13331320000,NRCellCU,00009,12,10,0,0,0,0
17,102,80 04:21:33.520,12,131-13331320000,NRCellCU,00019,12,4,0,0,19,0
18,102,80 04:21:33.520,12,131-13331320000,NRCellCU,00019,12,10,0,0,0,0
19,102,80 04:21:33.520,12,131-13331320000,NRCellCU,00019,12,11,0,0,0,0
20,102,80 04:21:33.520,12,131-13331320000,NRCellCU,00019,12,3,0,0,0,0
21,102,80 04:21:33.520,12,131-13331320000,NRCellCU,00019,12,9,0,0,0,0
22,102,80 04:21:33.520,12,131-13331320000,NRCellCU,00019,12,7,0,0,0,0
23,102,80 04:21:33.520,12,131-13331320000,NRCellCU,00019,12,14,0,0,0,0
24,102,80 04:21:33.520,12,131-13331320000,NRCellCU,00019,12,2,0,0,0,0
1,104,80 04:21:33.521,12,131-13331320000,NRCellCU,00009,12,4,0,0,17,0
2,104,80 04:21:33.521,12,131-13331320000,NRCellCU,00009,12,2,0,0,0,0
3,104,80 04:21:33.521,12,131-13331320000,NRCellCU,00009,12,7,0,0,0,0
4,104,80 04:21:33.521,12,131-13331320000,NRCellCU,00009,12,6,0,0,0,0
5,104,80 04:21:33.521,12,131-13331320000,NRCellCU,00009,12,5,0,0,0,0
6,104,80 04:21:33.521,12,131-13331320000,NRCellCU,00009,12,10,0,0,0,0
7,104,80 04:21:33.521,12,131-13331320000,NRCellCU,00009,12,8,0,0,0,0
8,104,80 04:21:33.521,12,131-13331320000,NRCellCU,00009,12,13,0,0,0,0
9,104,80 04:21:33.521,12,131-13331320000,NRCellCU,00061,12,10,0,0,11,0
10,104,80 04:21:33.521,12,131-13331320000,NRCellCU,00061,12,7,0,0,2,0
11,104,80 04:21:33.521,12,131-13331320000,NRCellCU,00061,12,4,0,0,1,0
12,104,80 04:21:33.521,12,131-13331320000,NRCellCU,00061,12,11,0,0,0,0
13,104,80 04:21:33.521,12,131-13331320000,NRCellCU,00061,12,13,0,0,0,0
14,104,80 04:21:33.521,12,131-13331320000,NRCellCU,00061,12,2,0,0,0,0
15,104,80 04:21:33.521,12,131-13331320000,NRCellCU,00061,12,15,0,0,0,0
16,104,80 04:21:33.521,12,131-13331320000,NRCellCU,00061,12,5,0,0,0,0
17,104,80 04:21:33.521,12,131-13331320000,NRCellCU,00019,12,4,0,0,17,0
18,104,80 04:21:33.521,12,131-13331320000,NRCellCU,00019,12,10,0,0,7,0
19,104,80 04:21:33.521,12,131-13331320000,NRCellCU,00019,12,3,0,0,0,0
20,104,80 04:21:33.521,12,131-13331320000,NRCellCU,00019,12,9,0,0,0,0
21,104,80 04:21:33.521,12,131-13331320000,NRCellCU,00019,12,11,0,0,0,0
22,104,80 04:21:33.521,12,131-13331320000,NRCellCU,00019,12,7,0,0,0,0
23,104,80 04:21:33.521,12,131-13331320000,NRCellCU,00019,12,2,0,0,0,0
24,104,80 04:21:33.521,12,131-13331320000,NRCellCU,00019,12,14,0,0,0,0
1,106,80 04:21:33.521,12,131-13331320000,NRCellCU,00009,12,4,0,0,7,0
2,106,80 04:21:33.521,12,131-13331320000,NRCellCU,00009,12,2,0,0,0,0
3,106,80 04:21:33.521,12,131-13331320000,NRCellCU,00009,12,10,0,0,0,0
4,106,80 04:21:33.521,12,131-13331320000,NRCellCU,00009,12,5,0,0,0,0
5,106,80 04:21:33.521,12,131-13331320000,NRCellCU,00009,12,7,0,0,0,0
6,106,80 04:21:33.521,12,131-13331320000,NRCellCU,00009,12,6,0,0,0,0
7,106,80 04:21:33.521,12,131-13331320000,NRCellCU,00009,12,8,0,0,0,0
8,106,80 04:21:33.521,12,131-13331320000,NRCellCU,00009,12,13,0,0,0,0
9,106,80 04:21:33.521,12,131-13331320000,NRCellCU,00019,12,4,0,0,25,0
10,106,80 04:21:33.521,12,131-13331320000,NRCellCU,00019,12,10,0,0,10,0
11,106,80 04:21:33.521,12,131-13331320000,NRCellCU,00019,12,9,0,0,0,0
12,106,80 04:21:33.521,12,131-13331320000,NRCellCU,00019,12,3,0,0,0,0
13,106,80 04:21:33.521,12,131-13331320000,NRCellCU,00019,12,7,0,0,0,0
14,106,80 04:21:33.521,12,131-13331320000,NRCellCU,00019,12,11,0,0,0,0
15,106,80 04:21:33.521,12,131-13331320000,NRCellCU,00019,12,2,0,0,0,0
16,106,80 04:21:33.521,12,131-13331320000,NRCellCU,00019,12,14,0,0,0,0
17,106,80 04:21:33.521,12,131-13331320000,NRCellCU,00061,12,10,0,0,16,0
18,106,80 04:21:33.521,12,131-13331320000,NRCellCU,00061,12,7,0,0,7,0
19,106,80 04:21:33.521,12,131-13331320000,NRCellCU,00061,12,4,0,0,0,0
20,106,80 04:21:33.521,12,131-13331320000,NRCellCU,00061,12,13,0,0,0,0
21,106,80 04:21:33.521,12,131-13331320000,NRCellCU,00061,12,2,0,0,0,0
22,106,80 04:21:33.521,12,131-13331320000,NRCellCU,00061,12,11,0,0,0,0
23,106,80 04:21:33.521,12,131-13331320000,NRCellCU,00061,12,15,0,0,0,0
24,106,80 04:21:33.521,12,131-13331320000,NRCellCU,00061,12,5,0,0,0,0
1,107,80 04:21:33.522,12,131-13331320000,NRCellCU,00061,12,7,0,0,11,0
2,107,80 04:21:33.522,12,131-13331320000,NRCellCU,00061,12,10,0,0,8,0
3,107,80 04:21:33.522,12,131-13331320000,NRCellCU,00061,12,4,0,0,6,0
4,107,80 04:21:33.522,12,131-13331320000,NRCellCU,00061,12,14,0,0,0,0
5,107,80 04:21:33.522,12,131-13331320000,NRCellCU,00061,12,13,0,0,0,0
6,107,80 04:21:33.522,12,131-13331320000,NRCellCU,00061,12,2,0,0,0,0
7,107,80 04:21:33.522,12,131-13331320000,NRCellCU,00061,12,15,0,0,0,0
8,107,80 04:21:33.522,12,131-13331320000,NRCellCU,00061,12,5,0,0,0,0
9,107,80 04:21:33.522,12,131-13331320000,NRCellCU,00009,12,4,0,0,16,0
10,107,80 04:21:33.522,12,131-13331320000,NRCellCU,00009,12,2,0,0,0,0
11,107,80 04:21:33.522,12,131-13331320000,NRCellCU,00009,12,7,0,0,0,0
12,107,80 04:21:33.522,12,131-13331320000,NRCellCU,00009,12,6,0,0,0,0
13,107,80 04:21:33.522,12,131-13331320000,NRCellCU,00009,12,5,0,0,0,0
14,107,80 04:21:33.522,12,131-13331320000,NRCellCU,00009,12,11,0,0,0,0
15,107,80 04:21:33.522,12,131-13331320000,NRCellCU,00009,12,13,0,0,0,0
16,107,80 04:21:33.522,12,131-13331320000,NRCellCU,00009,12,8,0,0,0,0
17,107,80 04:21:33.522,12,131-13331320000,NRCellCU,00019,12,4,0,0,23,0
18,107,80 04:21:33.522,12,131-13331320000,NRCellCU,00019,12,10,0,0,5,0
19,107,80 04:21:33.522,12,131-13331320000,NRCellCU,00019,12,7,0,0,0,0
20,107,80 04:21:33.522,12,131-13331320000,NRCellCU,00019,12,3,0,0,0,0
21,107,80 04:21:33.522,12,131-13331320000,NRCellCU,00019,12,14,0,0,0,0
22,107,80 04:21:33.522,12,131-13331320000,NRCellCU,00019,12,9,0,0,0,0
23,107,80 04:21:33.522,12,131-13331320000,NRCellCU,00019,12,11,0,0,0,0
24,107,80 04:21:33.522,12,131-13331320000,NRCellCU,00019,12,2,0,0,0,0
1,108,80 04:21:33.522,8,131-13338000000,NRCellCU,00038,8,13,0,0,19,0
2,108,80 04:21:33.522,8,131-13338000000,NRCellCU,00038,8,5,0,0,7,0
3,108,80 04:21:33.522,8,131-13338000000,NRCellCU,00038,8,9,0,0,0,0
4,108,80 04:21:33.522,8,131-13338000000,NRCellCU,00038,8,3,0,0,0,0
5,108,80 04:21:33.522,8,131-13338000000,NRCellCU,00038,8,4,0,0,0,0
6,108,80 04:21:33.522,8,131-13338000000,NRCellCU,00038,8,7,0,0,0,0
7,108,80 04:21:33.522,8,131-13338000000,NRCellCU,00038,8,11,0,0,0,0
8,108,80 04:21:33.522,8,131-13338000000,NRCellCU,00038,8,10,0,0,0,0
9,108,80 04:21:33.522,8,131-13338000000,NRCellCU,00021,8,7,0,0,13,0
10,108,80 04:21:33.522,8,131-13338000000,NRCellCU,00021,8,5,0,0,9,0
11,108,80 04:21:33.522,8,131-13338000000,NRCellCU,00021,8,11,0,0,0,0
12,108,80 04:21:33.522,8,131-13338000000,NRCellCU,00021,8,2,0,0,0,0
13,108,80 04:21:33.522,8,131-13338000000,NRCellCU,00021,8,3,0,0,0,0
14,108,80 04:21:33.522,8,131-13338000000,NRCellCU,00021,8,15,0,0,0,0
15,108,80 04:21:33.522,8,131-13338000000,NRCellCU,00021,8,12,0,0,0,0
16,108,80 04:21:33.522,8,131-13338000000,NRCellCU,00021,8,4,0,0,0,0
1,109,80 04:21:33.523,2,131-13332000000,NRCellCU,00006,2,5,0,0,13,0
2,109,80 04:21:33.523,2,131-13332000000,NRCellCU,00006,2,15,0,0,10,0
3,109,80 04:21:33.523,2,131-13332000000,NRCellCU,00006,2,4,0,0,0,0
4,109,80 04:21:33.523,2,131-13332000000,NRCellCU,00006,2,3,0,0,0,0
5,109,80 04:21:33.523,2,131-13332000000,NRCellCU,00006,2,6,0,0,0,0
6,109,80 04:21:33.523,2,131-13332000000,NRCellCU,00006,2,9,0,0,0,0
7,109,80 04:21:33.523,2,131-13332000000,NRCellCU,00006,2,7,0,0,0,0
8,109,80 04:21:33.523,2,131-13332000000,NRCellCU,00006,2,11,0,0,0,0
9,109,80 04:21:33.523,2,131-13332000000,NRCellCU,00022,2,6,0,0,23,0
10,109,80 04:21:33.523,2,131-13332000000,NRCellCU,00022,2,10,0,0,14,0
11,109,80 04:21:33.523,2,131-13332000000,NRCellCU,00022,2,12,0,0,5,0
12,109,80 04:21:33.523,2,131-13332000000,NRCellCU,00022,2,8,0,0,0,0
13,109,80 04:21:33.523,2,131-13332000000,NRCellCU,00022,2,4,0,0,0,0
14,109,80 04:21:33.523,2,131-13332000000,NRCellCU,00022,2,11,0,0,0,0
15,109,80 04:21:33.523,2,131-13332000000,NRCellCU,00022,2,15,0,0,0,0
16,109,80 04:21:33.523,2,131-13332000000,NRCellCU,00022,2,9,0,0,0,0
17,109,80 04:21:33.523,2,131-13332000000,NRCellCU,00040,2,3,0,0,30,0
18,109,80 04:21:33.523,2,131-13332000000,NRCellCU,00040,2,4,0,0,4,0
19,109,80 04:21:33.523,2,131-13332000000,NRCellCU,00040,2,9,0,0,0,0
20,109,80 04:21:33.523,2,131-13332000000,NRCellCU,00040,2,6,0,0,0,0
21,109,80 04:21:33.523,2,131-13332000000,NRCellCU,00040,2,11,0,0,0,0
22,109,80 04:21:33.523,2,131-13332000000,NRCellCU,00040,2,5,0,0,0,0
23,109,80 04:21:33.523,2,131-13332000000,NRCellCU,00040,2,7,0,0,0,0
24,109,80 04:21:33.523,2,131-13332000000,NRCellCU,00040,2,10,0,0,0,0
1,113,80 04:21:33.525,8,131-13338000000,NRCellCU,00038,8,13,0,0,15,0
2,113,80 04:21:33.525,8,131-13338000000,NRCellCU,00038,8,5,0,0,0,0
3,113,80 04:21:33.525,8,131-13338000000,NRCellCU,00038,8,3,0,0,0,0
4,113,80 04:21:33.525,8,131-13338000000,NRCellCU,00038,8,7,0,0,0,0
5,113,80 04:21:33.525,8,131-13338000000,NRCellCU,00038,8,11,0,0,0,0
6,113,80 04:21:33.525,8,131-13338000000,NRCellCU,00038,8,4,0,0,0,0
7,113,80 04:21:33.525,8,131-13338000000,NRCellCU,00038,8,10,0,0,0,0
8,113,80 04:21:33.525,8,131-13338000000,NRCellCU,00038,8,9,0,0,0,0
9,113,80 04:21:33.525,8,131-13338000000,NRCellCU,00021,8,11,0,0,11,0
10,113,80 04:21:33.525,8,131-13338000000,NRCellCU,00021,8,5,0,0,3,0
11,113,80 04:21:33.525,8,131-13338000000,NRCellCU,00021,8,15,0,0,0,0
12,113,80 04:21:33.525,8,131-13338000000,NRCellCU,00021,8,2,0,0,0,0
13,113,80 04:21:33.525,8,131-13338000000,NRCellCU,00021,8,3,0,0,0,0
14,113,80 04:21:33.525,8,131-13338000000,NRCellCU,00021,8,9,0,0,0,0
15,113,80 04:21:33.525,8,131-13338000000,NRCellCU,00021,8,7,0,0,0,0
16,113,80 04:21:33.525,8,131-13338000000,NRCellCU,00021,8,12,0,0,0,0
1,114,80 04:21:33.525,14,131-13331340000,NRCellCU,00053,14,9,0,0,6,0
2,114,80 04:21:33.525,14,131-13331340000,NRCellCU,00053,14,6,0,0,0,0
3,114,80 04:21:33.525,14,131-13331340000,NRCellCU,00053,14,5,0,0,0,0
4,114,80 04:21:33.525,14,131-13331340000,NRCellCU,00053,14,2,0,0,0,0
5,114,80 04:21:33.525,14,131-13331340000,NRCellCU,00053,14,4,0,0,0,0
6,114,80 04:21:33.525,14,131-13331340000,NRCellCU,00053,14,8,0,0,0,0
7,114,80 04:21:33.525,14,131-13331340000,NRCellCU,00053,14,10,0,0,0,0
8,114,80 04:21:33.525,14,131-13331340000,NRCellCU,00053,14,7,0,0,0,0
9,114,80 04:21:33.525,14,131-13331340000,NRCellCU,00024,14,6,0,0,0,0
10,114,80 04:21:33.525,14,131-13331340000,NRCellCU,00024,14,10,0,0,0,0
11,114,80 04:21:33.525,14,131-13331340000,NRCellCU,00024,14,2,0,0,0,0
12,114,80 04:21:33.525,14,131-13331340000,NRCellCU,00024,14,9,0,0,0,0
13,114,80 04:21:33.525,14,131-13331340000,NRCellCU,00024,14,7,0,0,0,0
14,114,80 04:21:33.525,14,131-13331340000,NRCellCU,00024,14,5,0,0,0,0
15,114,80 04:21:33.525,14,131-13331340000,NRCellCU,00024,14,4,0,0,0,0
16,114,80 04:21:33.525,14,131-13331340000,NRCellCU,00024,14,8,0,0,0,0
17,114,80 04:21:33.525,14,131-13331340000,NRCellCU,00044,14,6,0,0,19,0
18,114,80 04:21:33.525,14,131-13331340000,NRCellCU,00044,14,9,0,0,19,0
19,114,80 04:21:33.525,14,131-13331340000,NRCellCU,00044,14,10,0,0,0,0
20,114,80 04:21:33.525,14,131-13331340000,NRCellCU,00044,14,5,0,0,0,0
21,114,80 04:21:33.525,14,131-13331340000,NRCellCU,00044,14,2,0,0,0,0
22,114,80 04:21:33.525,14,131-13331340000,NRCellCU,00044,14,4,0,0,0,0
23,114,80 04:21:33.525,14,131-13331340000,NRCellCU,00044,14,12,0,0,0,0
24,114,80 04:21:33.525,14,131-13331340000,NRCellCU,00044,14,3,0,0,0,0
25,114,80 04:21:33.525,14,131-13331340000,NRCellCU,00023,14,6,0,0,15,0
26,114,80 04:21:33.525,14,131-13331340000,NRCellCU,00023,14,11,0,0,0,0
27,114,80 04:21:33.525,14,131-13331340000,NRCellCU,00023,14,5,0,0,0,0
28,114,80 04:21:33.525,14,131-13331340000,NRCellCU,00023,14,10,0,0,0,0
29,114,80 04:21:33.525,14,131-13331340000,NRCellCU,00023,14,13,0,0,0,0
30,114,80 04:21:33.525,14,131-13331340000,NRCellCU,00023,14,2,0,0,0,0
31,114,80 04:21:33.525,14,131-13331340000,NRCellCU,00023,14,12,0,0,0,0
32,114,80 04:21:33.525,14,131-13331340000,NRCellCU,00023,14,8,0,0,0,0
1,115,80 04:21:33.526,14,131-13331340000,NRCellCU,00023,14,6,0,0,11,0
2,115,80 04:21:33.526,14,131-13331340000,NRCellCU,00023,14,11,0,0,0,0
3,115,80 04:21:33.526,14,131-13331340000,NRCellCU,00023,14,2,0,0,0,0
4,115,80 04:21:33.526,14,131-13331340000,NRCellCU,00023,14,9,0,0,0,0
5,115,80 04:21:33.526,14,131-13331340000,NRCellCU,00023,14,12,0,0,0,0
6,115,80 04:21:33.526,14,131-13331340000,NRCellCU,00023,14,10,0,0,0,0
7,115,80 04:21:33.526,14,131-13331340000,NRCellCU,00023,14,5,0,0,0,0
8,115,80 04:21:33.526,14,131-13331340000,NRCellCU,00023,14,13,0,0,0,0
9,115,80 04:21:33.526,14,131-13331340000,NRCellCU,00044,14,9,0,0,14,0
10,115,80 04:21:33.526,14,131-13331340000,NRCellCU,00044,14,6,0,0,5,0
11,115,80 04:21:33.526,14,131-13331340000,NRCellCU,00044,14,5,0,0,0,0
12,115,80 04:21:33.526,14,131-13331340000,NRCellCU,00044,14,10,0,0,0,0
13,115,80 04:21:33.526,14,131-13331340000,NRCellCU,00044,14,3,0,0,0,0
14,115,80 04:21:33.526,14,131-13331340000,NRCellCU,00044,14,2,0,0,0,0
15,115,80 04:21:33.526,14,131-13331340000,NRCellCU,00044,14,4,0,0,0,0
16,115,80 04:21:33.526,14,131-13331340000,NRCellCU,00044,14,12,0,0,0,0
17,115,80 04:21:33.526,14,131-13331340000,NRCellCU,00024,14,10,0,0,0,0
18,115,80 04:21:33.526,14,131-13331340000,NRCellCU,00024,14,6,0,0,0,0
19,115,80 04:21:33.526,14,131-13331340000,NRCellCU,00024,14,9,0,0,0,0
20,115,80 04:21:33.526,14,131-13331340000,NRCellCU,00024,14,2,0,0,0,0
21,115,80 04:21:33.526,14,131-13331340000,NRCellCU,00024,14,7,0,0,0,0
22,115,80 04:21:33.526,14,131-13331340000,NRCellCU,00024,14,4,0,0,0,0
23,115,80 04:21:33.526,14,131-13331340000,NRCellCU,00024,14,5,0,0,0,0
24,115,80 04:21:33.526,14,131-13331340000,NRCellCU,00024,14,12,0,0,0,0
25,115,80 04:21:33.526,14,131-13331340000,NRCellCU,00053,14,9,0,0,7,0
26,115,80 04:21:33.526,14,131-13331340000,NRCellCU,00053,14,6,0,0,0,0
27,115,80 04:21:33.526,14,131-13331340000,NRCellCU,00053,14,2,0,0,0,0
28,115,80 04:21:33.526,14,131-13331340000,NRCellCU,00053,14,5,0,0,0,0
29,115,80 04:21:33.526,14,131-13331340000,NRCellCU,00053,14,4,0,0,0,0
30,115,80 04:21:33.526,14,131-13331340000,NRCellCU,00053,14,8,0,0,0,0
31,115,80 04:21:33.526,14,131-13331340000,NRCellCU,00053,14,7,0,0,0,0
32,115,80 04:21:33.526,14,131-13331340000,NRCellCU,00053,14,10,0,0,0,0
1,116,80 04:21:33.528,8,131-13338000000,NRCellCU,00046,8,3,0,0,9,0
2,116,80 04:21:33.528,8,131-13338000000,NRCellCU,00046,8,11,0,0,4,0
3,116,80 04:21:33.528,8,131-13338000000,NRCellCU,00046,8,7,0,0,1,0
4,116,80 04:21:33.528,8,131-13338000000,NRCellCU,00046,8,14,0,0,0,0
5,116,80 04:21:33.528,8,131-13338000000,NRCellCU,00046,8,5,0,0,0,0
6,116,80 04:21:33.528,8,131-13338000000,NRCellCU,00046,8,2,0,0,0,0
7,116,80 04:21:33.528,8,131-13338000000,NRCellCU,00046,8,9,0,0,0,0
8,116,80 04:21:33.528,8,131-13338000000,NRCellCU,00046,8,12,0,0,0,0
9,116,80 04:21:33.528,8,131-13338000000,NRCellCU,00021,8,9,0,0,14,0
10,116,80 04:21:33.528,8,131-13338000000,NRCellCU,00021,8,11,0,0,13,0
11,116,80 04:21:33.528,8,131-13338000000,NRCellCU,00021,8,3,0,0,0,0
12,116,80 04:21:33.528,8,131-13338000000,NRCellCU,00021,8,2,0,0,0,0
13,116,80 04:21:33.528,8,131-13338000000,NRCellCU,00021,8,15,0,0,0,0
14,116,80 04:21:33.528,8,131-13338000000,NRCellCU,00021,8,7,0,0,0,0
15,116,80 04:21:33.528,8,131-13338000000,NRCellCU,00021,8,5,0,0,0,0
16,116,80 04:21:33.528,8,131-13338000000,NRCellCU,00021,8,12,0,0,0,0
17,116,80 04:21:33.528,8,131-13338000000,NRCellCU,00038,8,13,0,0,19,0
18,116,80 04:21:33.528,8,131-13338000000,NRCellCU,00038,8,5,0,0,7,0
19,116,80 04:21:33.528,8,131-13338000000,NRCellCU,00038,8,7,0,0,0,0
20,116,80 04:21:33.528,8,131-13338000000,NRCellCU,00038,8,11,0,0,0,0
21,116,80 04:21:33.528,8,131-13338000000,NRCellCU,00038,8,4,0,0,0,0
22,116,80 04:21:33.528,8,131-13338000000,NRCellCU,00038,8,3,0,0,0,0
23,116,80 04:21:33.528,8,131-13338000000,NRCellCU,00038,8,9,0,0,0,0
24,116,80 04:21:33.528,8,131-13338000000,NRCellCU,00038,8,10,0,0,0,0
1,117,80 04:21:33.528,12,131-13331320000,NRCellCU,00064,12,7,0,0,10,0
2,117,80 04:21:33.528,12,131-13331320000,NRCellCU,00064,12,10,0,0,3,0
3,117,80 04:21:33.528,12,131-13331320000,NRCellCU,00064,12,15,0,0,0,0
4,117,80 04:21:33.528,12,131-13331320000,NRCellCU,00064,12,5,0,0,0,0
5,117,80 04:21:33.528,12,131-13331320000,NRCellCU,00064,12,4,0,0,0,0
6,117,80 04:21:33.528,12,131-13331320000,NRCellCU,00064,12,2,0,0,0,0
7,117,80 04:21:33.528,12,131-13331320000,NRCellCU,00064,12,3,0,0,0,0
8,117,80 04:21:33.528,12,131-13331320000,NRCellCU,00064,12,14,0,0,0,0
9,117,80 04:21:33.528,12,131-13331320000,NRCellCU,00061,12,10,0,0,28,0
10,117,80 04:21:33.528,12,131-13331320000,NRCellCU,00061,12,2,0,0,11,0
11,117,80 04:21:33.528,12,131-13331320000,NRCellCU,00061,12,7,0,0,7,0
12,117,80 04:21:33.528,12,131-13331320000,NRCellCU,00061,12,4,0,0,0,0
13,117,80 04:21:33.528,12,131-13331320000,NRCellCU,00061,12,9,0,0,0,0
14,117,80 04:21:33.528,12,131-13331320000,NRCellCU,00061,12,5,0,0,0,0
15,117,80 04:21:33.528,12,131-13331320000,NRCellCU,00061,12,11,0,0,0,0
16,117,80 04:21:33.528,12,131-13331320000,NRCellCU,00061,12,14,0,0,0,0
17,117,80 04:21:33.528,12,131-13331320000,NRCellCU,00019,12,4,0,0,18,0
18,117,80 04:21:33.528,12,131-13331320000,NRCellCU,00019,12,11,0,0,10,0
19,117,80 04:21:33.528,12,131-13331320000,NRCellCU,00019,12,10,0,0,7,0
20,117,80 04:21:33.528,12,131-13331320000,NRCellCU,00019,12,7,0,0,0,0
21,117,80 04:21:33.528,12,131-13331320000,NRCellCU,00019,12,14,0,0,0,0
22,117,80 04:21:33.528,12,131-13331320000,NRCellCU,00019,12,9,0,0,0,0
23,117,80 04:21:33.528,12,131-13331320000,NRCellCU,00019,12,3,0,0,0,0
24,117,80 04:21:33.528,12,131-13331320000,NRCellCU,00019,12,6,0,0,0,0
1,118,80 04:21:33.528,9,131-13339000000,NRCellCU,00025,9,5,0,0,24,0
2,118,80 04:21:33.528,9,131-13339000000,NRCellCU,00025,9,6,0,0,7,0
3,118,80 04:21:33.528,9,131-13339000000,NRCellCU,00025,9,2,0,0,2,0
4,118,80 04:21:33.528,9,131-13339000000,NRCellCU,00025,9,13,0,0,0,0
5,118,80 04:21:33.528,9,131-13339000000,NRCellCU,00025,9,8,0,0,0,0
6,118,80 04:21:33.528,9,131-13339000000,NRCellCU,00025,9,12,0,0,0,0
7,118,80 04:21:33.528,9,131-13339000000,NRCellCU,00025,9,3,0,0,0,0
8,118,80 04:21:33.528,9,131-13339000000,NRCellCU,00025,9,7,0,0,0,0
9,118,80 04:21:33.528,9,131-13339000000,NRCellCU,00010,9,8,0,0,18,0
10,118,80 04:21:33.528,9,131-13339000000,NRCellCU,00010,9,14,0,0,2,0
11,118,80 04:21:33.528,9,131-13339000000,NRCellCU,00010,9,6,0,0,1,0
12,118,80 04:21:33.528,9,131-13339000000,NRCellCU,00010,9,5,0,0,0,0
13,118,80 04:21:33.528,9,131-13339000000,NRCellCU,00010,9,2,0,0,0,0
14,118,80 04:21:33.528,9,131-13339000000,NRCellCU,00010,9,7,0,0,0,0
15,118,80 04:21:33.528,9,131-13339000000,NRCellCU,00010,9,13,0,0,0,0
16,118,80 04:21:33.528,9,131-13339000000,NRCellCU,00010,9,10,0,0,0,0
17,118,80 04:21:33.528,9,131-13339000000,NRCellCU,00057,9,2,0,0,17,0
18,118,80 04:21:33.528,9,131-13339000000,NRCellCU,00057,9,8,0,0,0,0
19,118,80 04:21:33.528,9,131-13339000000,NRCellCU,00057,9,5,0,0,0,0
20,118,80 04:21:33.528,9,131-13339000000,NRCellCU,00057,9,4,0,0,0,0
21,118,80 04:21:33.528,9,131-13339000000,NRCellCU,00057,9,6,0,0,0,0
22,118,80 04:21:33.528,9,131-13339000000,NRCellCU,00057,9,3,0,0,0,0
23,118,80 04:21:33.528,9,131-13339000000,NRCellCU,00057,9,10,0,0,0,0
24,118,80 04:21:33.528,9,131-13339000000,NRCellCU,00057,9,15,0,0,0,0
1,119,80 04:21:33.529,9,131-13339000000,NRCellCU,00025,9,5,0,0,31,0
2,119,80 04:21:33.529,9,131-13339000000,NRCellCU,00025,9,2,0,0,10,0
3,119,80 04:21:33.529,9,131-13339000000,NRCellCU,00025,9,13,0,0,0,0
4,119,80 04:21:33.529,9,131-13339000000,NRCellCU,00025,9,6,0,0,0,0
5,119,80 04:21:33.529,9,131-13339000000,NRCellCU,00025,9,12,0,0,0,0
6,119,80 04:21:33.529,9,131-13339000000,NRCellCU,00025,9,8,0,0,0,0
7,119,80 04:21:33.529,9,131-13339000000,NRCellCU,00025,9,7,0,0,0,0
8,119,80 04:21:33.529,9,131-13339000000,NRCellCU,00025,9,15,0,0,0,0
9,119,80 04:21:33.529,9,131-13339000000,NRCellCU,00057,9,2,0,0,21,0
10,119,80 04:21:33.529,9,131-13339000000,NRCellCU,00057,9,8,0,0,0,0
11,119,80 04:21:33.529,9,131-13339000000,NRCellCU,00057,9,4,0,0,0,0
12,119,80 04:21:33.529,9,131-13339000000,NRCellCU,00057,9,10,0,0,0,0
13,119,80 04:21:33.529,9,131-13339000000,NRCellCU,00057,9,6,0,0,0,0
14,119,80 04:21:33.529,9,131-13339000000,NRCellCU,00057,9,14,0,0,0,0
15,119,80 04:21:33.529,9,131-13339000000,NRCellCU,00057,9,5,0,0,0,0
16,119,80 04:21:33.529,9,131-13339000000,NRCellCU,00057,9,3,0,0,0,0
17,119,80 04:21:33.529,9,131-13339000000,NRCellCU,00010,9,8,0,0,10,0
18,119,80 04:21:33.529,9,131-13339000000,NRCellCU,00010,9,14,0,0,7,0
19,119,80 04:21:33.529,9,131-13339000000,NRCellCU,00010,9,5,0,0,0,0
20,119,80 04:21:33.529,9,131-13339000000,NRCellCU,00010,9,6,0,0,0,0
21,119,80 04:21:33.529,9,131-13339000000,NRCellCU,00010,9,13,0,0,0,0
22,119,80 04:21:33.529,9,131-13339000000,NRCellCU,00010,9,7,0,0,0,0
23,119,80 04:21:33.529,9,131-13339000000,NRCellCU,00010,9,10,0,0,0,0
24,119,80 04:21:33.529,9,131-13339000000,NRCellCU,00010,9,2,0,0,0,0
1,120,80 04:21:33.529,2,131-13332000000,NRCellCU,00040,2,3,0,0,16,0
2,120,80 04:21:33.529,2,131-13332000000,NRCellCU,00040,2,6,0,0,0,0
3,120,80 04:21:33.529,2,131-13332000000,NRCellCU,00040,2,9,0,0,0,0
4,120,80 04:21:33.529,2,131-13332000000,NRCellCU,00040,2,4,0,0,0,0
5,120,80 04:21:33.529,2,131-13332000000,NRCellCU,00040,2,15,0,0,0,0
6,120,80 04:21:33.529,2,131-13332000000,NRCellCU,00040,2,7,0,0,0,0
7,120,80 04:21:33.529,2,131-13332000000,NRCellCU,00040,2,5,0,0,0,0
8,120,80 04:21:33.529,2,131-13332000000,NRCellCU,00040,2,11,0,0,0,0
9,120,80 04:21:33.529,2,131-13332000000,NRCellCU,00022,2,6,0,0,8,0
10,120,80 04:21:33.529,2,131-13332000000,NRCellCU,00022,2,12,0,0,8,0
11,120,80 04:21:33.529,2,131-13332000000,NRCellCU,00022,2,10,0,0,1,0
12,120,80 04:21:33.529,2,131-13332000000,NRCellCU,00022,2,4,0,0,0,0
13,120,80 04:21:33.529,2,131-13332000000,NRCellCU,00022,2,3,0,0,0,0
14,120,80 04:21:33.529,2,131-13332000000,NRCellCU,00022,2,9,0,0,0,0
15,120,80 04:21:33.529,2,131-13332000000,NRCellCU,00022,2,8,0,0,0,0
16,120,80 04:21:33.529,2,131-13332000000,NRCellCU,00022,2,11,0,0,0,0
17,120,80 04:21:33.529,2,131-13332000000,NRCellCU,00006,2,3,0,0,19,0
18,120,80 04:21:33.529,2,131-13332000000,NRCellCU,00006,2,5,0,0,12,0
19,120,80 04:21:33.529,2,131-13332000000,NRCellCU,00006,2,4,0,0,8,0
20,120,80 04:21:33.529,2,131-13332000000,NRCellCU,00006,2,15,0,0,3,0
21,120,80 04:21:33.529,2,131-13332000000,NRCellCU,00006,2,12,0,0,0,0
22,120,80 04:21:33.529,2,131-13332000000,NRCellCU,00006,2,6,0,0,0,0
23,120,80 04:21:33.529,2,131-13332000000,NRCellCU,00006,2,11,0,0,0,0
24,120,80 04:21:33.529,2,131-13332000000,NRCellCU,00006,2,10,0,0,0,0
25,120,80 04:21:33.529,2,131-13332000000,NRCellCU,00052,2,3,0,0,9,0
26,120,80 04:21:33.529,2,131-13332000000,NRCellCU,00052,2,11,0,0,9,0
27,120,80 04:21:33.529,2,131-13332000000,NRCellCU,00052,2,4,0,0,8,0
28,120,80 04:21:33.529,2,131-13332000000,NRCellCU,00052,2,5,0,0,1,0
29,120,80 04:21:33.529,2,131-13332000000,NRCellCU,00052,2,15,0,0,0,0
30,120,80 04:21:33.529,2,131-13332000000,NRCellCU,00052,2,7,0,0,0,0
31,120,80 04:21:33.529,2,131-13332000000,NRCellCU,00052,2,13,0,0,0,0
32,120,80 04:21:33.529,2,131-13332000000,NRCellCU,00052,2,10,0,0,0,0
1,121,80 04:21:33.530,12,131-13331320000,NRCellCU,00009,12,4,0,0,22,0
2,121,80 04:21:33.530,12,131-13331320000,NRCellCU,00009,12,10,0,0,0,0
3,121,80 04:21:33.530,12,131-13331320000,NRCellCU,00009,12,3,0,0,0,0
4,121,80 04:21:33.530,12,131-13331320000,NRCellCU,00009,12,2,0,0,0,0
5,121,80 04:21:33.530,12,131-13331320000,NRCellCU,00009,12,7,0,0,0,0
6,121,80 04:21:33.530,12,131-13331320000,NRCellCU,00009,12,11,0,0,0,0
7,121,80 04:21:33.530,12,131-13331320000,NRCellCU,00009,12,9,0,0,0,0
8,121,80 04:21:33.530,12,131-13331320000,NRCellCU,00009,12,14,0,0,0,0
9,121,80 04:21:33.530,12,131-13331320000,NRCellCU,00019,12,4,0,0,8,0
10,121,80 04:21:33.530,12,131-13331320000,NRCellCU,00019,12,11,0,0,7,0
11,121,80 04:21:33.530,12,131-13331320000,NRCellCU,00019,12,10,0,0,5,0
12,121,80 04:21:33.530,12,131-13331320000,NRCellCU,00019,12,14,0,0,0,0
13,121,80 04:21:33.530,12,131-13331320000,NRCellCU,00019,12,7,0,0,0,0
14,121,80 04:21:33.530,12,131-13331320000,NRCellCU,00019,12,3,0,0,0,0
15,121,80 04:21:33.530,12,131-13331320000,NRCellCU,00019,12,2,0,0,0,0
16,121,80 04:21:33.530,12,131-13331320000,NRCellCU,00019,12,9,0,0,0,0
17,121,80 04:21:33.530,12,131-13331320000,NRCellCU,00061,12,10,0,0,32,0
18,121,80 04:21:33.530,12,131-13331320000,NRCellCU,00061,12,7,0,0,12,0
19,121,80 04:21:33.530,12,131-13331320000,NRCellCU,00061,12,2,0,0,4,0
20,121,80 04:21:33.530,12,131-13331320000,NRCellCU,00061,12,4,0,0,0,0
21,121,80 04:21:33.530,12,131-13331320000,NRCellCU,00061,12,11,0,0,0,0
22,121,80 04:21:33.530,12,131-13331320000,NRCellCU,00061,12,5,0,0,0,0
23,121,80 04:21:33.530,12,131-13331320000,NRCellCU,00061,12,14,0,0,0,0
24,121,80 04:21:33.530,12,131-13331320000,NRCellCU,00061,12,9,0,0,0,0
25,121,80 04:21:33.530,12,131-13331320000,NRCellCU,00064,12,7,0,0,16,0
26,121,80 04:21:33.530,12,131-13331320000,NRCellCU,00064,12,15,0,0,0,0
27,121,80 04:21:33.530,12,131-13331320000,NRCellCU,00064,12,10,0,0,0,0
28,121,80 04:21:33.530,12,131-13331320000,NRCellCU,00064,12,8,0,0,0,0
29,121,80 04:21:33.530,12,131-13331320000,NRCellCU,00064,12,5,0,0,0,0
30,121,80 04:21:33.530,12,131-13331320000,NRCellCU,00064,12,3,0,0,0,0
31,121,80 04:21:33.530,12,131-13331320000,NRCellCU,00064,12,4,0,0,0,0
32,121,80 04:21:33.530,12,131-13331320000,NRCellCU,00064,12,6,0,0,0,0
1,123,80 04:21:33.531,14,131-13331340000,NRCellCU,00024,14,10,0,0,5,0
2,123,80 04:21:33.531,14,131-13331340000,NRCellCU,00024,14,6,0,0,0,0
3,123,80 04:21:33.531,14,131-13331340000,NRCellCU,00024,14,7,0,0,0,0
4,123,80 04:21:33.531,14,131-13331340000,NRCellCU,00024,14,2,0,0,0,0
5,123,80 04:21:33.531,14,131-13331340000,NRCellCU,00024,14,9,0,0,0,0
6,123,80 04:21:33.531,14,131-13331340000,NRCellCU,00024,14,4,0,0,0,0
7,123,80 04:21:33.531,14,131-13331340000,NRCellCU,00024,14,5,0,0,0,0
8,123,80 04:21:33.531,14,131-13331340000,NRCellCU,00024,14,12,0,0,0,0
9,123,80 04:21:33.531,14,131-13331340000,NRCellCU,00044,14,6,0,0,24,0
10,123,80 04:21:33.531,14,131-13331340000,NRCellCU,00044,14,10,0,0,1,0
11,123,80 04:21:33.531,14,131-13331340000,NRCellCU,00044,14,9,0,0,0,0
12,123,80 04:21:33.531,14,131-13331340000,NRCellCU,00044,14,4,0,0,0,0
13,123,80 04:21:33.531,14,131-13331340000,NRCellCU,00044,14,2,0,0,0,0
14,123,80 04:21:33.531,14,131-13331340000,NRCellCU,00044,14,5,0,0,0,0
15,123,80 04:21:33.531,14,131-13331340000,NRCellCU,00044,14,15,0,0,0,0
16,123,80 04:21:33.531,14,131-13331340000,NRCellCU,00044,14,3,0,0,0,0
17,123,80 04:21:33.531,14,131-13331340000,NRCellCU,00053,14,6,0,0,0,0
18,123,80 04:21:33.531,14,131-13331340000,NRCellCU,00053,14,2,0,0,0,0
19,123,80 04:21:33.531,14,131-13331340000,NRCellCU,00053,14,5,0,0,0,0
20,123,80 04:21:33.531,14,131-13331340000,NRCellCU,00053,14,9,0,0,0,0
21,123,80 04:21:33.531,14,131-13331340000,NRCellCU,00053,14,4,0,0,0,0
22,123,80 04:21:33.531,14,131-13331340000,NRCellCU,00053,14,10,0,0,0,0
23,123,80 04:21:33.531,14,131-13331340000,NRCellCU,00053,14,8,0,0,0,0
24,123,80 04:21:33.531,14,131-13331340000,NRCellCU,00053,14,13,0,0,0,0
25,123,80 04:21:33.531,14,131-13331340000,NRCellCU,00023,14,6,0,0,5,0
26,123,80 04:21:33.531,14,131-13331340000,NRCellCU,00023,14,2,0,0,0,0
27,123,80 04:21:33.531,14,131-13331340000,NRCellCU,00023,14,5,0,0,0,0
28,123,80 04:21:33.531,14,131-13331340000,NRCellCU,00023,14,11,0,0,0,0
29,123,80 04:21:33.531,14,131-13331340000,NRCellCU,00023,14,12,0,0,0,0
30,123,80 04:21:33.531,14,131-13331340000,NRCellCU,00023,14,8,0,0,0,0
31,123,80 04:21:33.531,14,131-13331340000,NRCellCU,00023,14,9,0,0,0,0
32,123,80 04:21:33.531,14,131-13331340000,NRCellCU,00023,14,10,0,0,0,0
1,124,80 04:21:33.531,12,131-13331320000,NRCellCU,00019,12,4,0,0,16,0
2,124,80 04:21:33.531,12,131-13331320000,NRCellCU,00019,12,10,0,0,14,0
3,124,80 04:21:33.531,12,131-13331320000,NRCellCU,00019,12,11,0,0,3,0
4,124,80 04:21:33.531,12,131-13331320000,NRCellCU,00019,12,3,0,0,0,0
5,124,80 04:21:33.531,12,131-13331320000,NRCellCU,00019,12,14,0,0,0,0
6,124,80 04:21:33.531,12,131-13331320000,NRCellCU,00019,12,7,0,0,0,0
7,124,80 04:21:33.531,12,131-13331320000,NRCellCU,00019,12,8,0,0,0,0
8,124,80 04:21:33.531,12,131-13331320000,NRCellCU,00019,12,2,0,0,0,0
9,124,80 04:21:33.531,12,131-13331320000,NRCellCU,00061,12,4,0,0,24,0
10,124,80 04:21:33.531,12,131-13331320000,NRCellCU,00061,12,10,0,0,19,0
11,124,80 04:21:33.531,12,131-13331320000,NRCellCU,00061,12,7,0,0,14,0
12,124,80 04:21:33.531,12,131-13331320000,NRCellCU,00061,12,2,0,0,11,0
13,124,80 04:21:33.531,12,131-13331320000,NRCellCU,00061,12,5,0,0,0,0
14,124,80 04:21:33.531,12,131-13331320000,NRCellCU,00061,12,11,0,0,0,0
15,124,80 04:21:33.531,12,131-13331320000,NRCellCU,00061,12,3,0,0,0,0
16,124,80 04:21:33.531,12,131-13331320000,NRCellCU,00061,12,15,0,0,0,0
17,124,80 04:21:33.531,12,131-13331320000,NRCellCU,00009,12,4,0,0,17,0
18,124,80 04:21:33.531,12,131-13331320000,NRCellCU,00009,12,10,0,0,0,0
19,124,80 04:21:33.531,12,131-13331320000,NRCellCU,00009,12,2,0,0,0,0
20,124,80 04:21:33.531,12,131-13331320000,NRCellCU,00009,12,7,0,0,0,0
21,124,80 04:21:33.531,12,131-13331320000,NRCellCU,00009,12,14,0,0,0,0
22,124,80 04:21:33.531,12,131-13331320000,NRCellCU,00009,12,3,0,0,0,0
23,124,80 04:21:33.531,12,131-13331320000,NRCellCU,00009,12,8,0,0,0,0
24,124,80 04:21:33.531,12,131-13331320000,NRCellCU,00009,12,11,0,0,0,0
25,124,80 04:21:33.531,12,131-13331320000,NRCellCU,00064,12,7,0,0,17,0
26,124,80 04:21:33.531,12,131-13331320000,NRCellCU,00064,12,10,0,0,0,0
27,124,80 04:21:33.531,12,131-13331320000,NRCellCU,00064,12,5,0,0,0,0
28,124,80 04:21:33.531,12,131-13331320000,NRCellCU,00064,12,15,0,0,0,0
29,124,80 04:21:33.531,12,131-13331320000,NRCellCU,00064,12,4,0,0,0,0
30,124,80 04:21:33.531,12,131-13331320000,NRCellCU,00064,12,8,0,0,0,0
31,124,80 04:21:33.531,12,131-13331320000,NRCellCU,00064,12,2,0,0,0,0
32,124,80 04:21:33.531,12,131-13331320000,NRCellCU,00064,12,3,0,0,0,0
1,125,80 04:21:33.531,14,131-13331340000,NRCellCU,00023,14,6,0,0,3,0
2,125,80 04:21:33.531,14,131-13331340000,NRCellCU,00023,14,2,0,0,0,0
3,125,80 04:21:33.531,14,131-13331340000,NRCellCU,00023,14,11,0,0,0,0
4,125,80 04:21:33.531,14,131-13331340000,NRCellCU,00023,14,5,0,0,0,0
5,125,80 04:21:33.531,14,131-13331340000,NRCellCU,00023,14,8,0,0,0,0
6,125,80 04:21:33.531,14,131-13331340000,NRCellCU,00023,14,12,0,0,0,0
7,125,80 04:21:33.531,14,131-13331340000,NRCellCU,00023,14,9,0,0,0,0
8,125,80 04:21:33.531,14,131-13331340000,NRCellCU,00023,14,3,0,0,0,0
9,125,80 04:21:33.531,14,131-13331340000,NRCellCU,00024,14,10,0,0,0,0
10,125,80 04:21:33.531,14,131-13331340000,NRCellCU,00024,14,6,0,0,0,0
11,125,80 04:21:33.531,14,131-13331340000,NRCellCU,00024,14,9,0,0,0,0
12,125,80 04:21:33.531,14,131-13331340000,NRCellCU,00024,14,7,0,0,0,0
13,125,80 04:21:33.531,14,131-13331340000,NRCellCU,00024,14,2,0,0,0,0
14,125,80 04:21:33.531,14,131-13331340000,NRCellCU,00024,14,4,0,0,0,0
15,125,80 04:21:33.531,14,131-13331340000,NRCellCU,00024,14,5,0,0,0,0
16,125,80 04:21:33.531,14,131-13331340000,NRCellCU,00024,14,12,0,0,0,0
17,125,80 04:21:33.531,14,131-13331340000,NRCellCU,00044,14,6,0,0,33,0
18,125,80 04:21:33.531,14,131-13331340000,NRCellCU,00044,14,10,0,0,1,0
19,125,80 04:21:33.531,14,131-13331340000,NRCellCU,00044,14,4,0,0,0,0
20,125,80 04:21:33.531,14,131-13331340000,NRCellCU,00044,14,9,0,0,0,0
21,125,80 04:21:33.531,14,131-13331340000,NRCellCU,00044,14,5,0,0,0,0
22,125,80 04:21:33.531,14,131-13331340000,NRCellCU,00044,14,2,0,0,0,0
23,125,80 04:21:33.531,14,131-13331340000,NRCellCU,00044,14,12,0,0,0,0
24,125,80 04:21:33.531,14,131-13331340000,NRCellCU,00044,14,15,0,0,0,0
25,125,80 04:21:33.531,14,131-13331340000,NRCellCU,00053,14,6,0,0,0,0
26,125,80 04:21:33.531,14,131-13331340000,NRCellCU,00053,14,9,0,0,0,0
27,125,80 04:21:33.531,14,131-13331340000,NRCellCU,00053,14,2,0,0,0,0
28,125,80 04:21:33.531,14,131-13331340000,NRCellCU,00053,14,5,0,0,0,0
29,125,80 04:21:33.531,14,131-13331340000,NRCellCU,00053,14,4,0,0,0,0
30,125,80 04:21:33.531,14,131-13331340000,NRCellCU,00053,14,13,0,0,0,0
31,125,80 04:21:33.531,14,131-13331340000,NRCellCU,00053,14,10,0,0,0,0
32,125,80 04:21:33.531,14,131-13331340000,NRCellCU,00053,14,12,0,0,0,0
1,126,80 04:21:33.531,11,131-13331310000,NRCellCU,00026,11,3,0,0,36,0
2,126,80 04:21:33.531,11,131-13331310000,NRCellCU,00026,11,15,0,0,20,0
3,126,80 04:21:33.531,11,131-13331310000,NRCellCU,00026,11,8,0,0,0,0
4,126,80 04:21:33.531,11,131-13331310000,NRCellCU,00026,11,4,0,0,0,0
5,126,80 04:21:33.531,11,131-13331310000,NRCellCU,00026,11,7,0,0,0,0
6,126,80 04:21:33.531,11,131-13331310000,NRCellCU,00026,11,2,0,0,0,0
7,126,80 04:21:33.531,11,131-13331310000,NRCellCU,00026,11,9,0,0,0,0
8,126,80 04:21:33.531,11,131-13331310000,NRCellCU,00026,11,12,0,0,0,0
1,127,80 04:21:33.531,12,131-13331320000,NRCellCU,00061,12,10,0,0,19,0
2,127,80 04:21:33.531,12,131-13331320000,NRCellCU,00061,12,2,0,0,11,0
3,127,80 04:21:33.531,12,131-13331320000,NRCellCU,00061,12,7,0,0,1,0
4,127,80 04:21:33.531,12,131-13331320000,NRCellCU,00061,12,4,0,0,0,0
5,127,80 04:21:33.531,12,131-13331320000,NRCellCU,00061,12,11,0,0,0,0
6,127,80 04:21:33.531,12,131-13331320000,NRCellCU,00061,12,5,0,0,0,0
7,127,80 04:21:33.531,12,131-13331320000,NRCellCU,00061,12,15,0,0,0,0
8,127,80 04:21:33.531,12,131-13331320000,NRCellCU,00061,12,3,0,0,0,0
9,127,80 04:21:33.531,12,131-13331320000,NRCellCU,00064,12,7,0,0,3,0
10,127,80 04:21:33.531,12,131-13331320000,NRCellCU,00064,12,10,0,0,0,0
11,127,80 04:21:33.531,12,131-13331320000,NRCellCU,00064,12,15,0,0,0,0
12,127,80 04:21:33.531,12,131-13331320000,NRCellCU,00064,12,4,0,0,0,0
13,127,80 04:21:33.531,12,131-13331320000,NRCellCU,00064,12,8,0,0,0,0
14,127,80 04:21:33.531,12,131-13331320000,NRCellCU,00064,12,5,0,0,0,0
15,127,80 04:21:33.531,12,131-13331320000,NRCellCU,00064,12,2,0,0,0,0
16,127,80 04:21:33.531,12,131-13331320000,NRCellCU,00064,12,3,0,0,0,0
17,127,80 04:21:33.531,12,131-13331320000,NRCellCU,00009,12,4,0,0,14,0
18,127,80 04:21:33.531,12,131-13331320000,NRCellCU,00009,12,10,0,0,0,0
19,127,80 04:21:33.531,12,131-13331320000,NRCellCU,00009,12,2,0,0,0,0
20,127,80 04:21:33.531,12,131-13331320000,NRCellCU,00009,12,7,0,0,0,0
21,127,80 04:21:33.531,12,131-13331320000,NRCellCU,00009,12,11,0,0,0,0
22,127,80 04:21:33.531,12,131-13331320000,NRCellCU,00009,12,3,0,0,0,0
23,127,80 04:21:33.531,12,131-13331320000,NRCellCU,00009,12,5,0,0,0,0
24,127,80 04:21:33.531,12,131-13331320000,NRCellCU,00009,12,8,0,0,0,0
25,127,80 04:21:33.531,12,131-13331320000,NRCellCU,00019,12,4,0,0,27,0
26,127,80 04:21:33.531,12,131-13331320000,NRCellCU,00019,12,10,0,0,13,0
27,127,80 04:21:33.531,12,131-13331320000,NRCellCU,00019,12,11,0,0,0,0
28,127,80 04:21:33.531,12,131-13331320000,NRCellCU,00019,12,3,0,0,0,0
29,127,80 04:21:33.531,12,131-13331320000,NRCellCU,00019,12,7,0,0,0,0
30,127,80 04:21:33.531,12,131-13331320000,NRCellCU,00019,12,8,0,0,0,0
31,127,80 04:21:33.531,12,131-13331320000,NRCellCU,00019,12,14,0,0,0,0
32,127,80 04:21:33.531,12,131-13331320000,NRCellCU,00019,12,2,0,0,0,0
1,128,80 04:21:33.531,14,131-13331340000,NRCellCU,00023,14,6,0,0,3,0
2,128,80 04:21:33.531,14,131-13331340000,NRCellCU,00023,14,2,0,0,0,0
3,128,80 04:21:33.531,14,131-13331340000,NRCellCU,00023,14,5,0,0,0,0
4,128,80 04:21:33.531,14,131-13331340000,NRCellCU,00023,14,11,0,0,0,0
5,128,80 04:21:33.531,14,131-13331340000,NRCellCU,00023,14,9,0,0,0,0
6,128,80 04:21:33.531,14,131-13331340000,NRCellCU,00023,14,8,0,0,0,0
7,128,80 04:21:33.531,14,131-13331340000,NRCellCU,00023,14,12,0,0,0,0
8,128,80 04:21:33.531,14,131-13331340000,NRCellCU,00023,14,10,0,0,0,0
9,128,80 04:21:33.531,14,131-13331340000,NRCellCU,00024,14,6,0,0,6,0
10,128,80 04:21:33.531,14,131-13331340000,NRCellCU,00024,14,10,0,0,0,0
11,128,80 04:21:33.531,14,131-13331340000,NRCellCU,00024,14,7,0,0,0,0
12,128,80 04:21:33.531,14,131-13331340000,NRCellCU,00024,14,2,0,0,0,0
13,128,80 04:21:33.531,14,131-13331340000,NRCellCU,00024,14,9,0,0,0,0
14,128,80 04:21:33.531,14,131-13331340000,NRCellCU,00024,14,4,0,0,0,0
15,128,80 04:21:33.531,14,131-13331340000,NRCellCU,00024,14,5,0,0,0,0
16,128,80 04:21:33.531,14,131-13331340000,NRCellCU,00024,14,12,0,0,0,0
17,128,80 04:21:33.531,14,131-13331340000,NRCellCU,00053,14,6,0,0,1,0
18,128,80 04:21:33.531,14,131-13331340000,NRCellCU,00053,14,4,0,0,1,0
19,128,80 04:21:33.531,14,131-13331340000,NRCellCU,00053,14,2,0,0,0,0
20,128,80 04:21:33.531,14,131-13331340000,NRCellCU,00053,14,9,0,0,0,0
21,128,80 04:21:33.531,14,131-13331340000,NRCellCU,00053,14,5,0,0,0,0
22,128,80 04:21:33.531,14,131-13331340000,NRCellCU,00053,14,8,0,0,0,0
23,128,80 04:21:33.531,14,131-13331340000,NRCellCU,00053,14,13,0,0,0,0
24,128,80 04:21:33.531,14,131-13331340000,NRCellCU,00053,14,10,0,0,0,0
1,130,80 04:21:33.532,2,131-13332000000,NRCellCU,00052,2,3,0,0,16,0
2,130,80 04:21:33.532,2,131-13332000000,NRCellCU,00052,2,5,0,0,6,0
3,130,80 04:21:33.532,2,131-13332000000,NRCellCU,00052,2,15,0,0,4,0
4,130,80 04:21:33.532,2,131-13332000000,NRCellCU,00052,2,4,0,0,0,0
5,130,80 04:21:33.532,2,131-13332000000,NRCellCU,00052,2,7,0,0,0,0
6,130,80 04:21:33.532,2,131-13332000000,NRCellCU,00052,2,10,0,0,0,0
7,130,80 04:21:33.532,2,131-13332000000,NRCellCU,00052,2,13,0,0,0,0
8,130,80 04:21:33.532,2,131-13332000000,NRCellCU,00052,2,6,0,0,0,0
9,130,80 04:21:33.532,2,131-13332000000,NRCellCU,00006,2,4,0,0,30,0
10,130,80 04:21:33.532,2,131-13332000000,NRCellCU,00006,2,3,0,0,13,0
11,130,80 04:21:33.532,2,131-13332000000,NRCellCU,00006,2,15,0,0,2,0
12,130,80 04:21:33.532,2,131-13332000000,NRCellCU,00006,2,12,0,0,1,0
13,130,80 04:21:33.532,2,131-13332000000,NRCellCU,00006,2,5,0,0,0,0
14,130,80 04:21:33.532,2,131-13332000000,NRCellCU,00006,2,9,0,0,0,0
15,130,80 04:21:33.532,2,131-13332000000,NRCellCU,00006,2,6,0,0,0,0
16,130,80 04:21:33.532,2,131-13332000000,NRCellCU,00006,2,14,0,0,0,0
17,130,80 04:21:33.532,2,131-13332000000,NRCellCU,00040,2,3,0,0,21,0
18,130,80 04:21:33.532,2,131-13332000000,NRCellCU,00040,2,9,0,0,1,0
19,130,80 04:21:33.532,2,131-13332000000,NRCellCU,00040,2,6,0,0,0,0
20,130,80 04:21:33.532,2,131-13332000000,NRCellCU,00040,2,4,0,0,0,0
21,130,80 04:21:33.532,2,131-13332000000,NRCellCU,00040,2,7,0,0,0,0
22,130,80 04:21:33.532,2,131-13332000000,NRCellCU,00040,2,11,0,0,0,0
23,130,80 04:21:33.532,2,131-13332000000,NRCellCU,00040,2,13,0,0,0,0
24,130,80 04:21:33.532,2,131-13332000000,NRCellCU,00040,2,8,0,0,0,0
1,131,80 04:21:33.532,12,131-13331320000,NRCellCU,00019,12,4,0,0,25,0
2,131,80 04:21:33.532,12,131-13331320000,NRCellCU,00019,12,10,0,0,13,0
3,131,80 04:21:33.532,12,131-13331320000,NRCellCU,00019,12,11,0,0,3,0
4,131,80 04:21:33.532,12,131-13331320000,NRCellCU,00019,12,3,0,0,0,0
5,131,80 04:21:33.532,12,131-13331320000,NRCellCU,00019,12,8,0,0,0,0
6,131,80 04:21:33.532,12,131-13331320000,NRCellCU,00019,12,7,0,0,0,0
7,131,80 04:21:33.532,12,131-13331320000,NRCellCU,00019,12,2,0,0,0,0
8,131,80 04:21:33.532,12,131-13331320000,NRCellCU,00019,12,9,0,0,0,0
9,131,80 04:21:33.532,12,131-13331320000,NRCellCU,00061,12,10,0,0,15,0
10,131,80 04:21:33.532,12,131-13331320000,NRCellCU,00061,12,2,0,0,9,0
11,131,80 04:21:33.532,12,131-13331320000,NRCellCU,00061,12,7,0,0,3,0
12,131,80 04:21:33.532,12,131-13331320000,NRCellCU,00061,12,4,0,0,0,0
13,131,80 04:21:33.532,12,131-13331320000,NRCellCU,00061,12,11,0,0,0,0
14,131,80 04:21:33.532,12,131-13331320000,NRCellCU,00061,12,14,0,0,0,0
15,131,80 04:21:33.532,12,131-13331320000,NRCellCU,00061,12,5,0,0,0,0
16,131,80 04:21:33.532,12,131-13331320000,NRCellCU,00061,12,9,0,0,0,0
17,131,80 04:21:33.532,12,131-13331320000,NRCellCU,00064,12,7,0,0,11,0
18,131,80 04:21:33.532,12,131-13331320000,NRCellCU,00064,12,10,0,0,1,0
19,131,80 04:21:33.532,12,131-13331320000,NRCellCU,00064,12,15,0,0,0,0
20,131,80 04:21:33.532,12,131-13331320000,NRCellCU,00064,12,4,0,0,0,0
21,131,80 04:21:33.532,12,131-13331320000,NRCellCU,00064,12,8,0,0,0,0
22,131,80 04:21:33.532,12,131-13331320000,NRCellCU,00064,12,5,0,0,0,0
23,131,80 04:21:33.532,12,131-13331320000,NRCellCU,00064,12,2,0,0,0,0
24,131,80 04:21:33.532,12,131-13331320000,NRCellCU,00064,12,3,0,0,0,0
25,131,80 04:21:33.532,12,131-13331320000,NRCellCU,00009,12,4,0,0,23,0
26,131,80 04:21:33.532,12,131-13331320000,NRCellCU,00009,12,10,0,0,0,0
27,131,80 04:21:33.532,12,131-13331320000,NRCellCU,00009,12,3,0,0,0,0
28,131,80 04:21:33.532,12,131-13331320000,NRCellCU,00009,12,2,0,0,0,0
29,131,80 04:21:33.532,12,131-13331320000,NRCellCU,00009,12,11,0,0,0,0
30,131,80 04:21:33.532,12,131-13331320000,NRCellCU,00009,12,7,0,0,0,0
31,131,80 04:21:33.532,12,131-13331320000,NRCellCU,00009,12,14,0,0,0,0
32,131,80 04:21:33.532,12,131-13331320000,NRCellCU,00009,12,8,0,0,0,0
1,132,80 04:21:33.532,8,131-13338000000,NRCellCU,00038,8,13,0,0,19,0
2,132,80 04:21:33.532,8,131-13338000000,NRCellCU,00038,8,5,0,0,13,0
3,132,80 04:21:33.532,8,131-13338000000,NRCellCU,00038,8,3,0,0,0,0
4,132,80 04:21:33.532,8,131-13338000000,NRCellCU,00038,8,4,0,0,0,0
5,132,80 04:21:33.532,8,131-13338000000,NRCellCU,00038,8,11,0,0,0,0
6,132,80 04:21:33.532,8,131-13338000000,NRCellCU,00038,8,7,0,0,0,0
7,132,80 04:21:33.532,8,131-13338000000,NRCellCU,00038,8,9,0,0,0,0
8,132,80 04:21:33.532,8,131-13338000000,NRCellCU,00038,8,10,0,0,0,0
9,132,80 04:21:33.532,8,131-13338000000,NRCellCU,00021,8,9,0,0,11,0
10,132,80 04:21:33.532,8,131-13338000000,NRCellCU,00021,8,11,0,0,10,0
11,132,80 04:21:33.532,8,131-13338000000,NRCellCU,00021,8,15,0,0,3,0
12,132,80 04:21:33.532,8,131-13338000000,NRCellCU,00021,8,3,0,0,0,0
13,132,80 04:21:33.532,8,131-13338000000,NRCellCU,00021,8,5,0,0,0,0
14,132,80 04:21:33.532,8,131-13338000000,NRCellCU,00021,8,2,0,0,0,0
15,132,80 04:21:33.532,8,131-13338000000,NRCellCU,00021,8,13,0,0,0,0
16,132,80 04:21:33.532,8,131-13338000000,NRCellCU,00021,8,4,0,0,0,0
17,132,80 04:21:33.532,8,131-13338000000,NRCellCU,00045,8,3,0,0,59,0
18,132,80 04:21:33.532,8,131-13338000000,NRCellCU,00045,8,15,0,0,9,0
19,132,80 04:21:33.532,8,131-13338000000,NRCellCU,00045,8,2,0,0,5,0
20,132,80 04:21:33.532,8,131-13338000000,NRCellCU,00045,8,11,0,0,3,0
21,132,80 04:21:33.532,8,131-13338000000,NRCellCU,00045,8,5,0,0,0,0
22,132,80 04:21:33.532,8,131-13338000000,NRCellCU,00045,8,13,0,0,0,0
23,132,80 04:21:33.532,8,131-13338000000,NRCellCU,00045,8,4,0,0,0,0
24,132,80 04:21:33.532,8,131-13338000000,NRCellCU,00045,8,7,0,0,0,0
1,133,80 04:21:33.533,2,131-13332000000,NRCellCU,00052,2,3,0,0,13,0
2,133,80 04:21:33.533,2,131-13332000000,NRCellCU,00052,2,5,0,0,9,0
3,133,80 04:21:33.533,2,131-13332000000,NRCellCU,00052,2,15,0,0,6,0
4,133,80 04:21:33.533,2,131-13332000000,NRCellCU,00052,2,4,0,0,0,0
5,133,80 04:21:33.533,2,131-13332000000,NRCellCU,00052,2,7,0,0,0,0
6,133,80 04:21:33.533,2,131-13332000000,NRCellCU,00052,2,13,0,0,0,0
7,133,80 04:21:33.533,2,131-13332000000,NRCellCU,00052,2,10,0,0,0,0
8,133,80 04:21:33.533,2,131-13332000000,NRCellCU,00052,2,6,0,0,0,0
9,133,80 04:21:33.533,2,131-13332000000,NRCellCU,00006,2,4,0,0,17,0
10,133,80 04:21:33.533,2,131-13332000000,NRCellCU,00006,2,3,0,0,7,0
11,133,80 04:21:33.533,2,131-13332000000,NRCellCU,00006,2,15,0,0,2,0
12,133,80 04:21:33.533,2,131-13332000000,NRCellCU,00006,2,12,0,0,0,0
13,133,80 04:21:33.533,2,131-13332000000,NRCellCU,00006,2,5,0,0,0,0
14,133,80 04:21:33.533,2,131-13332000000,NRCellCU,00006,2,6,0,0,0,0
15,133,80 04:21:33.533,2,131-13332000000,NRCellCU,00006,2,11,0,0,0,0
16,133,80 04:21:33.533,2,131-13332000000,NRCellCU,00006,2,9,0,0,0,0
17,133,80 04:21:33.533,2,131-13332000000,NRCellCU,00040,2,9,0,0,10,0
18,133,80 04:21:33.533,2,131-13332000000,NRCellCU,00040,2,3,0,0,9,0
19,133,80 04:21:33.533,2,131-13332000000,NRCellCU,00040,2,6,0,0,0,0
20,133,80 04:21:33.533,2,131-13332000000,NRCellCU,00040,2,11,0,0,0,0
21,133,80 04:21:33.533,2,131-13332000000,NRCellCU,00040,2,7,0,0,0,0
22,133,80 04:21:33.533,2,131-13332000000,NRCellCU,00040,2,4,0,0,0,0
23,133,80 04:21:33.533,2,131-13332000000,NRCellCU,00040,2,13,0,0,0,0
24,133,80 04:21:33.533,2,131-13332000000,NRCellCU,00040,2,15,0,0,0,0
1,134,80 04:21:33.533,13,131-13331330000,NRCellCU,00067,13,5,0,0,23,0
2,134,80 04:21:33.533,13,131-13331330000,NRCellCU,00067,13,9,0,0,22,0
3,134,80 04:21:33.533,13,131-13331330000,NRCellCU,00067,13,2,0,0,14,0
4,134,80 04:21:33.533,13,131-13331330000,NRCellCU,00067,13,8,0,0,1,0
5,134,80 04:21:33.533,13,131-13331330000,NRCellCU,00067,13,11,0,0,0,0
6,134,80 04:21:33.533,13,131-13331330000,NRCellCU,00067,13,7,0,0,0,0
7,134,80 04:21:33.533,13,131-13331330000,NRCellCU,00067,13,6,0,0,0,0
8,134,80 04:21:33.533,13,131-13331330000,NRCellCU,00067,13,10,0,0,0,0
9,134,80 04:21:33.533,13,131-13331330000,NRCellCU,00014,13,5,0,0,11,0
10,134,80 04:21:33.533,13,131-13331330000,NRCellCU,00014,13,10,0,0,0,0
11,134,80 04:21:33.533,13,131-13331330000,NRCellCU,00014,13,6,0,0,0,0
12,134,80 04:21:33.533,13,131-13331330000,NRCellCU,00014,13,2,0,0,0,0
13,134,80 04:21:33.533,13,131-13331330000,NRCellCU,00014,13,14,0,0,0,0
14,134,80 04:21:33.533,13,131-13331330000,NRCellCU,00014,13,3,0,0,0,0
15,134,80 04:21:33.533,13,131-13331330000,NRCellCU,00014,13,8,0,0,0,0
16,134,80 04:21:33.533,13,131-13331330000,NRCellCU,00014,13,9,0,0,0,0
17,134,80 04:21:33.533,13,131-13331330000,NRCellCU,00060,13,5,0,0,0,0
18,134,80 04:21:33.533,13,131-13331330000,NRCellCU,00060,13,9,0,0,0,0
19,134,80 04:21:33.533,13,131-13331330000,NRCellCU,00060,13,8,0,0,0,0
20,134,80 04:21:33.533,13,131-13331330000,NRCellCU,00060,13,6,0,0,0,0
21,134,80 04:21:33.533,13,131-13331330000,NRCellCU,00060,13,2,0,0,0,0
22,134,80 04:21:33.533,13,131-13331330000,NRCellCU,00060,13,12,0,0,0,0
23,134,80 04:21:33.533,13,131-13331330000,NRCellCU,00060,13,10,0,0,0,0
24,134,80 04:21:33.533,13,131-13331330000,NRCellCU,00060,13,3,0,0,0,0
25,134,80 04:21:33.533,13,131-13331330000,NRCellCU,00066,13,8,0,0,0,0
26,134,80 04:21:33.533,13,131-13331330000,NRCellCU,00066,13,2,0,0,0,0
27,134,80 04:21:33.533,13,131-13331330000,NRCellCU,00066,13,5,0,0,0,0
28,134,80 04:21:33.533,13,131-13331330000,NRCellCU,00066,13,14,0,0,0,0
29,134,80 04:21:33.533,13,131-13331330000,NRCellCU,00066,13,9,0,0,0,0
30,134,80 04:21:33.533,13,131-13331330000,NRCellCU,00066,13,6,0,0,0,0
31,134,80 04:21:33.533,13,131-13331330000,NRCellCU,00066,13,3,0,0,0,0
32,134,80 04:21:33.533,13,131-13331330000,NRCellCU,00066,13,7,0,0,0,0
1,135,80 04:21:33.533,9,131-13339000000,NRCellCU,00025,9,5,0,0,19,0
2,135,80 04:21:33.533,9,131-13339000000,NRCellCU,00025,9,2,0,0,12,0
3,135,80 04:21:33.533,9,131-13339000000,NRCellCU,00025,9,4,0,0,1,0
4,135,80 04:21:33.533,9,131-13339000000,NRCellCU,00025,9,6,0,0,0,0
5,135,80 04:21:33.533,9,131-13339000000,NRCellCU,00025,9,13,0,0,0,0
6,135,80 04:21:33.533,9,131-13339000000,NRCellCU,00025,9,8,0,0,0,0
7,135,80 04:21:33.533,9,131-13339000000,NRCellCU,00025,9,12,0,0,0,0
8,135,80 04:21:33.533,9,131-13339000000,NRCellCU,00025,9,7,0,0,0,0
9,135,80 04:21:33.533,9,131-13339000000,NRCellCU,00010,9,8,0,0,20,0
10,135,80 04:21:33.533,9,131-13339000000,NRCellCU,00010,9,13,0,0,9,0
11,135,80 04:21:33.533,9,131-13339000000,NRCellCU,00010,9,5,0,0,7,0
12,135,80 04:21:33.533,9,131-13339000000,NRCellCU,00010,9,14,0,0,0,0
13,135,80 04:21:33.533,9,131-13339000000,NRCellCU,00010,9,6,0,0,0,0
14,135,80 04:21:33.533,9,131-13339000000,NRCellCU,00010,9,2,0,0,0,0
15,135,80 04:21:33.533,9,131-13339000000,NRCellCU,00010,9,7,0,0,0,0
16,135,80 04:21:33.533,9,131-13339000000,NRCellCU,00010,9,3,0,0,0,0
17,135,80 04:21:33.533,9,131-13339000000,NRCellCU,00057,9,2,0,0,22,0
18,135,80 04:21:33.533,9,131-13339000000,NRCellCU,00057,9,6,0,0,0,0
19,135,80 04:21:33.533,9,131-13339000000,NRCellCU,00057,9,8,0,0,0,0
20,135,80 04:21:33.533,9,131-13339000000,NRCellCU,00057,9,5,0,0,0,0
21,135,80 04:21:33.533,9,131-13339000000,NRCellCU,00057,9,10,0,0,0,0
22,135,80 04:21:33.533,9,131-13339000000,NRCellCU,00057,9,4,0,0,0,0
23,135,80 04:21:33.533,9,131-13339000000,NRCellCU,00057,9,14,0,0,0,0
24,135,80 04:21:33.533,9,131-13339000000,NRCellCU,00057,9,3,0,0,0,0
1,136,80 04:21:33.533,14,131-13331340000,NRCellCU,00024,14,6,0,0,1,0
2,136,80 04:21:33.533,14,131-13331340000,NRCellCU,00024,14,10,0,0,0,0
3,136,80 04:21:33.533,14,131-13331340000,NRCellCU,00024,14,2,0,0,0,0
4,136,80 04:21:33.533,14,131-13331340000,NRCellCU,00024,14,4,0,0,0,0
5,136,80 04:21:33.533,14,131-13331340000,NRCellCU,00024,14,7,0,0,0,0
6,136,80 04:21:33.533,14,131-13331340000,NRCellCU,00024,14,12,0,0,0,0
7,136,80 04:21:33.533,14,131-13331340000,NRCellCU,00024,14,5,0,0,0,0
8,136,80 04:21:33.533,14,131-13331340000,NRCellCU,00024,14,9,0,0,0,0
9,136,80 04:21:33.533,14,131-13331340000,NRCellCU,00023,14,6,0,0,0,0
10,136,80 04:21:33.533,14,131-13331340000,NRCellCU,00023,14,12,0,0,0,0
11,136,80 04:21:33.533,14,131-13331340000,NRCellCU,00023,14,9,0,0,0,0
12,136,80 04:21:33.533,14,131-13331340000,NRCellCU,00023,14,2,0,0,0,0
13,136,80 04:21:33.533,14,131-13331340000,NRCellCU,00023,14,10,0,0,0,0
14,136,80 04:21:33.533,14,131-13331340000,NRCellCU,00023,14,5,0,0,0,0
15,136,80 04:21:33.533,14,131-13331340000,NRCellCU,00023,14,3,0,0,0,0
16,136,80 04:21:33.533,14,131-13331340000,NRCellCU,00023,14,11,0,0,0,0
1,137,80 04:21:33.534,15,131-13331350000,NRCellCU,00051,15,7,0,0,15,0
2,137,80 04:21:33.534,15,131-13331350000,NRCellCU,00051,15,4,0,0,4,0
3,137,80 04:21:33.534,15,131-13331350000,NRCellCU,00051,15,3,0,0,2,0
4,137,80 04:21:33.534,15,131-13331350000,NRCellCU,00051,15,11,0,0,1,0
5,137,80 04:21:33.534,15,131-13331350000,NRCellCU,00051,15,8,0,0,0,0
6,137,80 04:21:33.534,15,131-13331350000,NRCellCU,00051,15,5,0,0,0,0
7,137,80 04:21:33.534,15,131-13331350000,NRCellCU,00051,15,12,0,0,0,0
8,137,80 04:21:33.534,15,131-13331350000,NRCellCU,00051,15,2,0,0,0,0
1,138,80 04:21:33.535,8,131-13338000000,NRCellCU,00038,8,5,0,0,12,0
2,138,80 04:21:33.535,8,131-13338000000,NRCellCU,00038,8,13,0,0,11,0
3,138,80 04:21:33.535,8,131-13338000000,NRCellCU,00038,8,7,0,0,2,0
4,138,80 04:21:33.535,8,131-13338000000,NRCellCU,00038,8,4,0,0,0,0
5,138,80 04:21:33.535,8,131-13338000000,NRCellCU,00038,8,3,0,0,0,0
6,138,80 04:21:33.535,8,131-13338000000,NRCellCU,00038,8,11,0,0,0,0
7,138,80 04:21:33.535,8,131-13338000000,NRCellCU,00038,8,9,0,0,0,0
8,138,80 04:21:33.535,8,131-13338000000,NRCellCU,00038,8,12,0,0,0,0
9,138,80 04:21:33.535,8,131-13338000000,NRCellCU,00045,8,3,0,0,38,0
10,138,80 04:21:33.535,8,131-13338000000,NRCellCU,00045,8,2,0,0,7,0
11,138,80 04:21:33.535,8,131-13338000000,NRCellCU,00045,8,15,0,0,0,0
12,138,80 04:21:33.535,8,131-13338000000,NRCellCU,00045,8,4,0,0,0,0
13,138,80 04:21:33.535,8,131-13338000000,NRCellCU,00045,8,11,0,0,0,0
14,138,80 04:21:33.535,8,131-13338000000,NRCellCU,00045,8,5,0,0,0,0
15,138,80 04:21:33.535,8,131-13338000000,NRCellCU,00045,8,13,0,0,0,0
16,138,80 04:21:33.535,8,131-13338000000,NRCellCU,00045,8,7,0,0,0,0
17,138,80 04:21:33.535,8,131-13338000000,NRCellCU,00021,8,9,0,0,9,0
18,138,80 04:21:33.535,8,131-13338000000,NRCellCU,00021,8,11,0,0,4,0
19,138,80 04:21:33.535,8,131-13338000000,NRCellCU,00021,8,15,0,0,4,0
20,138,80 04:21:33.535,8,131-13338000000,NRCellCU,00021,8,2,0,0,0,0
21,138,80 04:21:33.535,8,131-13338000000,NRCellCU,00021,8,3,0,0,0,0
22,138,80 04:21:33.535,8,131-13338000000,NRCellCU,00021,8,4,0,0,0,0
23,138,80 04:21:33.535,8,131-13338000000,NRCellCU,00021,8,5,0,0,0,0
24,138,80 04:21:33.535,8,131-13338000000,NRCellCU,00021,8,12,0,0,0,0
1,139,80 04:21:33.535,12,131-13331320000,NRCellCU,00009,12,4,0,0,23,0
2,139,80 04:21:33.535,12,131-13331320000,NRCellCU,00009,12,10,0,0,0,0
3,139,80 04:21:33.535,12,131-13331320000,NRCellCU,00009,12,2,0,0,0,0
4,139,80 04:21:33.535,12,131-13331320000,NRCellCU,00009,12,3,0,0,0,0
5,139,80 04:21:33.535,12,131-13331320000,NRCellCU,00009,12,11,0,0,0,0
6,139,80 04:21:33.535,12,131-13331320000,NRCellCU,00009,12,9,0,0,0,0
7,139,80 04:21:33.535,12,131-13331320000,NRCellCU,00009,12,5,0,0,0,0
8,139,80 04:21:33.535,12,131-13331320000,NRCellCU,00009,12,14,0,0,0,0
9,139,80 04:21:33.535,12,131-13331320000,NRCellCU,00064,12,2,0,0,9,0
10,139,80 04:21:33.535,12,131-13331320000,NRCellCU,00064,12,7,0,0,5,0
11,139,80 04:21:33.535,12,131-13331320000,NRCellCU,00064,12,10,0,0,0,0
12,139,80 04:21:33.535,12,131-13331320000,NRCellCU,00064,12,4,0,0,0,0
13,139,80 04:21:33.535,12,131-13331320000,NRCellCU,00064,12,15,0,0,0,0
14,139,80 04:21:33.535,12,131-13331320000,NRCellCU,00064,12,8,0,0,0,0
15,139,80 04:21:33.535,12,131-13331320000,NRCellCU,00064,12,3,0,0,0,0
16,139,80 04:21:33.535,12,131-13331320000,NRCellCU,00064,12,5,0,0,0,0
17,139,80 04:21:33.535,12,131-13331320000,NRCellCU,00019,12,4,0,0,21,0
18,139,80 04:21:33.535,12,131-13331320000,NRCellCU,00019,12,11,0,0,6,0
19,139,80 04:21:33.535,12,131-13331320000,NRCellCU,00019,12,10,0,0,6,0
20,139,80 04:21:33.535,12,131-13331320000,NRCellCU,00019,12,3,0,0,0,0
21,139,80 04:21:33.535,12,131-13331320000,NRCellCU,00019,12,2,0,0,0,0
22,139,80 04:21:33.535,12,131-13331320000,NRCellCU,00019,12,9,0,0,0,0
23,139,80 04:21:33.535,12,131-13331320000,NRCellCU,00019,12,14,0,0,0,0
24,139,80 04:21:33.535,12,131-13331320000,NRCellCU,00019,12,7,0,0,0,0
25,139,80 04:21:33.535,12,131-13331320000,NRCellCU,00061,12,7,0,0,20,0
26,139,80 04:21:33.535,12,131-13331320000,NRCellCU,00061,12,10,0,0,11,0
27,139,80 04:21:33.535,12,131-13331320000,NRCellCU,00061,12,2,0,0,9,0
28,139,80 04:21:33.535,12,131-13331320000,NRCellCU,00061,12,14,0,0,0,0
29,139,80 04:21:33.535,12,131-13331320000,NRCellCU,00061,12,4,0,0,0,0
30,139,80 04:21:33.535,12,131-13331320000,NRCellCU,00061,12,9,0,0,0,0
31,139,80 04:21:33.535,12,131-13331320000,NRCellCU,00061,12,5,0,0,0,0
32,139,80 04:21:33.535,12,131-13331320000,NRCellCU,00061,12,3,0,0,0,0
1,140,80 04:21:33.535,8,131-13338000000,NRCellCU,00045,8,3,0,0,38,0
2,140,80 04:21:33.535,8,131-13338000000,NRCellCU,00045,8,2,0,0,5,0
3,140,80 04:21:33.535,8,131-13338000000,NRCellCU,00045,8,15,0,0,4,0
4,140,80 04:21:33.535,8,131-13338000000,NRCellCU,00045,8,11,0,0,0,0
5,140,80 04:21:33.535,8,131-13338000000,NRCellCU,00045,8,4,0,0,0,0
6,140,80 04:21:33.535,8,131-13338000000,NRCellCU,00045,8,13,0,0,0,0
7,140,80 04:21:33.535,8,131-13338000000,NRCellCU,00045,8,5,0,0,0,0
8,140,80 04:21:33.535,8,131-13338000000,NRCellCU,00045,8,7,0,0,0,0
9,140,80 04:21:33.535,8,131-13338000000,NRCellCU,00038,8,13,0,0,19,0
10,140,80 04:21:33.535,8,131-13338000000,NRCellCU,00038,8,5,0,0,18,0
11,140,80 04:21:33.535,8,131-13338000000,NRCellCU,00038,8,4,0,0,0,0
12,140,80 04:21:33.535,8,131-13338000000,NRCellCU,00038,8,7,0,0,0,0
13,140,80 04:21:33.535,8,131-13338000000,NRCellCU,00038,8,3,0,0,0,0
14,140,80 04:21:33.535,8,131-13338000000,NRCellCU,00038,8,9,0,0,0,0
15,140,80 04:21:33.535,8,131-13338000000,NRCellCU,00038,8,11,0,0,0,0
16,140,80 04:21:33.535,8,131-13338000000,NRCellCU,00038,8,12,0,0,0,0
17,140,80 04:21:33.535,8,131-13338000000,NRCellCU,00021,8,9,0,0,10,0
18,140,80 04:21:33.535,8,131-13338000000,NRCellCU,00021,8,11,0,0,10,0
19,140,80 04:21:33.535,8,131-13338000000,NRCellCU,00021,8,15,0,0,7,0
20,140,80 04:21:33.535,8,131-13338000000,NRCellCU,00021,8,2,0,0,0,0
21,140,80 04:21:33.535,8,131-13338000000,NRCellCU,00021,8,3,0,0,0,0
22,140,80 04:21:33.535,8,131-13338000000,NRCellCU,00021,8,4,0,0,0,0
23,140,80 04:21:33.535,8,131-13338000000,NRCellCU,00021,8,5,0,0,0,0
24,140,80 04:21:33.535,8,131-13338000000,NRCellCU,00021,8,12,0,0,0,0
1,141,80 04:21:33.536,13,131-13331330000,NRCellCU,00060,13,5,0,0,18,0
2,141,80 04:21:33.536,13,131-13331330000,NRCellCU,00060,13,9,0,0,0,0
3,141,80 04:21:33.536,13,131-13331330000,NRCellCU,00060,13,8,0,0,0,0
4,141,80 04:21:33.536,13,131-13331330000,NRCellCU,00060,13,6,0,0,0,0
5,141,80 04:21:33.536,13,131-13331330000,NRCellCU,00060,13,2,0,0,0,0
6,141,80 04:21:33.536,13,131-13331330000,NRCellCU,00060,13,12,0,0,0,0
7,141,80 04:21:33.536,13,131-13331330000,NRCellCU,00060,13,14,0,0,0,0
8,141,80 04:21:33.536,13,131-13331330000,NRCellCU,00060,13,3,0,0,0,0
9,141,80 04:21:33.536,13,131-13331330000,NRCellCU,00067,13,5,0,0,29,0
10,141,80 04:21:33.536,13,131-13331330000,NRCellCU,00067,13,9,0,0,27,0
11,141,80 04:21:33.536,13,131-13331330000,NRCellCU,00067,13,2,0,0,22,0
12,141,80 04:21:33.536,13,131-13331330000,NRCellCU,00067,13,11,0,0,4,0
13,141,80 04:21:33.536,13,131-13331330000,NRCellCU,00067,13,8,0,0,0,0
14,141,80 04:21:33.536,13,131-13331330000,NRCellCU,00067,13,6,0,0,0,0
15,141,80 04:21:33.536,13,131-13331330000,NRCellCU,00067,13,7,0,0,0,0
16,141,80 04:21:33.536,13,131-13331330000,NRCellCU,00067,13,10,0,0,0,0
17,141,80 04:21:33.536,13,131-13331330000,NRCellCU,00014,13,5,0,0,19,0
18,141,80 04:21:33.536,13,131-13331330000,NRCellCU,00014,13,10,0,0,0,0
19,141,80 04:21:33.536,13,131-13331330000,NRCellCU,00014,13,6,0,0,0,0
20,141,80 04:21:33.536,13,131-13331330000,NRCellCU,00014,13,2,0,0,0,0
21,141,80 04:21:33.536,13,131-13331330000,NRCellCU,00014,13,14,0,0,0,0
22,141,80 04:21:33.536,13,131-13331330000,NRCellCU,00014,13,3,0,0,0,0
23,141,80 04:21:33.536,13,131-13331330000,NRCellCU,00014,13,8,0,0,0,0
24,141,80 04:21:33.536,13,131-13331330000,NRCellCU,00014,13,9,0,0,0,0
25,141,80 04:21:33.536,13,131-13331330000,NRCellCU,00066,13,2,0,0,6,0
26,141,80 04:21:33.536,13,131-13331330000,NRCellCU,00066,13,5,0,0,0,0
27,141,80 04:21:33.536,13,131-13331330000,NRCellCU,00066,13,8,0,0,0,0
28,141,80 04:21:33.536,13,131-13331330000,NRCellCU,00066,13,9,0,0,0,0
29,141,80 04:21:33.536,13,131-13331330000,NRCellCU,00066,13,12,0,0,0,0
30,141,80 04:21:33.536,13,131-13331330000,NRCellCU,00066,13,6,0,0,0,0
31,141,80 04:21:33.536,13,131-13331330000,NRCellCU,00066,13,3,0,0,0,0
32,141,80 04:21:33.536,13,131-13331330000,NRCellCU,00066,13,4,0,0,0,0
1,142,80 04:21:33.536,14,131-13331340000,NRCellCU,00053,14,4,0,0,11,0
2,142,80 04:21:33.536,14,131-13331340000,NRCellCU,00053,14,6,0,0,5,0
3,142,80 04:21:33.536,14,131-13331340000,NRCellCU,00053,14,5,0,0,0,0
4,142,80 04:21:33.536,14,131-13331340000,NRCellCU,00053,14,9,0,0,0,0
5,142,80 04:21:33.536,14,131-13331340000,NRCellCU,00053,14,2,0,0,0,0
6,142,80 04:21:33.536,14,131-13331340000,NRCellCU,00053,14,8,0,0,0,0
7,142,80 04:21:33.536,14,131-13331340000,NRCellCU,00053,14,12,0,0,0,0
8,142,80 04:21:33.536,14,131-13331340000,NRCellCU,00053,14,13,0,0,0,0
9,142,80 04:21:33.536,14,131-13331340000,NRCellCU,00024,14,6,0,0,1,0
10,142,80 04:21:33.536,14,131-13331340000,NRCellCU,00024,14,10,0,0,0,0
11,142,80 04:21:33.536,14,131-13331340000,NRCellCU,00024,14,4,0,0,0,0
12,142,80 04:21:33.536,14,131-13331340000,NRCellCU,00024,14,2,0,0,0,0
13,142,80 04:21:33.536,14,131-13331340000,NRCellCU,00024,14,9,0,0,0,0
14,142,80 04:21:33.536,14,131-13331340000,NRCellCU,00024,14,7,0,0,0,0
15,142,80 04:21:33.536,14,131-13331340000,NRCellCU,00024,14,3,0,0,0,0
16,142,80 04:21:33.536,14,131-13331340000,NRCellCU,00024,14,12,0,0,0,0
17,142,80 04:21:33.536,14,131-13331340000,NRCellCU,00023,14,6,0,0,0,0
18,142,80 04:21:33.536,14,131-13331340000,NRCellCU,00023,14,9,0,0,0,0
19,142,80 04:21:33.536,14,131-13331340000,NRCellCU,00023,14,2,0,0,0,0
20,142,80 04:21:33.536,14,131-13331340000,NRCellCU,00023,14,3,0,0,0,0
21,142,80 04:21:33.536,14,131-13331340000,NRCellCU,00023,14,12,0,0,0,0
22,142,80 04:21:33.536,14,131-13331340000,NRCellCU,00023,14,10,0,0,0,0
23,142,80 04:21:33.536,14,131-13331340000,NRCellCU,00023,14,13,0,0,0,0
24,142,80 04:21:33.536,14,131-13331340000,NRCellCU,00023,14,8,0,0,0,0
1,143,80 04:21:33.536,2,131-13332000000,NRCellCU,00040,2,9,0,0,14,0
2,143,80 04:21:33.536,2,131-13332000000,NRCellCU,00040,2,6,0,0,4,0
3,143,80 04:21:33.536,2,131-13332000000,NRCellCU,00040,2,3,0,0,0,0
4,143,80 04:21:33.536,2,131-13332000000,NRCellCU,00040,2,4,0,0,0,0
5,143,80 04:21:33.536,2,131-13332000000,NRCellCU,00040,2,15,0,0,0,0
6,143,80 04:21:33.536,2,131-13332000000,NRCellCU,00040,2,5,0,0,0,0
7,143,80 04:21:33.536,2,131-13332000000,NRCellCU,00040,2,7,0,0,0,0
8,143,80 04:21:33.536,2,131-13332000000,NRCellCU,00040,2,11,0,0,0,0
9,143,80 04:21:33.536,2,131-13332000000,NRCellCU,00052,2,3,0,0,15,0
10,143,80 04:21:33.536,2,131-13332000000,NRCellCU,00052,2,5,0,0,7,0
11,143,80 04:21:33.536,2,131-13332000000,NRCellCU,00052,2,6,0,0,3,0
12,143,80 04:21:33.536,2,131-13332000000,NRCellCU,00052,2,15,0,0,0,0
13,143,80 04:21:33.536,2,131-13332000000,NRCellCU,00052,2,4,0,0,0,0
14,143,80 04:21:33.536,2,131-13332000000,NRCellCU,00052,2,7,0,0,0,0
15,143,80 04:21:33.536,2,131-13332000000,NRCellCU,00052,2,13,0,0,0,0
16,143,80 04:21:33.536,2,131-13332000000,NRCellCU,00052,2,12,0,0,0,0
17,143,80 04:21:33.536,2,131-13332000000,NRCellCU,00006,2,4,0,0,24,0
18,143,80 04:21:33.536,2,131-13332000000,NRCellCU,00006,2,3,0,0,21,0
19,143,80 04:21:33.536,2,131-13332000000,NRCellCU,00006,2,12,0,0,3,0
20,143,80 04:21:33.536,2,131-13332000000,NRCellCU,00006,2,5,0,0,0,0
21,143,80 04:21:33.536,2,131-13332000000,NRCellCU,00006,2,6,0,0,0,0
22,143,80 04:21:33.536,2,131-13332000000,NRCellCU,00006,2,11,0,0,0,0
23,143,80 04:21:33.536,2,131-13332000000,NRCellCU,00006,2,7,0,0,0,0
24,143,80 04:21:33.536,2,131-13332000000,NRCellCU,00006,2,15,0,0,0,0
1,144,80 04:21:33.536,15,131-13331350000,NRCellCU,00051,15,3,0,0,14,0
2,144,80 04:21:33.536,15,131-13331350000,NRCellCU,00051,15,11,0,0,8,0
3,144,80 04:21:33.536,15,131-13331350000,NRCellCU,00051,15,7,0,0,8,0
4,144,80 04:21:33.536,15,131-13331350000,NRCellCU,00051,15,4,0,0,7,0
5,144,80 04:21:33.536,15,131-13331350000,NRCellCU,00051,15,5,0,0,0,0
6,144,80 04:21:33.536,15,131-13331350000,NRCellCU,00051,15,2,0,0,0,0
7,144,80 04:21:33.536,15,131-13331350000,NRCellCU,00051,15,8,0,0,0,0
8,144,80 04:21:33.536,15,131-13331350000,NRCellCU,00051,15,12,0,0,0,0
1,145,80 04:21:33.536,12,131-13331320000,NRCellCU,00064,12,2,0,0,13,0
2,145,80 04:21:33.536,12,131-13331320000,NRCellCU,00064,12,10,0,0,1,0
3,145,80 04:21:33.536,12,131-13331320000,NRCellCU,00064,12,7,0,0,0,0
4,145,80 04:21:33.536,12,131-13331320000,NRCellCU,00064,12,15,0,0,0,0
5,145,80 04:21:33.536,12,131-13331320000,NRCellCU,00064,12,4,0,0,0,0
6,145,80 04:21:33.536,12,131-13331320000,NRCellCU,00064,12,8,0,0,0,0
7,145,80 04:21:33.536,12,131-13331320000,NRCellCU,00064,12,3,0,0,0,0
8,145,80 04:21:33.536,12,131-13331320000,NRCellCU,00064,12,5,0,0,0,0
9,145,80 04:21:33.536,12,131-13331320000,NRCellCU,00009,12,4,0,0,37,0
10,145,80 04:21:33.536,12,131-13331320000,NRCellCU,00009,12,2,0,0,5,0
11,145,80 04:21:33.536,12,131-13331320000,NRCellCU,00009,12,11,0,0,0,0
12,145,80 04:21:33.536,12,131-13331320000,NRCellCU,00009,12,10,0,0,0,0
13,145,80 04:21:33.536,12,131-13331320000,NRCellCU,00009,12,3,0,0,0,0
14,145,80 04:21:33.536,12,131-13331320000,NRCellCU,00009,12,7,0,0,0,0
15,145,80 04:21:33.536,12,131-13331320000,NRCellCU,00009,12,14,0,0,0,0
16,145,80 04:21:33.536,12,131-13331320000,NRCellCU,00009,12,9,0,0,0,0
17,145,80 04:21:33.536,12,131-13331320000,NRCellCU,00061,12,10,0,0,18,0
18,145,80 04:21:33.536,12,131-13331320000,NRCellCU,00061,12,2,0,0,15,0
19,145,80 04:21:33.536,12,131-13331320000,NRCellCU,00061,12,7,0,0,12,0
20,145,80 04:21:33.536,12,131-13331320000,NRCellCU,00061,12,14,0,0,0,0
21,145,80 04:21:33.536,12,131-13331320000,NRCellCU,00061,12,4,0,0,0,0
22,145,80 04:21:33.536,12,131-13331320000,NRCellCU,00061,12,5,0,0,0,0
23,145,80 04:21:33.536,12,131-13331320000,NRCellCU,00061,12,3,0,0,0,0
24,145,80 04:21:33.536,12,131-13331320000,NRCellCU,00061,12,11,0,0,0,0
25,145,80 04:21:33.536,12,131-13331320000,NRCellCU,00019,12,4,0,0,29,0
26,145,80 04:21:33.536,12,131-13331320000,NRCellCU,00019,12,11,0,0,6,0
27,145,80 04:21:33.536,12,131-13331320000,NRCellCU,00019,12,3,0,0,0,0
28,145,80 04:21:33.536,12,131-13331320000,NRCellCU,00019,12,10,0,0,0,0
29,145,80 04:21:33.536,12,131-13331320000,NRCellCU,00019,12,2,0,0,0,0
30,145,80 04:21:33.536,12,131-13331320000,NRCellCU,00019,12,9,0,0,0,0
31,145,80 04:21:33.536,12,131-13331320000,NRCellCU,00019,12,8,0,0,0,0
32,145,80 04:21:33.536,12,131-13331320000,NRCellCU,00019,12,7,0,0,0,0
1,146,80 04:21:33.536,8,131-13338000000,NRCellCU,00038,8,13,0,0,19,0
2,146,80 04:21:33.536,8,131-13338000000,NRCellCU,00038,8,5,0,0,9,0
3,146,80 04:21:33.536,8,131-13338000000,NRCellCU,00038,8,7,0,0,0,0
4,146,80 04:21:33.536,8,131-13338000000,NRCellCU,00038,8,4,0,0,0,0
5,146,80 04:21:33.536,8,131-13338000000,NRCellCU,00038,8,3,0,0,0,0
6,146,80 04:21:33.536,8,131-13338000000,NRCellCU,00038,8,9,0,0,0,0
7,146,80 04:21:33.536,8,131-13338000000,NRCellCU,00038,8,11,0,0,0,0
8,146,80 04:21:33.536,8,131-13338000000,NRCellCU,00038,8,15,0,0,0,0
9,146,80 04:21:33.536,8,131-13338000000,NRCellCU,00021,8,15,0,0,9,0
10,146,80 04:21:33.536,8,131-13338000000,NRCellCU,00021,8,9,0,0,9,0
11,146,80 04:21:33.536,8,131-13338000000,NRCellCU,00021,8,11,0,0,7,0
12,146,80 04:21:33.536,8,131-13338000000,NRCellCU,00021,8,2,0,0,0,0
13,146,80 04:21:33.536,8,131-13338000000,NRCellCU,00021,8,3,0,0,0,0
14,146,80 04:21:33.536,8,131-13338000000,NRCellCU,00021,8,12,0,0,0,0
15,146,80 04:21:33.536,8,131-13338000000,NRCellCU,00021,8,4,0,0,0,0
16,146,80 04:21:33.536,8,131-13338000000,NRCellCU,00021,8,5,0,0,0,0
17,146,80 04:21:33.536,8,131-13338000000,NRCellCU,00045,8,3,0,0,42,0
18,146,80 04:21:33.536,8,131-13338000000,NRCellCU,00045,8,2,0,0,11,0
19,146,80 04:21:33.536,8,131-13338000000,NRCellCU,00045,8,15,0,0,0,0
20,146,80 04:21:33.536,8,131-13338000000,NRCellCU,00045,8,11,0,0,0,0
21,146,80 04:21:33.536,8,131-13338000000,NRCellCU,00045,8,13,0,0,0,0
22,146,80 04:21:33.536,8,131-13338000000,NRCellCU,00045,8,5,0,0,0,0
23,146,80 04:21:33.536,8,131-13338000000,NRCellCU,00045,8,4,0,0,0,0
24,146,80 04:21:33.536,8,131-13338000000,NRCellCU,00045,8,7,0,0,0,0
1,147,80 04:21:33.536,14,131-13331340000,NRCellCU,00023,14,6,0,0,0,0
2,147,80 04:21:33.536,14,131-13331340000,NRCellCU,00023,14,10,0,0,0,0
3,147,80 04:21:33.536,14,131-13331340000,NRCellCU,00023,14,12,0,0,0,0
4,147,80 04:21:33.536,14,131-13331340000,NRCellCU,00023,14,9,0,0,0,0
5,147,80 04:21:33.536,14,131-13331340000,NRCellCU,00023,14,13,0,0,0,0
6,147,80 04:21:33.536,14,131-13331340000,NRCellCU,00023,14,2,0,0,0,0
7,147,80 04:21:33.536,14,131-13331340000,NRCellCU,00023,14,3,0,0,0,0
8,147,80 04:21:33.536,14,131-13331340000,NRCellCU,00023,14,5,0,0,0,0
9,147,80 04:21:33.536,14,131-13331340000,NRCellCU,00053,14,9,0,0,29,0
10,147,80 04:21:33.536,14,131-13331340000,NRCellCU,00053,14,4,0,0,8,0
11,147,80 04:21:33.536,14,131-13331340000,NRCellCU,00053,14,6,0,0,8,0
12,147,80 04:21:33.536,14,131-13331340000,NRCellCU,00053,14,5,0,0,0,0
13,147,80 04:21:33.536,14,131-13331340000,NRCellCU,00053,14,2,0,0,0,0
14,147,80 04:21:33.536,14,131-13331340000,NRCellCU,00053,14,13,0,0,0,0
15,147,80 04:21:33.536,14,131-13331340000,NRCellCU,00053,14,8,0,0,0,0
16,147,80 04:21:33.536,14,131-13331340000,NRCellCU,00053,14,12,0,0,0,0
17,147,80 04:21:33.536,14,131-13331340000,NRCellCU,00024,14,6,0,0,1,0
18,147,80 04:21:33.536,14,131-13331340000,NRCellCU,00024,14,10,0,0,0,0
19,147,80 04:21:33.536,14,131-13331340000,NRCellCU,00024,14,4,0,0,0,0
20,147,80 04:21:33.536,14,131-13331340000,NRCellCU,00024,14,2,0,0,0,0
21,147,80 04:21:33.536,14,131-13331340000,NRCellCU,00024,14,9,0,0,0,0
22,147,80 04:21:33.536,14,131-13331340000,NRCellCU,00024,14,7,0,0,0,0
23,147,80 04:21:33.536,14,131-13331340000,NRCellCU,00024,14,3,0,0,0,0
24,147,80 04:21:33.536,14,131-13331340000,NRCellCU,00024,14,5,0,0,0,0
1,148,80 04:21:33.537,2,131-13332000000,NRCellCU,00034,2,4,0,0,14,0
2,148,80 04:21:33.537,2,131-13332000000,NRCellCU,00034,2,7,0,0,0,0
3,148,80 04:21:33.537,2,131-13332000000,NRCellCU,00034,2,14,0,0,0,0
4,148,80 04:21:33.537,2,131-13332000000,NRCellCU,00034,2,10,0,0,0,0
5,148,80 04:21:33.537,2,131-13332000000,NRCellCU,00034,2,3,0,0,0,0
6,148,80 04:21:33.537,2,131-13332000000,NRCellCU,00034,2,12,0,0,0,0
7,148,80 04:21:33.537,2,131-13332000000,NRCellCU,00034,2,5,0,0,0,0
8,148,80 04:21:33.537,2,131-13332000000,NRCellCU,00034,2,6,0,0,0,0
9,148,80 04:21:33.537,2,131-13332000000,NRCellCU,00040,2,10,0,0,23,0
10,148,80 04:21:33.537,2,131-13332000000,NRCellCU,00040,2,9,0,0,10,0
11,148,80 04:21:33.537,2,131-13332000000,NRCellCU,00040,2,6,0,0,1,0
12,148,80 04:21:33.537,2,131-13332000000,NRCellCU,00040,2,4,0,0,0,0
13,148,80 04:21:33.537,2,131-13332000000,NRCellCU,00040,2,3,0,0,0,0
14,148,80 04:21:33.537,2,131-13332000000,NRCellCU,00040,2,15,0,0,0,0
15,148,80 04:21:33.537,2,131-13332000000,NRCellCU,00040,2,7,0,0,0,0
16,148,80 04:21:33.537,2,131-13332000000,NRCellCU,00040,2,5,0,0,0,0
17,148,80 04:21:33.537,2,131-13332000000,NRCellCU,00052,2,3,0,0,32,0
18,148,80 04:21:33.537,2,131-13332000000,NRCellCU,00052,2,5,0,0,8,0
19,148,80 04:21:33.537,2,131-13332000000,NRCellCU,00052,2,15,0,0,0,0
20,148,80 04:21:33.537,2,131-13332000000,NRCellCU,00052,2,6,0,0,0,0
21,148,80 04:21:33.537,2,131-13332000000,NRCellCU,00052,2,4,0,0,0,0
22,148,80 04:21:33.537,2,131-13332000000,NRCellCU,00052,2,7,0,0,0,0
23,148,80 04:21:33.537,2,131-13332000000,NRCellCU,00052,2,12,0,0,0,0
24,148,80 04:21:33.537,2,131-13332000000,NRCellCU,00052,2,11,0,0,0,0
25,148,80 04:21:33.537,2,131-13332000000,NRCellCU,00006,2,4,0,0,20,0
26,148,80 04:21:33.537,2,131-13332000000,NRCellCU,00006,2,3,0,0,18,0
27,148,80 04:21:33.537,2,131-13332000000,NRCellCU,00006,2,7,0,0,2,0
28,148,80 04:21:33.537,2,131-13332000000,NRCellCU,00006,2,12,0,0,1,0
29,148,80 04:21:33.537,2,131-13332000000,NRCellCU,00006,2,5,0,0,0,0
30,148,80 04:21:33.537,2,131-13332000000,NRCellCU,00006,2,15,0,0,0,0
31,148,80 04:21:33.537,2,131-13332000000,NRCellCU,00006,2,11,0,0,0,0
32,148,80 04:21:33.537,2,131-13332000000,NRCellCU,00006,2,6,0,0,0,0
1,149,80 04:21:33.537,8,131-13338000000,NRCellCU,00021,8,15,0,0,3,0
2,149,80 04:21:33.537,8,131-13338000000,NRCellCU,00021,8,11,0,0,1,0
3,149,80 04:21:33.537,8,131-13338000000,NRCellCU,00021,8,9,0,0,0,0
4,149,80 04:21:33.537,8,131-13338000000,NRCellCU,00021,8,2,0,0,0,0
5,149,80 04:21:33.537,8,131-13338000000,NRCellCU,00021,8,4,0,0,0,0
6,149,80 04:21:33.537,8,131-13338000000,NRCellCU,00021,8,3,0,0,0,0
7,149,80 04:21:33.537,8,131-13338000000,NRCellCU,00021,8,12,0,0,0,0
8,149,80 04:21:33.537,8,131-13338000000,NRCellCU,00021,8,5,0,0,0,0
9,149,80 04:21:33.537,8,131-13338000000,NRCellCU,00045,8,3,0,0,45,0
10,149,80 04:21:33.537,8,131-13338000000,NRCellCU,00045,8,2,0,0,10,0
11,149,80 04:21:33.537,8,131-13338000000,NRCellCU,00045,8,5,0,0,0,0
12,149,80 04:21:33.537,8,131-13338000000,NRCellCU,00045,8,13,0,0,0,0
13,149,80 04:21:33.537,8,131-13338000000,NRCellCU,00045,8,15,0,0,0,0
14,149,80 04:21:33.537,8,131-13338000000,NRCellCU,00045,8,7,0,0,0,0
15,149,80 04:21:33.537,8,131-13338000000,NRCellCU,00045,8,11,0,0,0,0
16,149,80 04:21:33.537,8,131-13338000000,NRCellCU,00045,8,4,0,0,0,0
17,149,80 04:21:33.537,8,131-13338000000,NRCellCU,00038,8,5,0,0,17,0
18,149,80 04:21:33.537,8,131-13338000000,NRCellCU,00038,8,13,0,0,15,0
19,149,80 04:21:33.537,8,131-13338000000,NRCellCU,00038,8,7,0,0,0,0
20,149,80 04:21:33.537,8,131-13338000000,NRCellCU,00038,8,3,0,0,0,0
21,149,80 04:21:33.537,8,131-13338000000,NRCellCU,00038,8,4,0,0,0,0
22,149,80 04:21:33.537,8,131-13338000000,NRCellCU,00038,8,9,0,0,0,0
23,149,80 04:21:33.537,8,131-13338000000,NRCellCU,00038,8,12,0,0,0,0
24,149,80 04:21:33.537,8,131-13338000000,NRCellCU,00038,8,11,0,0,0,0
1,150,80 04:21:33.538,12,131-13331320000,NRCellCU,00009,12,4,0,0,21,0
2,150,80 04:21:33.538,12,131-13331320000,NRCellCU,00009,12,2,0,0,0,0
3,150,80 04:21:33.538,12,131-13331320000,NRCellCU,00009,12,7,0,0,0,0
4,150,80 04:21:33.538,12,131-13331320000,NRCellCU,00009,12,11,0,0,0,0
5,150,80 04:21:33.538,12,131-13331320000,NRCellCU,00009,12,3,0,0,0,0
6,150,80 04:21:33.538,12,131-13331320000,NRCellCU,00009,12,10,0,0,0,0
7,150,80 04:21:33.538,12,131-13331320000,NRCellCU,00009,12,9,0,0,0,0
8,150,80 04:21:33.538,12,131-13331320000,NRCellCU,00009,12,5,0,0,0,0
9,150,80 04:21:33.538,12,131-13331320000,NRCellCU,00019,12,4,0,0,19,0
10,150,80 04:21:33.538,12,131-13331320000,NRCellCU,00019,12,7,0,0,0,0
11,150,80 04:21:33.538,12,131-13331320000,NRCellCU,00019,12,11,0,0,0,0
12,150,80 04:21:33.538,12,131-13331320000,NRCellCU,00019,12,10,0,0,0,0
13,150,80 04:21:33.538,12,131-13331320000,NRCellCU,00019,12,3,0,0,0,0
14,150,80 04:21:33.538,12,131-13331320000,NRCellCU,00019,12,9,0,0,0,0
15,150,80 04:21:33.538,12,131-13331320000,NRCellCU,00019,12,2,0,0,0,0
16,150,80 04:21:33.538,12,131-13331320000,NRCellCU,00019,12,8,0,0,0,0
17,150,80 04:21:33.538,12,131-13331320000,NRCellCU,00064,12,7,0,0,6,0
18,150,80 04:21:33.538,12,131-13331320000,NRCellCU,00064,12,10,0,0,0,0
19,150,80 04:21:33.538,12,131-13331320000,NRCellCU,00064,12,2,0,0,0,0
20,150,80 04:21:33.538,12,131-13331320000,NRCellCU,00064,12,4,0,0,0,0
21,150,80 04:21:33.538,12,131-13331320000,NRCellCU,00064,12,15,0,0,0,0
22,150,80 04:21:33.538,12,131-13331320000,NRCellCU,00064,12,8,0,0,0,0
23,150,80 04:21:33.538,12,131-13331320000,NRCellCU,00064,12,11,0,0,0,0
24,150,80 04:21:33.538,12,131-13331320000,NRCellCU,00064,12,14,0,0,0,0
25,150,80 04:21:33.538,12,131-13331320000,NRCellCU,00061,12,4,0,0,11,0
26,150,80 04:21:33.538,12,131-13331320000,NRCellCU,00061,12,10,0,0,11,0
27,150,80 04:21:33.538,12,131-13331320000,NRCellCU,00061,12,7,0,0,3,0
28,150,80 04:21:33.538,12,131-13331320000,NRCellCU,00061,12,2,0,0,2,0
29,150,80 04:21:33.538,12,131-13331320000,NRCellCU,00061,12,5,0,0,0,0
30,150,80 04:21:33.538,12,131-13331320000,NRCellCU,00061,12,14,0,0,0,0
31,150,80 04:21:33.538,12,131-13331320000,NRCellCU,00061,12,3,0,0,0,0
32,150,80 04:21:33.538,12,131-13331320000,NRCellCU,00061,12,11,0,0,0,0
1,151,80 04:21:33.538,9,131-13339000000,NRCellCU,00010,9,8,0,0,16,0
2,151,80 04:21:33.538,9,131-13339000000,NRCellCU,00010,9,6,0,0,8,0
3,151,80 04:21:33.538,9,131-13339000000,NRCellCU,00010,9,5,0,0,7,0
4,151,80 04:21:33.538,9,131-13339000000,NRCellCU,00010,9,14,0,0,0,0
5,151,80 04:21:33.538,9,131-13339000000,NRCellCU,00010,9,2,0,0,0,0
6,151,80 04:21:33.538,9,131-13339000000,NRCellCU,00010,9,13,0,0,0,0
7,151,80 04:21:33.538,9,131-13339000000,NRCellCU,00010,9,4,0,0,0,0
8,151,80 04:21:33.538,9,131-13339000000,NRCellCU,00010,9,10,0,0,0,0
9,151,80 04:21:33.538,9,131-13339000000,NRCellCU,00032,9,5,0,0,20,0
10,151,80 04:21:33.538,9,131-13339000000,NRCellCU,00032,9,6,0,0,11,0
11,151,80 04:21:33.538,9,131-13339000000,NRCellCU,00032,9,13,0,0,0,0
12,151,80 04:21:33.538,9,131-13339000000,NRCellCU,00032,9,2,0,0,0,0
13,151,80 04:21:33.538,9,131-13339000000,NRCellCU,00032,9,3,0,0,0,0
14,151,80 04:21:33.538,9,131-13339000000,NRCellCU,00032,9,10,0,0,0,0
15,151,80 04:21:33.538,9,131-13339000000,NRCellCU,00032,9,15,0,0,0,0
16,151,80 04:21:33.538,9,131-13339000000,NRCellCU,00032,9,14,0,0,0,0
17,151,80 04:21:33.538,9,131-13339000000,NRCellCU,00057,9,6,0,0,5,0
18,151,80 04:21:33.538,9,131-13339000000,NRCellCU,00057,9,2,0,0,0,0
19,151,80 04:21:33.538,9,131-13339000000,NRCellCU,00057,9,5,0,0,0,0
20,151,80 04:21:33.538,9,131-13339000000,NRCellCU,00057,9,8,0,0,0,0
21,151,80 04:21:33.538,9,131-13339000000,NRCellCU,00057,9,10,0,0,0,0
22,151,80 04:21:33.538,9,131-13339000000,NRCellCU,00057,9,3,0,0,0,0
23,151,80 04:21:33.538,9,131-13339000000,NRCellCU,00057,9,14,0,0,0,0
24,151,80 04:21:33.538,9,131-13339000000,NRCellCU,00057,9,15,0,0,0,0
25,151,80 04:21:33.538,9,131-13339000000,NRCellCU,00025,9,5,0,0,5,0
26,151,80 04:21:33.538,9,131-13339000000,NRCellCU,00025,9,2,0,0,3,0
27,151,80 04:21:33.538,9,131-13339000000,NRCellCU,00025,9,13,0,0,0,0
28,151,80 04:21:33.538,9,131-13339000000,NRCellCU,00025,9,6,0,0,0,0
29,151,80 04:21:33.538,9,131-13339000000,NRCellCU,00025,9,8,0,0,0,0
30,151,80 04:21:33.538,9,131-13339000000,NRCellCU,00025,9,7,0,0,0,0
31,151,80 04:21:33.538,9,131-13339000000,NRCellCU,00025,9,10,0,0,0,0
32,151,80 04:21:33.538,9,131-13339000000,NRCellCU,00025,9,15,0,0,0,0
1,152,80 04:21:33.538,2,131-13332000000,NRCellCU,00040,2,9,0,0,7,0
2,152,80 04:21:33.538,2,131-13332000000,NRCellCU,00040,2,3,0,0,0,0
3,152,80 04:21:33.538,2,131-13332000000,NRCellCU,00040,2,6,0,0,0,0
4,152,80 04:21:33.538,2,131-13332000000,NRCellCU,00040,2,4,0,0,0,0
5,152,80 04:21:33.538,2,131-13332000000,NRCellCU,00040,2,15,0,0,0,0
6,152,80 04:21:33.538,2,131-13332000000,NRCellCU,00040,2,5,0,0,0,0
7,152,80 04:21:33.538,2,131-13332000000,NRCellCU,00040,2,11,0,0,0,0
8,152,80 04:21:33.538,2,131-13332000000,NRCellCU,00040,2,7,0,0,0,0
9,152,80 04:21:33.538,2,131-13332000000,NRCellCU,00006,2,4,0,0,17,0
10,152,80 04:21:33.538,2,131-13332000000,NRCellCU,00006,2,3,0,0,13,0
11,152,80 04:21:33.538,2,131-13332000000,NRCellCU,00006,2,5,0,0,0,0
12,152,80 04:21:33.538,2,131-13332000000,NRCellCU,00006,2,7,0,0,0,0
13,152,80 04:21:33.538,2,131-13332000000,NRCellCU,00006,2,14,0,0,0,0
14,152,80 04:21:33.538,2,131-13332000000,NRCellCU,00006,2,11,0,0,0,0
15,152,80 04:21:33.538,2,131-13332000000,NRCellCU,00006,2,15,0,0,0,0
16,152,80 04:21:33.538,2,131-13332000000,NRCellCU,00006,2,13,0,0,0,0
17,152,80 04:21:33.538,2,131-13332000000,NRCellCU,00034,2,4,0,0,28,0
18,152,80 04:21:33.538,2,131-13332000000,NRCellCU,00034,2,12,0,0,0,0
19,152,80 04:21:33.538,2,131-13332000000,NRCellCU,00034,2,10,0,0,0,0
20,152,80 04:21:33.538,2,131-13332000000,NRCellCU,00034,2,3,0,0,0,0
21,152,80 04:21:33.538,2,131-13332000000,NRCellCU,00034,2,6,0,0,0,0
22,152,80 04:21:33.538,2,131-13332000000,NRCellCU,00034,2,5,0,0,0,0
23,152,80 04:21:33.538,2,131-13332000000,NRCellCU,00034,2,7,0,0,0,0
24,152,80 04:21:33.538,2,131-13332000000,NRCellCU,00034,2,14,0,0,0,0
1,153,80 04:21:33.538,2,131-13332000000,NRCellCU,00034,2,4,0,0,22,0
2,153,80 04:21:33.538,2,131-13332000000,NRCellCU,00034,2,3,0,0,0,0
3,153,80 04:21:33.538,2,131-13332000000,NRCellCU,00034,2,10,0,0,0,0
4,153,80 04:21:33.538,2,131-13332000000,NRCellCU,00034,2,14,0,0,0,0
5,153,80 04:21:33.538,2,131-13332000000,NRCellCU,00034,2,7,0,0,0,0
6,153,80 04:21:33.538,2,131-13332000000,NRCellCU,00034,2,12,0,0,0,0
7,153,80 04:21:33.538,2,131-13332000000,NRCellCU,00034,2,5,0,0,0,0
8,153,80 04:21:33.538,2,131-13332000000,NRCellCU,00034,2,11,0,0,0,0
9,153,80 04:21:33.538,2,131-13332000000,NRCellCU,00006,2,4,0,0,19,0
10,153,80 04:21:33.538,2,131-13332000000,NRCellCU,00006,2,3,0,0,12,0
11,153,80 04:21:33.538,2,131-13332000000,NRCellCU,00006,2,7,0,0,8,0
12,153,80 04:21:33.538,2,131-13332000000,NRCellCU,00006,2,5,0,0,0,0
13,153,80 04:21:33.538,2,131-13332000000,NRCellCU,00006,2,14,0,0,0,0
14,153,80 04:21:33.538,2,131-13332000000,NRCellCU,00006,2,11,0,0,0,0
15,153,80 04:21:33.538,2,131-13332000000,NRCellCU,00006,2,9,0,0,0,0
16,153,80 04:21:33.538,2,131-13332000000,NRCellCU,00006,2,6,0,0,0,0
17,153,80 04:21:33.538,2,131-13332000000,NRCellCU,00040,2,9,0,0,0,0
18,153,80 04:21:33.538,2,131-13332000000,NRCellCU,00040,2,3,0,0,0,0
19,153,80 04:21:33.538,2,131-13332000000,NRCellCU,00040,2,6,0,0,0,0
20,153,80 04:21:33.538,2,131-13332000000,NRCellCU,00040,2,4,0,0,0,0
21,153,80 04:21:33.538,2,131-13332000000,NRCellCU,00040,2,5,0,0,0,0
22,153,80 04:21:33.538,2,131-13332000000,NRCellCU,00040,2,15,0,0,0,0
23,153,80 04:21:33.538,2,131-13332000000,NRCellCU,00040,2,11,0,0,0,0
24,153,80 04:21:33.538,2,131-13332000000,NRCellCU,00040,2,7,0,0,0,0
1,154,80 04:21:33.539,14,131-13331340000,NRCellCU,00023,14,9,0,0,0,0
2,154,80 04:21:33.539,14,131-13331340000,NRCellCU,00023,14,3,0,0,0,0
3,154,80 04:21:33.539,14,131-13331340000,NRCellCU,00023,14,10,0,0,0,0
4,154,80 04:21:33.539,14,131-13331340000,NRCellCU,00023,14,2,0,0,0,0
5,154,80 04:21:33.539,14,131-13331340000,NRCellCU,00023,14,6,0,0,0,0
6,154,80 04:21:33.539,14,131-13331340000,NRCellCU,00023,14,5,0,0,0,0
7,154,80 04:21:33.539,14,131-13331340000,NRCellCU,00023,14,13,0,0,0,0
8,154,80 04:21:33.539,14,131-13331340000,NRCellCU,00023,14,12,0,0,0,0
9,154,80 04:21:33.539,14,131-13331340000,NRCellCU,00053,14,4,0,0,5,0
10,154,80 04:21:33.539,14,131-13331340000,NRCellCU,00053,14,6,0,0,0,0
11,154,80 04:21:33.539,14,131-13331340000,NRCellCU,00053,14,5,0,0,0,0
12,154,80 04:21:33.539,14,131-13331340000,NRCellCU,00053,14,8,0,0,0,0
13,154,80 04:21:33.539,14,131-13331340000,NRCellCU,00053,14,9,0,0,0,0
14,154,80 04:21:33.539,14,131-13331340000,NRCellCU,00053,14,10,0,0,0,0
15,154,80 04:21:33.539,14,131-13331340000,NRCellCU,00053,14,2,0,0,0,0
16,154,80 04:21:33.539,14,131-13331340000,NRCellCU,00053,14,13,0,0,0,0
17,154,80 04:21:33.539,14,131-13331340000,NRCellCU,00024,14,10,0,0,7,0
18,154,80 04:21:33.539,14,131-13331340000,NRCellCU,00024,14,6,0,0,5,0
19,154,80 04:21:33.539,14,131-13331340000,NRCellCU,00024,14,2,0,0,0,0
20,154,80 04:21:33.539,14,131-13331340000,NRCellCU,00024,14,9,0,0,0,0
21,154,80 04:21:33.539,14,131-13331340000,NRCellCU,00024,14,4,0,0,0,0
22,154,80 04:21:33.539,14,131-13331340000,NRCellCU,00024,14,5,0,0,0,0
23,154,80 04:21:33.539,14,131-13331340000,NRCellCU,00024,14,7,0,0,0,0
24,154,80 04:21:33.539,14,131-13331340000,NRCellCU,00024,14,12,0,0,0,0
1,155,80 04:21:33.539,9,131-13339000000,NRCellCU,00025,9,2,0,0,7,0
2,155,80 04:21:33.539,9,131-13339000000,NRCellCU,00025,9,5,0,0,5,0
3,155,80 04:21:33.539,9,131-13339000000,NRCellCU,00025,9,6,0,0,0,0
4,155,80 04:21:33.539,9,131-13339000000,NRCellCU,00025,9,8,0,0,0,0
5,155,80 04:21:33.539,9,131-13339000000,NRCellCU,00025,9,13,0,0,0,0
6,155,80 04:21:33.539,9,131-13339000000,NRCellCU,00025,9,7,0,0,0,0
7,155,80 04:21:33.539,9,131-13339000000,NRCellCU,00025,9,3,0,0,0,0
8,155,80 04:21:33.539,9,131-13339000000,NRCellCU,00025,9,10,0,0,0,0
9,155,80 04:21:33.539,9,131-13339000000,NRCellCU,00010,9,8,0,0,10,0
10,155,80 04:21:33.539,9,131-13339000000,NRCellCU,00010,9,6,0,0,7,0
11,155,80 04:21:33.539,9,131-13339000000,NRCellCU,00010,9,5,0,0,6,0
12,155,80 04:21:33.539,9,131-13339000000,NRCellCU,00010,9,14,0,0,0,0
13,155,80 04:21:33.539,9,131-13339000000,NRCellCU,00010,9,13,0,0,0,0
14,155,80 04:21:33.539,9,131-13339000000,NRCellCU,00010,9,2,0,0,0,0
15,155,80 04:21:33.539,9,131-13339000000,NRCellCU,00010,9,7,0,0,0,0
16,155,80 04:21:33.539,9,131-13339000000,NRCellCU,00010,9,10,0,0,0,0
17,155,80 04:21:33.539,9,131-13339000000,NRCellCU,00032,9,5,0,0,12,0
18,155,80 04:21:33.539,9,131-13339000000,NRCellCU,00032,9,6,0,0,5,0
19,155,80 04:21:33.539,9,131-13339000000,NRCellCU,00032,9,13,0,0,0,0
20,155,80 04:21:33.539,9,131-13339000000,NRCellCU,00032,9,2,0,0,0,0
21,155,80 04:21:33.539,9,131-13339000000,NRCellCU,00032,9,3,0,0,0,0
22,155,80 04:21:33.539,9,131-13339000000,NRCellCU,00032,9,15,0,0,0,0
23,155,80 04:21:33.539,9,131-13339000000,NRCellCU,00032,9,10,0,0,0,0
24,155,80 04:21:33.539,9,131-13339000000,NRCellCU,00032,9,14,0,0,0,0
25,155,80 04:21:33.539,9,131-13339000000,NRCellCU,00057,9,5,0,0,7,0
26,155,80 04:21:33.539,9,131-13339000000,NRCellCU,00057,9,6,0,0,3,0
27,155,80 04:21:33.539,9,131-13339000000,NRCellCU,00057,9,2,0,0,0,0
28,155,80 04:21:33.539,9,131-13339000000,NRCellCU,00057,9,8,0,0,0,0
29,155,80 04:21:33.539,9,131-13339000000,NRCellCU,00057,9,15,0,0,0,0
30,155,80 04:21:33.539,9,131-13339000000,NRCellCU,00057,9,10,0,0,0,0
31,155,80 04:21:33.539,9,131-13339000000,NRCellCU,00057,9,11,0,0,0,0
32,155,80 04:21:33.539,9,131-13339000000,NRCellCU,00057,9,3,0,0,0,0
1,156,80 04:21:33.540,14,131-13331340000,NRCellCU,00023,14,3,0,0,0,0
2,156,80 04:21:33.540,14,131-13331340000,NRCellCU,00023,14,10,0,0,0,0
3,156,80 04:21:33.540,14,131-13331340000,NRCellCU,00023,14,12,0,0,0,0
4,156,80 04:21:33.540,14,131-13331340000,NRCellCU,00023,14,6,0,0,0,0
5,156,80 04:21:33.540,14,131-13331340000,NRCellCU,00023,14,9,0,0,0,0
6,156,80 04:21:33.540,14,131-13331340000,NRCellCU,00023,14,5,0,0,0,0
7,156,80 04:21:33.540,14,131-13331340000,NRCellCU,00023,14,2,0,0,0,0
8,156,80 04:21:33.540,14,131-13331340000,NRCellCU,00023,14,13,0,0,0,0
9,156,80 04:21:33.540,14,131-13331340000,NRCellCU,00024,14,10,0,0,8,0
10,156,80 04:21:33.540,14,131-13331340000,NRCellCU,00024,14,6,0,0,1,0
11,156,80 04:21:33.540,14,131-13331340000,NRCellCU,00024,14,9,0,0,0,0
12,156,80 04:21:33.540,14,131-13331340000,NRCellCU,00024,14,5,0,0,0,0
13,156,80 04:21:33.540,14,131-13331340000,NRCellCU,00024,14,2,0,0,0,0
14,156,80 04:21:33.540,14,131-13331340000,NRCellCU,00024,14,4,0,0,0,0
15,156,80 04:21:33.540,14,131-13331340000,NRCellCU,00024,14,7,0,0,0,0
16,156,80 04:21:33.540,14,131-13331340000,NRCellCU,00024,14,3,0,0,0,0
17,156,80 04:21:33.540,14,131-13331340000,NRCellCU,00053,14,4,0,0,10,0
18,156,80 04:21:33.540,14,131-13331340000,NRCellCU,00053,14,6,0,0,0,0
19,156,80 04:21:33.540,14,131-13331340000,NRCellCU,00053,14,9,0,0,0,0
20,156,80 04:21:33.540,14,131-13331340000,NRCellCU,00053,14,13,0,0,0,0
21,156,80 04:21:33.540,14,131-13331340000,NRCellCU,00053,14,5,0,0,0,0
22,156,80 04:21:33.540,14,131-13331340000,NRCellCU,00053,14,10,0,0,0,0
23,156,80 04:21:33.540,14,131-13331340000,NRCellCU,00053,14,8,0,0,0,0
24,156,80 04:21:33.540,14,131-13331340000,NRCellCU,00053,14,2,0,0,0,0
1,158,80 04:21:33.540,12,131-13331320000,NRCellCU,00061,12,4,0,0,11,0
2,158,80 04:21:33.540,12,131-13331320000,NRCellCU,00061,12,10,0,0,11,0
3,158,80 04:21:33.540,12,131-13331320000,NRCellCU,00061,12,7,0,0,11,0
4,158,80 04:21:33.540,12,131-13331320000,NRCellCU,00061,12,2,0,0,7,0
5,158,80 04:21:33.540,12,131-13331320000,NRCellCU,00061,12,5,0,0,0,0
6,158,80 04:21:33.540,12,131-13331320000,NRCellCU,00061,12,15,0,0,0,0
7,158,80 04:21:33.540,12,131-13331320000,NRCellCU,00061,12,3,0,0,0,0
8,158,80 04:21:33.540,12,131-13331320000,NRCellCU,00061,12,11,0,0,0,0
9,158,80 04:21:33.540,12,131-13331320000,NRCellCU,00064,12,7,0,0,10,0
10,158,80 04:21:33.540,12,131-13331320000,NRCellCU,00064,12,2,0,0,0,0
11,158,80 04:21:33.540,12,131-13331320000,NRCellCU,00064,12,4,0,0,0,0
12,158,80 04:21:33.540,12,131-13331320000,NRCellCU,00064,12,8,0,0,0,0
13,158,80 04:21:33.540,12,131-13331320000,NRCellCU,00064,12,11,0,0,0,0
14,158,80 04:21:33.540,12,131-13331320000,NRCellCU,00064,12,15,0,0,0,0
15,158,80 04:21:33.540,12,131-13331320000,NRCellCU,00064,12,10,0,0,0,0
16,158,80 04:21:33.540,12,131-13331320000,NRCellCU,00064,12,3,0,0,0,0
17,158,80 04:21:33.540,12,131-13331320000,NRCellCU,00019,12,4,0,0,23,0
18,158,80 04:21:33.540,12,131-13331320000,NRCellCU,00019,12,10,0,0,0,0
19,158,80 04:21:33.540,12,131-13331320000,NRCellCU,00019,12,7,0,0,0,0
20,158,80 04:21:33.540,12,131-13331320000,NRCellCU,00019,12,11,0,0,0,0
21,158,80 04:21:33.540,12,131-13331320000,NRCellCU,00019,12,3,0,0,0,0
22,158,80 04:21:33.540,12,131-13331320000,NRCellCU,00019,12,2,0,0,0,0
23,158,80 04:21:33.540,12,131-13331320000,NRCellCU,00019,12,8,0,0,0,0
24,158,80 04:21:33.540,12,131-13331320000,NRCellCU,00019,12,14,0,0,0,0
1,159,80 04:21:33.540,2,131-13332000000,NRCellCU,00029,2,3,0,0,25,0
2,159,80 04:21:33.540,2,131-13332000000,NRCellCU,00029,2,5,0,0,6,0
3,159,80 04:21:33.540,2,131-13332000000,NRCellCU,00029,2,7,0,0,0,0
4,159,80 04:21:33.540,2,131-13332000000,NRCellCU,00029,2,9,0,0,0,0
5,159,80 04:21:33.540,2,131-13332000000,NRCellCU,00029,2,12,0,0,0,0
6,159,80 04:21:33.540,2,131-13332000000,NRCellCU,00029,2,4,0,0,0,0
7,159,80 04:21:33.540,2,131-13332000000,NRCellCU,00029,2,15,0,0,0,0
8,159,80 04:21:33.540,2,131-13332000000,NRCellCU,00029,2,10,0,0,0,0
9,159,80 04:21:33.540,2,131-13332000000,NRCellCU,00006,2,4,0,0,13,0
10,159,80 04:21:33.540,2,131-13332000000,NRCellCU,00006,2,7,0,0,10,0
11,159,80 04:21:33.540,2,131-13332000000,NRCellCU,00006,2,3,0,0,10,0
12,159,80 04:21:33.540,2,131-13332000000,NRCellCU,00006,2,12,0,0,0,0
13,159,80 04:21:33.540,2,131-13332000000,NRCellCU,00006,2,14,0,0,0,0
14,159,80 04:21:33.540,2,131-13332000000,NRCellCU,00006,2,5,0,0,0,0
15,159,80 04:21:33.540,2,131-13332000000,NRCellCU,00006,2,6,0,0,0,0
16,159,80 04:21:33.540,2,131-13332000000,NRCellCU,00006,2,9,0,0,0,0
17,159,80 04:21:33.540,2,131-13332000000,NRCellCU,00048,2,6,0,0,37,0
18,159,80 04:21:33.540,2,131-13332000000,NRCellCU,00048,2,5,0,0,10,0
19,159,80 04:21:33.540,2,131-13332000000,NRCellCU,00048,2,4,0,0,5,0
20,159,80 04:21:33.540,2,131-13332000000,NRCellCU,00048,2,3,0,0,3,0
21,159,80 04:21:33.540,2,131-13332000000,NRCellCU,00048,2,9,0,0,0,0
22,159,80 04:21:33.540,2,131-13332000000,NRCellCU,00048,2,14,0,0,0,0
23,159,80 04:21:33.540,2,131-13332000000,NRCellCU,00048,2,10,0,0,0,0
24,159,80 04:21:33.540,2,131-13332000000,NRCellCU,00048,2,12,0,0,0,0
25,159,80 04:21:33.540,2,131-13332000000,NRCellCU,00040,2,5,0,0,19,0
26,159,80 04:21:33.540,2,131-13332000000,NRCellCU,00040,2,6,0,0,1,0
27,159,80 04:21:33.540,2,131-13332000000,NRCellCU,00040,2,9,0,0,1,0
28,159,80 04:21:33.540,2,131-13332000000,NRCellCU,00040,2,3,0,0,0,0
29,159,80 04:21:33.540,2,131-13332000000,NRCellCU,00040,2,15,0,0,0,0
30,159,80 04:21:33.540,2,131-13332000000,NRCellCU,00040,2,11,0,0,0,0
31,159,80 04:21:33.540,2,131-13332000000,NRCellCU,00040,2,7,0,0,0,0
32,159,80 04:21:33.540,2,131-13332000000,NRCellCU,00040,2,4,0,0,0,0
1,160,80 04:21:33.541,13,131-13331330000,NRCellCU,00066,13,2,0,0,8,0
2,160,80 04:21:33.541,13,131-13331330000,NRCellCU,00066,13,6,0,0,7,0
3,160,80 04:21:33.541,13,131-13331330000,NRCellCU,00066,13,9,0,0,0,0
4,160,80 04:21:33.541,13,131-13331330000,NRCellCU,00066,13,8,0,0,0,0
5,160,80 04:21:33.541,13,131-13331330000,NRCellCU,00066,13,12,0,0,0,0
6,160,80 04:21:33.541,13,131-13331330000,NRCellCU,00066,13,3,0,0,0,0
7,160,80 04:21:33.541,13,131-13331330000,NRCellCU,00066,13,5,0,0,0,0
8,160,80 04:21:33.541,13,131-13331330000,NRCellCU,00066,13,7,0,0,0,0
9,160,80 04:21:33.541,13,131-13331330000,NRCellCU,00005,13,5,0,0,3,0
10,160,80 04:21:33.541,13,131-13331330000,NRCellCU,00005,13,6,0,0,0,0
11,160,80 04:21:33.541,13,131-13331330000,NRCellCU,00005,13,9,0,0,0,0
12,160,80 04:21:33.541,13,131-13331330000,NRCellCU,00005,13,8,0,0,0,0
13,160,80 04:21:33.541,13,131-13331330000,NRCellCU,00005,13,4,0,0,0,0
14,160,80 04:21:33.541,13,131-13331330000,NRCellCU,00005,13,3,0,0,0,0
15,160,80 04:21:33.541,13,131-13331330000,NRCellCU,00005,13,11,0,0,0,0
16,160,80 04:21:33.541,13,131-13331330000,NRCellCU,00005,13,15,0,0,0,0
17,160,80 04:21:33.541,13,131-13331330000,NRCellCU,00014,13,5,0,0,7,0
18,160,80 04:21:33.541,13,131-13331330000,NRCellCU,00014,13,9,0,0,0,0
19,160,80 04:21:33.541,13,131-13331330000,NRCellCU,00014,13,10,0,0,0,0
20,160,80 04:21:33.541,13,131-13331330000,NRCellCU,00014,13,14,0,0,0,0
21,160,80 04:21:33.541,13,131-13331330000,NRCellCU,00014,13,2,0,0,0,0
22,160,80 04:21:33.541,13,131-13331330000,NRCellCU,00014,13,3,0,0,0,0
23,160,80 04:21:33.541,13,131-13331330000,NRCellCU,00014,13,12,0,0,0,0
24,160,80 04:21:33.541,13,131-13331330000,NRCellCU,00014,13,15,0,0,0,0
1,162,80 04:21:33.542,13,131-13331330000,NRCellCU,00066,13,3,0,0,18,0
2,162,80 04:21:33.542,13,131-13331330000,NRCellCU,00066,13,9,0,0,1,0
3,162,80 04:21:33.542,13,131-13331330000,NRCellCU,00066,13,2,0,0,0,0
4,162,80 04:21:33.542,13,131-13331330000,NRCellCU,00066,13,6,0,0,0,0
5,162,80 04:21:33.542,13,131-13331330000,NRCellCU,00066,13,12,0,0,0,0
6,162,80 04:21:33.542,13,131-13331330000,NRCellCU,00066,13,5,0,0,0,0
7,162,80 04:21:33.542,13,131-13331330000,NRCellCU,00066,13,8,0,0,0,0
8,162,80 04:21:33.542,13,131-13331330000,NRCellCU,00066,13,4,0,0,0,0
9,162,80 04:21:33.542,13,131-13331330000,NRCellCU,00014,13,5,0,0,5,0
10,162,80 04:21:33.542,13,131-13331330000,NRCellCU,00014,13,9,0,0,0,0
11,162,80 04:21:33.542,13,131-13331330000,NRCellCU,00014,13,10,0,0,0,0
12,162,80 04:21:33.542,13,131-13331330000,NRCellCU,00014,13,14,0,0,0,0
13,162,80 04:21:33.542,13,131-13331330000,NRCellCU,00014,13,3,0,0,0,0
14,162,80 04:21:33.542,13,131-13331330000,NRCellCU,00014,13,8,0,0,0,0
15,162,80 04:21:33.542,13,131-13331330000,NRCellCU,00014,13,6,0,0,0,0
16,162,80 04:21:33.542,13,131-13331330000,NRCellCU,00014,13,15,0,0,0,0
17,162,80 04:21:33.542,13,131-13331330000,NRCellCU,00005,13,5,0,0,12,0
18,162,80 04:21:33.542,13,131-13331330000,NRCellCU,00005,13,4,0,0,0,0
19,162,80 04:21:33.542,13,131-13331330000,NRCellCU,00005,13,9,0,0,0,0
20,162,80 04:21:33.542,13,131-13331330000,NRCellCU,00005,13,6,0,0,0,0
21,162,80 04:21:33.542,13,131-13331330000,NRCellCU,00005,13,8,0,0,0,0
22,162,80 04:21:33.542,13,131-13331330000,NRCellCU,00005,13,11,0,0,0,0
23,162,80 04:21:33.542,13,131-13331330000,NRCellCU,00005,13,3,0,0,0,0
24,162,80 04:21:33.542,13,131-13331330000,NRCellCU,00005,13,15,0,0,0,0
1,163,80 04:21:33.542,2,131-13332000000,NRCellCU,00006,2,7,0,0,18,0
2,163,80 04:21:33.542,2,131-13332000000,NRCellCU,00006,2,4,0,0,6,0
3,163,80 04:21:33.542,2,131-13332000000,NRCellCU,00006,2,3,0,0,1,0
4,163,80 04:21:33.542,2,131-13332000000,NRCellCU,00006,2,12,0,0,0,0
5,163,80 04:21:33.542,2,131-13332000000,NRCellCU,00006,2,5,0,0,0,0
6,163,80 04:21:33.542,2,131-13332000000,NRCellCU,00006,2,13,0,0,0,0
7,163,80 04:21:33.542,2,131-13332000000,NRCellCU,00006,2,15,0,0,0,0
8,163,80 04:21:33.542,2,131-13332000000,NRCellCU,00006,2,6,0,0,0,0
9,163,80 04:21:33.542,2,131-13332000000,NRCellCU,00048,2,6,0,0,22,0
10,163,80 04:21:33.542,2,131-13332000000,NRCellCU,00048,2,5,0,0,9,0
11,163,80 04:21:33.542,2,131-13332000000,NRCellCU,00048,2,9,0,0,0,0
12,163,80 04:21:33.542,2,131-13332000000,NRCellCU,00048,2,10,0,0,0,0
13,163,80 04:21:33.542,2,131-13332000000,NRCellCU,00048,2,7,0,0,0,0
14,163,80 04:21:33.542,2,131-13332000000,NRCellCU,00048,2,3,0,0,0,0
15,163,80 04:21:33.542,2,131-13332000000,NRCellCU,00048,2,8,0,0,0,0
16,163,80 04:21:33.542,2,131-13332000000,NRCellCU,00048,2,4,0,0,0,0
17,163,80 04:21:33.542,2,131-13332000000,NRCellCU,00040,2,9,0,0,0,0
18,163,80 04:21:33.542,2,131-13332000000,NRCellCU,00040,2,6,0,0,0,0
19,163,80 04:21:33.542,2,131-13332000000,NRCellCU,00040,2,3,0,0,0,0
20,163,80 04:21:33.542,2,131-13332000000,NRCellCU,00040,2,5,0,0,0,0
21,163,80 04:21:33.542,2,131-13332000000,NRCellCU,00040,2,4,0,0,0,0
22,163,80 04:21:33.542,2,131-13332000000,NRCellCU,00040,2,8,0,0,0,0
23,163,80 04:21:33.542,2,131-13332000000,NRCellCU,00040,2,7,0,0,0,0
24,163,80 04:21:33.542,2,131-13332000000,NRCellCU,00040,2,15,0,0,0,0
25,163,80 04:21:33.542,2,131-13332000000,NRCellCU,00029,2,3,0,0,17,0
26,163,80 04:21:33.542,2,131-13332000000,NRCellCU,00029,2,5,0,0,9,0
27,163,80 04:21:33.542,2,131-13332000000,NRCellCU,00029,2,12,0,0,6,0
28,163,80 04:21:33.542,2,131-13332000000,NRCellCU,00029,2,7,0,0,0,0
29,163,80 04:21:33.542,2,131-13332000000,NRCellCU,00029,2,9,0,0,0,0
30,163,80 04:21:33.542,2,131-13332000000,NRCellCU,00029,2,4,0,0,0,0
31,163,80 04:21:33.542,2,131-13332000000,NRCellCU,00029,2,15,0,0,0,0
32,163,80 04:21:33.542,2,131-13332000000,NRCellCU,00029,2,8,0,0,0,0
1,164,80 04:21:33.542,12,131-13331320000,NRCellCU,00064,12,7,0,0,15,0
2,164,80 04:21:33.542,12,131-13331320000,NRCellCU,00064,12,11,0,0,0,0
3,164,80 04:21:33.542,12,131-13331320000,NRCellCU,00064,12,4,0,0,0,0
4,164,80 04:21:33.542,12,131-13331320000,NRCellCU,00064,12,2,0,0,0,0
5,164,80 04:21:33.542,12,131-13331320000,NRCellCU,00064,12,10,0,0,0,0
6,164,80 04:21:33.542,12,131-13331320000,NRCellCU,00064,12,8,0,0,0,0
7,164,80 04:21:33.542,12,131-13331320000,NRCellCU,00064,12,15,0,0,0,0
8,164,80 04:21:33.542,12,131-13331320000,NRCellCU,00064,12,5,0,0,0,0
9,164,80 04:21:33.542,12,131-13331320000,NRCellCU,00019,12,4,0,0,14,0
10,164,80 04:21:33.542,12,131-13331320000,NRCellCU,00019,12,10,0,0,2,0
11,164,80 04:21:33.542,12,131-13331320000,NRCellCU,00019,12,11,0,0,0,0
12,164,80 04:21:33.542,12,131-13331320000,NRCellCU,00019,12,3,0,0,0,0
13,164,80 04:21:33.542,12,131-13331320000,NRCellCU,00019,12,7,0,0,0,0
14,164,80 04:21:33.542,12,131-13331320000,NRCellCU,00019,12,2,0,0,0,0
15,164,80 04:21:33.542,12,131-13331320000,NRCellCU,00019,12,9,0,0,0,0
16,164,80 04:21:33.542,12,131-13331320000,NRCellCU,00019,12,5,0,0,0,0
17,164,80 04:21:33.542,12,131-13331320000,NRCellCU,00061,12,4,0,0,11,0
18,164,80 04:21:33.542,12,131-13331320000,NRCellCU,00061,12,10,0,0,9,0
19,164,80 04:21:33.542,12,131-13331320000,NRCellCU,00061,12,2,0,0,5,0
20,164,80 04:21:33.542,12,131-13331320000,NRCellCU,00061,12,7,0,0,0,0
21,164,80 04:21:33.542,12,131-13331320000,NRCellCU,00061,12,15,0,0,0,0
22,164,80 04:21:33.542,12,131-13331320000,NRCellCU,00061,12,5,0,0,0,0
23,164,80 04:21:33.542,12,131-13331320000,NRCellCU,00061,12,11,0,0,0,0
24,164,80 04:21:33.542,12,131-13331320000,NRCellCU,00061,12,9,0,0,0,0
1,165,80 04:21:33.543,8,131-13338000000,NRCellCU,00017,8,3,0,0,25,0
2,165,80 04:21:33.543,8,131-13338000000,NRCellCU,00017,8,15,0,0,21,0
3,165,80 04:21:33.543,8,131-13338000000,NRCellCU,00017,8,11,0,0,1,0
4,165,80 04:21:33.543,8,131-13338000000,NRCellCU,00017,8,10,0,0,0,0
5,165,80 04:21:33.543,8,131-13338000000,NRCellCU,00017,8,14,0,0,0,0
6,165,80 04:21:33.543,8,131-13338000000,NRCellCU,00017,8,7,0,0,0,0
7,165,80 04:21:33.543,8,131-13338000000,NRCellCU,00017,8,4,0,0,0,0
8,165,80 04:21:33.543,8,131-13338000000,NRCellCU,00017,8,5,0,0,0,0
9,165,80 04:21:33.543,8,131-13338000000,NRCellCU,00038,8,13,0,0,24,0
10,165,80 04:21:33.543,8,131-13338000000,NRCellCU,00038,8,5,0,0,12,0
11,165,80 04:21:33.543,8,131-13338000000,NRCellCU,00038,8,7,0,0,0,0
12,165,80 04:21:33.543,8,131-13338000000,NRCellCU,00038,8,3,0,0,0,0
13,165,80 04:21:33.543,8,131-13338000000,NRCellCU,00038,8,11,0,0,0,0
14,165,80 04:21:33.543,8,131-13338000000,NRCellCU,00038,8,2,0,0,0,0
15,165,80 04:21:33.543,8,131-13338000000,NRCellCU,00038,8,15,0,0,0,0
16,165,80 04:21:33.543,8,131-13338000000,NRCellCU,00038,8,9,0,0,0,0
17,165,80 04:21:33.543,8,131-13338000000,NRCellCU,00045,8,2,0,0,16,0
18,165,80 04:21:33.543,8,131-13338000000,NRCellCU,00045,8,13,0,0,0,0
19,165,80 04:21:33.543,8,131-13338000000,NRCellCU,00045,8,5,0,0,0,0
20,165,80 04:21:33.543,8,131-13338000000,NRCellCU,00045,8,15,0,0,0,0
21,165,80 04:21:33.543,8,131-13338000000,NRCellCU,00045,8,11,0,0,0,0
22,165,80 04:21:33.543,8,131-13338000000,NRCellCU,00045,8,6,0,0,0,0
23,165,80 04:21:33.543,8,131-13338000000,NRCellCU,00045,8,7,0,0,0,0
24,165,80 04:21:33.543,8,131-13338000000,NRCellCU,00045,8,9,0,0,0,0
25,165,80 04:21:33.543,8,131-13338000000,NRCellCU,00021,8,9,0,0,15,0
26,165,80 04:21:33.543,8,131-13338000000,NRCellCU,00021,8,11,0,0,0,0
27,165,80 04:21:33.543,8,131-13338000000,NRCellCU,00021,8,15,0,0,0,0
28,165,80 04:21:33.543,8,131-13338000000,NRCellCU,00021,8,2,0,0,0,0
29,165,80 04:21:33.543,8,131-13338000000,NRCellCU,00021,8,4,0,0,0,0
30,165,80 04:21:33.543,8,131-13338000000,NRCellCU,00021,8,3,0,0,0,0
31,165,80 04:21:33.543,8,131-13338000000,NRCellCU,00021,8,5,0,0,0,0
32,165,80 04:21:33.543,8,131-13338000000,NRCellCU,00021,8,12,0,0,0,0
1,166,80 04:21:33.544,13,131-13331330000,NRCellCU,00014,13,5,0,0,13,0
2,166,80 04:21:33.544,13,131-13331330000,NRCellCU,00014,13,9,0,0,2,0
3,166,80 04:21:33.544,13,131-13331330000,NRCellCU,00014,13,8,0,0,0,0
4,166,80 04:21:33.544,13,131-13331330000,NRCellCU,00014,13,10,0,0,0,0
5,166,80 04:21:33.544,13,131-13331330000,NRCellCU,00014,13,15,0,0,0,0
6,166,80 04:21:33.544,13,131-13331330000,NRCellCU,00014,13,14,0,0,0,0
7,166,80 04:21:33.544,13,131-13331330000,NRCellCU,00014,13,3,0,0,0,0
8,166,80 04:21:33.544,13,131-13331330000,NRCellCU,00014,13,2,0,0,0,0
9,166,80 04:21:33.544,13,131-13331330000,NRCellCU,00005,13,5,0,0,15,0
10,166,80 04:21:33.544,13,131-13331330000,NRCellCU,00005,13,6,0,0,1,0
11,166,80 04:21:33.544,13,131-13331330000,NRCellCU,00005,13,8,0,0,0,0
12,166,80 04:21:33.544,13,131-13331330000,NRCellCU,00005,13,4,0,0,0,0
13,166,80 04:21:33.544,13,131-13331330000,NRCellCU,00005,13,9,0,0,0,0
14,166,80 04:21:33.544,13,131-13331330000,NRCellCU,00005,13,11,0,0,0,0
15,166,80 04:21:33.544,13,131-13331330000,NRCellCU,00005,13,3,0,0,0,0
16,166,80 04:21:33.544,13,131-13331330000,NRCellCU,00005,13,14,0,0,0,0
17,166,80 04:21:33.544,13,131-13331330000,NRCellCU,00066,13,2,0,0,2,0
18,166,80 04:21:33.544,13,131-13331330000,NRCellCU,00066,13,6,0,0,0,0
19,166,80 04:21:33.544,13,131-13331330000,NRCellCU,00066,13,9,0,0,0,0
20,166,80 04:21:33.544,13,131-13331330000,NRCellCU,00066,13,5,0,0,0,0
21,166,80 04:21:33.544,13,131-13331330000,NRCellCU,00066,13,8,0,0,0,0
22,166,80 04:21:33.544,13,131-13331330000,NRCellCU,00066,13,12,0,0,0,0
23,166,80 04:21:33.544,13,131-13331330000,NRCellCU,00066,13,3,0,0,0,0
24,166,80 04:21:33.544,13,131-13331330000,NRCellCU,00066,13,15,0,0,0,0
1,167,80 04:21:33.544,15,131-13331350000,NRCellCU,00008,15,3,0,0,33,0
2,167,80 04:21:33.544,15,131-13331350000,NRCellCU,00008,15,8,0,0,7,0
3,167,80 04:21:33.544,15,131-13331350000,NRCellCU,00008,15,7,0,0,0,0
4,167,80 04:21:33.544,15,131-13331350000,NRCellCU,00008,15,10,0,0,0,0
5,167,80 04:21:33.544,15,131-13331350000,NRCellCU,00008,15,5,0,0,0,0
6,167,80 04:21:33.544,15,131-13331350000,NRCellCU,00008,15,11,0,0,0,0
7,167,80 04:21:33.544,15,131-13331350000,NRCellCU,00008,15,2,0,0,0,0
8,167,80 04:21:33.544,15,131-13331350000,NRCellCU,00008,15,6,0,0,0,0
1,168,80 04:21:33.545,14,131-13331340000,NRCellCU,00024,14,10,0,0,10,0
2,168,80 04:21:33.545,14,131-13331340000,NRCellCU,00024,14,6,0,0,0,0
3,168,80 04:21:33.545,14,131-13331340000,NRCellCU,00024,14,5,0,0,0,0
4,168,80 04:21:33.545,14,131-13331340000,NRCellCU,00024,14,9,0,0,0,0
5,168,80 04:21:33.545,14,131-13331340000,NRCellCU,00024,14,2,0,0,0,0
6,168,80 04:21:33.545,14,131-13331340000,NRCellCU,00024,14,12,0,0,0,0
7,168,80 04:21:33.545,14,131-13331340000,NRCellCU,00024,14,4,0,0,0,0
8,168,80 04:21:33.545,14,131-13331340000,NRCellCU,00024,14,3,0,0,0,0
9,168,80 04:21:33.545,14,131-13331340000,NRCellCU,00023,14,6,0,0,0,0
10,168,80 04:21:33.545,14,131-13331340000,NRCellCU,00023,14,3,0,0,0,0
11,168,80 04:21:33.545,14,131-13331340000,NRCellCU,00023,14,9,0,0,0,0
12,168,80 04:21:33.545,14,131-13331340000,NRCellCU,00023,14,10,0,0,0,0
13,168,80 04:21:33.545,14,131-13331340000,NRCellCU,00023,14,5,0,0,0,0
14,168,80 04:21:33.545,14,131-13331340000,NRCellCU,00023,14,11,0,0,0,0
15,168,80 04:21:33.545,14,131-13331340000,NRCellCU,00023,14,13,0,0,0,0
16,168,80 04:21:33.545,14,131-13331340000,NRCellCU,00023,14,2,0,0,0,0
17,168,80 04:21:33.545,14,131-13331340000,NRCellCU,00055,14,6,0,0,5,0
18,168,80 04:21:33.545,14,131-13331340000,NRCellCU,00055,14,9,0,0,3,0
19,168,80 04:21:33.545,14,131-13331340000,NRCellCU,00055,14,2,0,0,0,0
20,168,80 04:21:33.545,14,131-13331340000,NRCellCU,00055,14,12,0,0,0,0
21,168,80 04:21:33.545,14,131-13331340000,NRCellCU,00055,14,5,0,0,0,0
22,168,80 04:21:33.545,14,131-13331340000,NRCellCU,00055,14,10,0,0,0,0
23,168,80 04:21:33.545,14,131-13331340000,NRCellCU,00055,14,13,0,0,0,0
24,168,80 04:21:33.545,14,131-13331340000,NRCellCU,00055,14,7,0,0,0,0
25,168,80 04:21:33.545,14,131-13331340000,NRCellCU,00053,14,4,0,0,8,0
26,168,80 04:21:33.545,14,131-13331340000,NRCellCU,00053,14,6,0,0,0,0
27,168,80 04:21:33.545,14,131-13331340000,NRCellCU,00053,14,9,0,0,0,0
28,168,80 04:21:33.545,14,131-13331340000,NRCellCU,00053,14,2,0,0,0,0
29,168,80 04:21:33.545,14,131-13331340000,NRCellCU,00053,14,10,0,0,0,0
30,168,80 04:21:33.545,14,131-13331340000,NRCellCU,00053,14,8,0,0,0,0
31,168,80 04:21:33.545,14,131-13331340000,NRCellCU,00053,14,5,0,0,0,0
32,168,80 04:21:33.545,14,131-13331340000,NRCellCU,00053,14,13,0,0,0,0
1,169,80 04:21:33.545,8,131-13338000000,NRCellCU,00021,8,9,0,0,8,0
2,169,80 04:21:33.545,8,131-13338000000,NRCellCU,00021,8,11,0,0,0,0
3,169,80 04:21:33.545,8,131-13338000000,NRCellCU,00021,8,15,0,0,0,0
4,169,80 04:21:33.545,8,131-13338000000,NRCellCU,00021,8,2,0,0,0,0
5,169,80 04:21:33.545,8,131-13338000000,NRCellCU,00021,8,4,0,0,0,0
6,169,80 04:21:33.545,8,131-13338000000,NRCellCU,00021,8,3,0,0,0,0
7,169,80 04:21:33.545,8,131-13338000000,NRCellCU,00021,8,5,0,0,0,0
8,169,80 04:21:33.545,8,131-13338000000,NRCellCU,00021,8,12,0,0,0,0
9,169,80 04:21:33.545,8,131-13338000000,NRCellCU,00017,8,3,0,0,28,0
10,169,80 04:21:33.545,8,131-13338000000,NRCellCU,00017,8,15,0,0,16,0
11,169,80 04:21:33.545,8,131-13338000000,NRCellCU,00017,8,11,0,0,6,0
12,169,80 04:21:33.545,8,131-13338000000,NRCellCU,00017,8,10,0,0,4,0
13,169,80 04:21:33.545,8,131-13338000000,NRCellCU,00017,8,14,0,0,0,0
14,169,80 04:21:33.545,8,131-13338000000,NRCellCU,00017,8,7,0,0,0,0
15,169,80 04:21:33.545,8,131-13338000000,NRCellCU,00017,8,4,0,0,0,0
16,169,80 04:21:33.545,8,131-13338000000,NRCellCU,00017,8,2,0,0,0,0
17,169,80 04:21:33.545,8,131-13338000000,NRCellCU,00045,8,2,0,0,4,0
18,169,80 04:21:33.545,8,131-13338000000,NRCellCU,00045,8,13,0,0,0,0
19,169,80 04:21:33.545,8,131-13338000000,NRCellCU,00045,8,11,0,0,0,0
20,169,80 04:21:33.545,8,131-13338000000,NRCellCU,00045,8,15,0,0,0,0
21,169,80 04:21:33.545,8,131-13338000000,NRCellCU,00045,8,10,0,0,0,0
22,169,80 04:21:33.545,8,131-13338000000,NRCellCU,00045,8,5,0,0,0,0
23,169,80 04:21:33.545,8,131-13338000000,NRCellCU,00045,8,12,0,0,0,0
24,169,80 04:21:33.545,8,131-13338000000,NRCellCU,00045,8,9,0,0,0,0
25,169,80 04:21:33.545,8,131-13338000000,NRCellCU,00038,8,13,0,0,16,0
26,169,80 04:21:33.545,8,131-13338000000,NRCellCU,00038,8,5,0,0,4,0
27,169,80 04:21:33.545,8,131-13338000000,NRCellCU,00038,8,7,0,0,0,0
28,169,80 04:21:33.545,8,131-13338000000,NRCellCU,00038,8,3,0,0,0,0
29,169,80 04:21:33.545,8,131-13338000000,NRCellCU,00038,8,11,0,0,0,0
30,169,80 04:21:33.545,8,131-13338000000,NRCellCU,00038,8,15,0,0,0,0
31,169,80 04:21:33.545,8,131-13338000000,NRCellCU,00038,8,4,0,0,0,0
32,169,80 04:21:33.545,8,131-13338000000,NRCellCU,00038,8,9,0,0,0,0
1,171,80 04:21:33.546,12,131-13331320000,NRCellCU,00064,12,7,0,0,22,0
2,171,80 04:21:33.546,12,131-13331320000,NRCellCU,00064,12,15,0,0,1,0
3,171,80 04:21:33.546,12,131-13331320000,NRCellCU,00064,12,4,0,0,0,0
4,171,80 04:21:33.546,12,131-13331320000,NRCellCU,00064,12,2,0,0,0,0
5,171,80 04:21:33.546,12,131-13331320000,NRCellCU,00064,12,11,0,0,0,0
6,171,80 04:21:33.546,12,131-13331320000,NRCellCU,00064,12,3,0,0,0,0
7,171,80 04:21:33.546,12,131-13331320000,NRCellCU,00064,12,5,0,0,0,0
8,171,80 04:21:33.546,12,131-13331320000,NRCellCU,00064,12,8,0,0,0,0
9,171,80 04:21:33.546,12,131-13331320000,NRCellCU,00009,12,4,0,0,18,0
10,171,80 04:21:33.546,12,131-13331320000,NRCellCU,00009,12,2,0,0,6,0
11,171,80 04:21:33.546,12,131-13331320000,NRCellCU,00009,12,7,0,0,2,0
12,171,80 04:21:33.546,12,131-13331320000,NRCellCU,00009,12,14,0,0,0,0
13,171,80 04:21:33.546,12,131-13331320000,NRCellCU,00009,12,11,0,0,0,0
14,171,80 04:21:33.546,12,131-13331320000,NRCellCU,00009,12,9,0,0,0,0
15,171,80 04:21:33.546,12,131-13331320000,NRCellCU,00009,12,5,0,0,0,0
16,171,80 04:21:33.546,12,131-13331320000,NRCellCU,00009,12,8,0,0,0,0
17,171,80 04:21:33.546,12,131-13331320000,NRCellCU,00061,12,10,0,0,4,0
18,171,80 04:21:33.546,12,131-13331320000,NRCellCU,00061,12,7,0,0,1,0
19,171,80 04:21:33.546,12,131-13331320000,NRCellCU,00061,12,5,0,0,1,0
20,171,80 04:21:33.546,12,131-13331320000,NRCellCU,00061,12,4,0,0,0,0
21,171,80 04:21:33.546,12,131-13331320000,NRCellCU,00061,12,2,0,0,0,0
22,171,80 04:21:33.546,12,131-13331320000,NRCellCU,00061,12,14,0,0,0,0
23,171,80 04:21:33.546,12,131-13331320000,NRCellCU,00061,12,9,0,0,0,0
24,171,80 04:21:33.546,12,131-13331320000,NRCellCU,00061,12,15,0,0,0,0
25,171,80 04:21:33.546,12,131-13331320000,NRCellCU,00019,12,4,0,0,30,0
26,171,80 04:21:33.546,12,131-13331320000,NRCellCU,00019,12,10,0,0,17,0
27,171,80 04:21:33.546,12,131-13331320000,NRCellCU,00019,12,11,0,0,0,0
28,171,80 04:21:33.546,12,131-13331320000,NRCellCU,00019,12,3,0,0,0,0
29,171,80 04:21:33.546,12,131-13331320000,NRCellCU,00019,12,7,0,0,0,0
30,171,80 04:21:33.546,12,131-13331320000,NRCellCU,00019,12,2,0,0,0,0
31,171,80 04:21:33.546,12,131-13331320000,NRCellCU,00019,12,14,0,0,0,0
32,171,80 04:21:33.546,12,131-13331320000,NRCellCU,00019,12,8,0,0,0,0
1,172,80 04:21:33.546,13,131-13331330000,NRCellCU,00066,13,2,0,0,0,0
2,172,80 04:21:33.546,13,131-13331330000,NRCellCU,00066,13,6,0,0,0,0
3,172,80 04:21:33.546,13,131-13331330000,NRCellCU,00066,13,9,0,0,0,0
4,172,80 04:21:33.546,13,131-13331330000,NRCellCU,00066,13,5,0,0,0,0
5,172,80 04:21:33.546,13,131-13331330000,NRCellCU,00066,13,8,0,0,0,0
6,172,80 04:21:33.546,13,131-13331330000,NRCellCU,00066,13,12,0,0,0,0
7,172,80 04:21:33.546,13,131-13331330000,NRCellCU,00066,13,3,0,0,0,0
8,172,80 04:21:33.546,13,131-13331330000,NRCellCU,00066,13,7,0,0,0,0
9,172,80 04:21:33.546,13,131-13331330000,NRCellCU,00005,13,5,0,0,21,0
10,172,80 04:21:33.546,13,131-13331330000,NRCellCU,00005,13,6,0,0,7,0
11,172,80 04:21:33.546,13,131-13331330000,NRCellCU,00005,13,4,0,0,4,0
12,172,80 04:21:33.546,13,131-13331330000,NRCellCU,00005,13,8,0,0,0,0
13,172,80 04:21:33.546,13,131-13331330000,NRCellCU,00005,13,9,0,0,0,0
14,172,80 04:21:33.546,13,131-13331330000,NRCellCU,00005,13,11,0,0,0,0
15,172,80 04:21:33.546,13,131-13331330000,NRCellCU,00005,13,3,0,0,0,0
16,172,80 04:21:33.546,13,131-13331330000,NRCellCU,00005,13,14,0,0,0,0
17,172,80 04:21:33.546,13,131-13331330000,NRCellCU,00014,13,5,0,0,5,0
18,172,80 04:21:33.546,13,131-13331330000,NRCellCU,00014,13,9,0,0,0,0
19,172,80 04:21:33.546,13,131-13331330000,NRCellCU,00014,13,10,0,0,0,0
20,172,80 04:21:33.546,13,131-13331330000,NRCellCU,00014,13,3,0,0,0,0
21,172,80 04:21:33.546,13,131-13331330000,NRCellCU,00014,13,15,0,0,0,0
22,172,80 04:21:33.546,13,131-13331330000,NRCellCU,00014,13,6,0,0,0,0
23,172,80 04:21:33.546,13,131-13331330000,NRCellCU,00014,13,14,0,0,0,0
24,172,80 04:21:33.546,13,131-13331330000,NRCellCU,00014,13,12,0,0,0,0
1,174,80 04:21:33.547,14,131-13331340000,NRCellCU,00023,14,6,0,0,0,0
2,174,80 04:21:33.547,14,131-13331340000,NRCellCU,00023,14,9,0,0,0,0
3,174,80 04:21:33.547,14,131-13331340000,NRCellCU,00023,14,10,0,0,0,0
4,174,80 04:21:33.547,14,131-13331340000,NRCellCU,00023,14,12,0,0,0,0
5,174,80 04:21:33.547,14,131-13331340000,NRCellCU,00023,14,3,0,0,0,0
6,174,80 04:21:33.547,14,131-13331340000,NRCellCU,00023,14,2,0,0,0,0
7,174,80 04:21:33.547,14,131-13331340000,NRCellCU,00023,14,5,0,0,0,0
8,174,80 04:21:33.547,14,131-13331340000,NRCellCU,00023,14,13,0,0,0,0
9,174,80 04:21:33.547,14,131-13331340000,NRCellCU,00053,14,4,0,0,11,0
10,174,80 04:21:33.547,14,131-13331340000,NRCellCU,00053,14,6,0,0,0,0
11,174,80 04:21:33.547,14,131-13331340000,NRCellCU,00053,14,9,0,0,0,0
12,174,80 04:21:33.547,14,131-13331340000,NRCellCU,00053,14,13,0,0,0,0
13,174,80 04:21:33.547,14,131-13331340000,NRCellCU,00053,14,5,0,0,0,0
14,174,80 04:21:33.547,14,131-13331340000,NRCellCU,00053,14,10,0,0,0,0
15,174,80 04:21:33.547,14,131-13331340000,NRCellCU,00053,14,2,0,0,0,0
16,174,80 04:21:33.547,14,131-13331340000,NRCellCU,00053,14,3,0,0,0,0
17,174,80 04:21:33.547,14,131-13331340000,NRCellCU,00055,14,6,0,0,17,0
18,174,80 04:21:33.547,14,131-13331340000,NRCellCU,00055,14,9,0,0,0,0
19,174,80 04:21:33.547,14,131-13331340000,NRCellCU,00055,14,2,0,0,0,0
20,174,80 04:21:33.547,14,131-13331340000,NRCellCU,00055,14,12,0,0,0,0
21,174,80 04:21:33.547,14,131-13331340000,NRCellCU,00055,14,5,0,0,0,0
22,174,80 04:21:33.547,14,131-13331340000,NRCellCU,00055,14,11,0,0,0,0
23,174,80 04:21:33.547,14,131-13331340000,NRCellCU,00055,14,10,0,0,0,0
24,174,80 04:21:33.547,14,131-13331340000,NRCellCU,00055,14,13,0,0,0,0
25,174,80 04:21:33.547,14,131-13331340000,NRCellCU,00024,14,10,0,0,13,0
26,174,80 04:21:33.547,14,131-13331340000,NRCellCU,00024,14,6,0,0,0,0
27,174,80 04:21:33.547,14,131-13331340000,NRCellCU,00024,14,5,0,0,0,0
28,174,80 04:21:33.547,14,131-13331340000,NRCellCU,00024,14,9,0,0,0,0
29,174,80 04:21:33.547,14,131-13331340000,NRCellCU,00024,14,2,0,0,0,0
30,174,80 04:21:33.547,14,131-13331340000,NRCellCU,00024,14,12,0,0,0,0
31,174,80 04:21:33.547,14,131-13331340000,NRCellCU,00024,14,4,0,0,0,0
32,174,80 04:21:33.547,14,131-13331340000,NRCellCU,00024,14,15,0,0,0,0
1,176,80 04:21:33.547,12,131-13331320000,NRCellCU,00009,12,4,0,0,15,0
2,176,80 04:21:33.547,12,131-13331320000,NRCellCU,00009,12,2,0,0,15,0
3,176,80 04:21:33.547,12,131-13331320000,NRCellCU,00009,12,7,0,0,5,0
4,176,80 04:21:33.547,12,131-13331320000,NRCellCU,00009,12,14,0,0,0,0
5,176,80 04:21:33.547,12,131-13331320000,NRCellCU,00009,12,11,0,0,0,0
6,176,80 04:21:33.547,12,131-13331320000,NRCellCU,00009,12,9,0,0,0,0
7,176,80 04:21:33.547,12,131-13331320000,NRCellCU,00009,12,5,0,0,0,0
8,176,80 04:21:33.547,12,131-13331320000,NRCellCU,00009,12,6,0,0,0,0
9,176,80 04:21:33.547,12,131-13331320000,NRCellCU,00064,12,7,0,0,22,0
10,176,80 04:21:33.547,12,131-13331320000,NRCellCU,00064,12,4,0,0,0,0
11,176,80 04:21:33.547,12,131-13331320000,NRCellCU,00064,12,15,0,0,0,0
12,176,80 04:21:33.547,12,131-13331320000,NRCellCU,00064,12,3,0,0,0,0
13,176,80 04:21:33.547,12,131-13331320000,NRCellCU,00064,12,2,0,0,0,0
14,176,80 04:21:33.547,12,131-13331320000,NRCellCU,00064,12,11,0,0,0,0
15,176,80 04:21:33.547,12,131-13331320000,NRCellCU,00064,12,10,0,0,0,0
16,176,80 04:21:33.547,12,131-13331320000,NRCellCU,00064,12,14,0,0,0,0
17,176,80 04:21:33.547,12,131-13331320000,NRCellCU,00061,12,10,0,0,10,0
18,176,80 04:21:33.547,12,131-13331320000,NRCellCU,00061,12,5,0,0,5,0
19,176,80 04:21:33.547,12,131-13331320000,NRCellCU,00061,12,4,0,0,0,0
20,176,80 04:21:33.547,12,131-13331320000,NRCellCU,00061,12,7,0,0,0,0
21,176,80 04:21:33.547,12,131-13331320000,NRCellCU,00061,12,2,0,0,0,0
22,176,80 04:21:33.547,12,131-13331320000,NRCellCU,00061,12,14,0,0,0,0
23,176,80 04:21:33.547,12,131-13331320000,NRCellCU,00061,12,9,0,0,0,0
24,176,80 04:21:33.547,12,131-13331320000,NRCellCU,00061,12,3,0,0,0,0
25,176,80 04:21:33.547,12,131-13331320000,NRCellCU,00019,12,4,0,0,28,0
26,176,80 04:21:33.547,12,131-13331320000,NRCellCU,00019,12,10,0,0,10,0
27,176,80 04:21:33.547,12,131-13331320000,NRCellCU,00019,12,11,0,0,1,0
28,176,80 04:21:33.547,12,131-13331320000,NRCellCU,00019,12,3,0,0,0,0
29,176,80 04:21:33.547,12,131-13331320000,NRCellCU,00019,12,7,0,0,0,0
30,176,80 04:21:33.547,12,131-13331320000,NRCellCU,00019,12,2,0,0,0,0
31,176,80 04:21:33.547,12,131-13331320000,NRCellCU,00019,12,9,0,0,0,0
32,176,80 04:21:33.547,12,131-13331320000,NRCellCU,00019,12,8,0,0,0,0
1,177,80 04:21:33.549,8,131-13338000000,NRCellCU,00056,8,5,0,0,11,0
2,177,80 04:21:33.549,8,131-13338000000,NRCellCU,00056,8,9,0,0,0,0
3,177,80 04:21:33.549,8,131-13338000000,NRCellCU,00056,8,3,0,0,0,0
4,177,80 04:21:33.549,8,131-13338000000,NRCellCU,00056,8,13,0,0,0,0
5,177,80 04:21:33.549,8,131-13338000000,NRCellCU,00056,8,2,0,0,0,0
6,177,80 04:21:33.549,8,131-13338000000,NRCellCU,00056,8,10,0,0,0,0
7,177,80 04:21:33.549,8,131-13338000000,NRCellCU,00056,8,7,0,0,0,0
8,177,80 04:21:33.549,8,131-13338000000,NRCellCU,00056,8,15,0,0,0,0
9,177,80 04:21:33.549,8,131-13338000000,NRCellCU,00021,8,9,0,0,16,0
10,177,80 04:21:33.549,8,131-13338000000,NRCellCU,00021,8,15,0,0,0,0
11,177,80 04:21:33.549,8,131-13338000000,NRCellCU,00021,8,2,0,0,0,0
12,177,80 04:21:33.549,8,131-13338000000,NRCellCU,00021,8,3,0,0,0,0
13,177,80 04:21:33.549,8,131-13338000000,NRCellCU,00021,8,11,0,0,0,0
14,177,80 04:21:33.549,8,131-13338000000,NRCellCU,00021,8,12,0,0,0,0
15,177,80 04:21:33.549,8,131-13338000000,NRCellCU,00021,8,5,0,0,0,0
16,177,80 04:21:33.549,8,131-13338000000,NRCellCU,00021,8,4,0,0,0,0
17,177,80 04:21:33.549,8,131-13338000000,NRCellCU,00038,8,13,0,0,10,0
18,177,80 04:21:33.549,8,131-13338000000,NRCellCU,00038,8,5,0,0,4,0
19,177,80 04:21:33.549,8,131-13338000000,NRCellCU,00038,8,7,0,0,0,0
20,177,80 04:21:33.549,8,131-13338000000,NRCellCU,00038,8,11,0,0,0,0
21,177,80 04:21:33.549,8,131-13338000000,NRCellCU,00038,8,3,0,0,0,0
22,177,80 04:21:33.549,8,131-13338000000,NRCellCU,00038,8,4,0,0,0,0
23,177,80 04:21:33.549,8,131-13338000000,NRCellCU,00038,8,15,0,0,0,0
24,177,80 04:21:33.549,8,131-13338000000,NRCellCU,00038,8,9,0,0,0,0
25,177,80 04:21:33.549,8,131-13338000000,NRCellCU,00045,8,3,0,0,23,0
26,177,80 04:21:33.549,8,131-13338000000,NRCellCU,00045,8,13,0,0,0,0
27,177,80 04:21:33.549,8,131-13338000000,NRCellCU,00045,8,15,0,0,0,0
28,177,80 04:21:33.549,8,131-13338000000,NRCellCU,00045,8,2,0,0,0,0
29,177,80 04:21:33.549,8,131-13338000000,NRCellCU,00045,8,11,0,0,0,0
30,177,80 04:21:33.549,8,131-13338000000,NRCellCU,00045,8,4,0,0,0,0
31,177,80 04:21:33.549,8,131-13338000000,NRCellCU,00045,8,5,0,0,0,0
32,177,80 04:21:33.549,8,131-13338000000,NRCellCU,00045,8,10,0,0,0,0
1,178,80 04:21:33.549,15,131-13331350000,NRCellCU,00037,15,11,0,0,11,0
2,178,80 04:21:33.549,15,131-13331350000,NRCellCU,00037,15,8,0,0,1,0
3,178,80 04:21:33.549,15,131-13331350000,NRCellCU,00037,15,7,0,0,0,0
4,178,80 04:21:33.549,15,131-13331350000,NRCellCU,00037,15,3,0,0,0,0
5,178,80 04:21:33.549,15,131-13331350000,NRCellCU,00037,15,5,0,0,0,0
6,178,80 04:21:33.549,15,131-13331350000,NRCellCU,00037,15,13,0,0,0,0
7,178,80 04:21:33.549,15,131-13331350000,NRCellCU,00037,15,4,0,0,0,0
8,178,80 04:21:33.549,15,131-13331350000,NRCellCU,00037,15,2,0,0,0,0
1,180,80 04:21:33.550,12,131-13331320000,NRCellCU,00009,12,4,0,0,28,0
2,180,80 04:21:33.550,12,131-13331320000,NRCellCU,00009,12,7,0,0,11,0
3,180,80 04:21:33.550,12,131-13331320000,NRCellCU,00009,12,2,0,0,5,0
4,180,80 04:21:33.550,12,131-13331320000,NRCellCU,00009,12,11,0,0,0,0
5,180,80 04:21:33.550,12,131-13331320000,NRCellCU,00009,12,14,0,0,0,0
6,180,80 04:21:33.550,12,131-13331320000,NRCellCU,00009,12,9,0,0,0,0
7,180,80 04:21:33.550,12,131-13331320000,NRCellCU,00009,12,5,0,0,0,0
8,180,80 04:21:33.550,12,131-13331320000,NRCellCU,00009,12,15,0,0,0,0
9,180,80 04:21:33.550,12,131-13331320000,NRCellCU,00061,12,10,0,0,18,0
10,180,80 04:21:33.550,12,131-13331320000,NRCellCU,00061,12,5,0,0,6,0
11,180,80 04:21:33.550,12,131-13331320000,NRCellCU,00061,12,7,0,0,4,0
12,180,80 04:21:33.550,12,131-13331320000,NRCellCU,00061,12,3,0,0,0,0
13,180,80 04:21:33.550,12,131-13331320000,NRCellCU,00061,12,4,0,0,0,0
14,180,80 04:21:33.550,12,131-13331320000,NRCellCU,00061,12,14,0,0,0,0
15,180,80 04:21:33.550,12,131-13331320000,NRCellCU,00061,12,9,0,0,0,0
16,180,80 04:21:33.550,12,131-13331320000,NRCellCU,00061,12,11,0,0,0,0
17,180,80 04:21:33.550,12,131-13331320000,NRCellCU,00064,12,7,0,0,32,0
18,180,80 04:21:33.550,12,131-13331320000,NRCellCU,00064,12,4,0,0,0,0
19,180,80 04:21:33.550,12,131-13331320000,NRCellCU,00064,12,15,0,0,0,0
20,180,80 04:21:33.550,12,131-13331320000,NRCellCU,00064,12,5,0,0,0,0
21,180,80 04:21:33.550,12,131-13331320000,NRCellCU,00064,12,3,0,0,0,0
22,180,80 04:21:33.550,12,131-13331320000,NRCellCU,00064,12,11,0,0,0,0
23,180,80 04:21:33.550,12,131-13331320000,NRCellCU,00064,12,2,0,0,0,0
24,180,80 04:21:33.550,12,131-13331320000,NRCellCU,00064,12,8,0,0,0,0
1,182,80 04:21:33.551,8,131-13338000000,NRCellCU,00045,8,3,0,0,28,0
2,182,80 04:21:33.551,8,131-13338000000,NRCellCU,00045,8,11,0,0,4,0
3,182,80 04:21:33.551,8,131-13338000000,NRCellCU,00045,8,13,0,0,0,0
4,182,80 04:21:33.551,8,131-13338000000,NRCellCU,00045,8,2,0,0,0,0
5,182,80 04:21:33.551,8,131-13338000000,NRCellCU,00045,8,15,0,0,0,0
6,182,80 04:21:33.551,8,131-13338000000,NRCellCU,00045,8,12,0,0,0,0
7,182,80 04:21:33.551,8,131-13338000000,NRCellCU,00045,8,5,0,0,0,0
8,182,80 04:21:33.551,8,131-13338000000,NRCellCU,00045,8,10,0,0,0,0
9,182,80 04:21:33.551,8,131-13338000000,NRCellCU,00038,8,5,0,0,12,0
10,182,80 04:21:33.551,8,131-13338000000,NRCellCU,00038,8,13,0,0,4,0
11,182,80 04:21:33.551,8,131-13338000000,NRCellCU,00038,8,4,0,0,0,0
12,182,80 04:21:33.551,8,131-13338000000,NRCellCU,00038,8,7,0,0,0,0
13,182,80 04:21:33.551,8,131-13338000000,NRCellCU,00038,8,3,0,0,0,0
14,182,80 04:21:33.551,8,131-13338000000,NRCellCU,00038,8,11,0,0,0,0
15,182,80 04:21:33.551,8,131-13338000000,NRCellCU,00038,8,15,0,0,0,0
16,182,80 04:21:33.551,8,131-13338000000,NRCellCU,00038,8,9,0,0,0,0
17,182,80 04:21:33.551,8,131-13338000000,NRCellCU,00021,8,9,0,0,17,0
18,182,80 04:21:33.551,8,131-13338000000,NRCellCU,00021,8,15,0,0,0,0
19,182,80 04:21:33.551,8,131-13338000000,NRCellCU,00021,8,2,0,0,0,0
20,182,80 04:21:33.551,8,131-13338000000,NRCellCU,00021,8,3,0,0,0,0
21,182,80 04:21:33.551,8,131-13338000000,NRCellCU,00021,8,11,0,0,0,0
22,182,80 04:21:33.551,8,131-13338000000,NRCellCU,00021,8,12,0,0,0,0
23,182,80 04:21:33.551,8,131-13338000000,NRCellCU,00021,8,5,0,0,0,0
24,182,80 04:21:33.551,8,131-13338000000,NRCellCU,00021,8,4,0,0,0,0
25,182,80 04:21:33.551,8,131-13338000000,NRCellCU,00056,8,9,0,0,11,0
26,182,80 04:21:33.551,8,131-13338000000,NRCellCU,00056,8,5,0,0,6,0
27,182,80 04:21:33.551,8,131-13338000000,NRCellCU,00056,8,15,0,0,0,0
28,182,80 04:21:33.551,8,131-13338000000,NRCellCU,00056,8,13,0,0,0,0
29,182,80 04:21:33.551,8,131-13338000000,NRCellCU,00056,8,3,0,0,0,0
30,182,80 04:21:33.551,8,131-13338000000,NRCellCU,00056,8,2,0,0,0,0
31,182,80 04:21:33.551,8,131-13338000000,NRCellCU,00056,8,10,0,0,0,0
32,182,80 04:21:33.551,8,131-13338000000,NRCellCU,00056,8,6,0,0,0,0
1,183,80 04:21:33.551,15,131-13331350000,NRCellCU,00037,15,11,0,0,10,0
2,183,80 04:21:33.551,15,131-13331350000,NRCellCU,00037,15,8,0,0,0,0
3,183,80 04:21:33.551,15,131-13331350000,NRCellCU,00037,15,3,0,0,0,0
4,183,80 04:21:33.551,15,131-13331350000,NRCellCU,00037,15,7,0,0,0,0
5,183,80 04:21:33.551,15,131-13331350000,NRCellCU,00037,15,5,0,0,0,0
6,183,80 04:21:33.551,15,131-13331350000,NRCellCU,00037,15,4,0,0,0,0
7,183,80 04:21:33.551,15,131-13331350000,NRCellCU,00037,15,2,0,0,0,0
8,183,80 04:21:33.551,15,131-13331350000,NRCellCU,00037,15,14,0,0,0,0
1,184,80 04:21:33.551,8,131-13338000000,NRCellCU,00038,8,5,0,0,10,0
2,184,80 04:21:33.551,8,131-13338000000,NRCellCU,00038,8,13,0,0,2,0
3,184,80 04:21:33.551,8,131-13338000000,NRCellCU,00038,8,7,0,0,0,0
4,184,80 04:21:33.551,8,131-13338000000,NRCellCU,00038,8,4,0,0,0,0
5,184,80 04:21:33.551,8,131-13338000000,NRCellCU,00038,8,9,0,0,0,0
6,184,80 04:21:33.551,8,131-13338000000,NRCellCU,00038,8,3,0,0,0,0
7,184,80 04:21:33.551,8,131-13338000000,NRCellCU,00038,8,15,0,0,0,0
8,184,80 04:21:33.551,8,131-13338000000,NRCellCU,00038,8,11,0,0,0,0
9,184,80 04:21:33.551,8,131-13338000000,NRCellCU,00045,8,3,0,0,33,0
10,184,80 04:21:33.551,8,131-13338000000,NRCellCU,00045,8,2,0,0,0,0
11,184,80 04:21:33.551,8,131-13338000000,NRCellCU,00045,8,11,0,0,0,0
12,184,80 04:21:33.551,8,131-13338000000,NRCellCU,00045,8,15,0,0,0,0
13,184,80 04:21:33.551,8,131-13338000000,NRCellCU,00045,8,13,0,0,0,0
14,184,80 04:21:33.551,8,131-13338000000,NRCellCU,00045,8,12,0,0,0,0
15,184,80 04:21:33.551,8,131-13338000000,NRCellCU,00045,8,6,0,0,0,0
16,184,80 04:21:33.551,8,131-13338000000,NRCellCU,00045,8,9,0,0,0,0
17,184,80 04:21:33.551,8,131-13338000000,NRCellCU,00056,8,9,0,0,13,0
18,184,80 04:21:33.551,8,131-13338000000,NRCellCU,00056,8,5,0,0,6,0
19,184,80 04:21:33.551,8,131-13338000000,NRCellCU,00056,8,15,0,0,0,0
20,184,80 04:21:33.551,8,131-13338000000,NRCellCU,00056,8,3,0,0,0,0
21,184,80 04:21:33.551,8,131-13338000000,NRCellCU,00056,8,13,0,0,0,0
22,184,80 04:21:33.551,8,131-13338000000,NRCellCU,00056,8,10,0,0,0,0
23,184,80 04:21:33.551,8,131-13338000000,NRCellCU,00056,8,2,0,0,0,0
24,184,80 04:21:33.551,8,131-13338000000,NRCellCU,00056,8,11,0,0,0,0
25,184,80 04:21:33.551,8,131-13338000000,NRCellCU,00021,8,9,0,0,15,0
26,184,80 04:21:33.551,8,131-13338000000,NRCellCU,00021,8,3,0,0,0,0
27,184,80 04:21:33.551,8,131-13338000000,NRCellCU,00021,8,2,0,0,0,0
28,184,80 04:21:33.551,8,131-13338000000,NRCellCU,00021,8,15,0,0,0,0
29,184,80 04:21:33.551,8,131-13338000000,NRCellCU,00021,8,11,0,0,0,0
30,184,80 04:21:33.551,8,131-13338000000,NRCellCU,00021,8,5,0,0,0,0
31,184,80 04:21:33.551,8,131-13338000000,NRCellCU,00021,8,12,0,0,0,0
32,184,80 04:21:33.551,8,131-13338000000,NRCellCU,00021,8,4,0,0,0,0
1,185,80 04:21:33.553,13,131-13331330000,NRCellCU,00005,13,9,0,0,28,0
2,185,80 04:21:33.553,13,131-13331330000,NRCellCU,00005,13,4,0,0,12,0
3,185,80 04:21:33.553,13,131-13331330000,NRCellCU,00005,13,5,0,0,11,0
4,185,80 04:21:33.553,13,131-13331330000,NRCellCU,00005,13,8,0,0,0,0
5,185,80 04:21:33.553,13,131-13331330000,NRCellCU,00005,13,6,0,0,0,0
6,185,80 04:21:33.553,13,131-13331330000,NRCellCU,00005,13,11,0,0,0,0
7,185,80 04:21:33.553,13,131-13331330000,NRCellCU,00005,13,14,0,0,0,0
8,185,80 04:21:33.553,13,131-13331330000,NRCellCU,00005,13,3,0,0,0,0
9,185,80 04:21:33.553,13,131-13331330000,NRCellCU,00067,13,5,0,0,36,0
10,185,80 04:21:33.553,13,131-13331330000,NRCellCU,00067,13,9,0,0,21,0
11,185,80 04:21:33.553,13,131-13331330000,NRCellCU,00067,13,2,0,0,2,0
12,185,80 04:21:33.553,13,131-13331330000,NRCellCU,00067,13,7,0,0,0,0
13,185,80 04:21:33.553,13,131-13331330000,NRCellCU,00067,13,11,0,0,0,0
14,185,80 04:21:33.553,13,131-13331330000,NRCellCU,00067,13,3,0,0,0,0
15,185,80 04:21:33.553,13,131-13331330000,NRCellCU,00067,13,8,0,0,0,0
16,185,80 04:21:33.553,13,131-13331330000,NRCellCU,00067,13,6,0,0,0,0
17,185,80 04:21:33.553,13,131-13331330000,NRCellCU,00066,13,9,0,0,0,0
18,185,80 04:21:33.553,13,131-13331330000,NRCellCU,00066,13,2,0,0,0,0
19,185,80 04:21:33.553,13,131-13331330000,NRCellCU,00066,13,5,0,0,0,0
20,185,80 04:21:33.553,13,131-13331330000,NRCellCU,00066,13,6,0,0,0,0
21,185,80 04:21:33.553,13,131-13331330000,NRCellCU,00066,13,15,0,0,0,0
22,185,80 04:21:33.553,13,131-13331330000,NRCellCU,00066,13,8,0,0,0,0
23,185,80 04:21:33.553,13,131-13331330000,NRCellCU,00066,13,3,0,0,0,0
24,185,80 04:21:33.553,13,131-13331330000,NRCellCU,00066,13,7,0,0,0,0
25,185,80 04:21:33.553,13,131-13331330000,NRCellCU,00014,13,8,0,0,31,0
26,185,80 04:21:33.553,13,131-13331330000,NRCellCU,00014,13,5,0,0,1,0
27,185,80 04:21:33.553,13,131-13331330000,NRCellCU,00014,13,9,0,0,0,0
28,185,80 04:21:33.553,13,131-13331330000,NRCellCU,00014,13,14,0,0,0,0
29,185,80 04:21:33.553,13,131-13331330000,NRCellCU,00014,13,10,0,0,0,0
30,185,80 04:21:33.553,13,131-13331330000,NRCellCU,00014,13,2,0,0,0,0
31,185,80 04:21:33.553,13,131-13331330000,NRCellCU,00014,13,6,0,0,0,0
32,185,80 04:21:33.553,13,131-13331330000,NRCellCU,00014,13,3,0,0,0,0
1,186,80 04:21:33.553,12,131-13331320000,NRCellCU,00061,12,10,0,0,29,0
2,186,80 04:21:33.553,12,131-13331320000,NRCellCU,00061,12,4,0,0,0,0
3,186,80 04:21:33.553,12,131-13331320000,NRCellCU,00061,12,3,0,0,0,0
4,186,80 04:21:33.553,12,131-13331320000,NRCellCU,00061,12,7,0,0,0,0
5,186,80 04:21:33.553,12,131-13331320000,NRCellCU,00061,12,14,0,0,0,0
6,186,80 04:21:33.553,12,131-13331320000,NRCellCU,00061,12,5,0,0,0,0
7,186,80 04:21:33.553,12,131-13331320000,NRCellCU,00061,12,9,0,0,0,0
8,186,80 04:21:33.553,12,131-13331320000,NRCellCU,00061,12,11,0,0,0,0
9,186,80 04:21:33.553,12,131-13331320000,NRCellCU,00009,12,4,0,0,12,0
10,186,80 04:21:33.553,12,131-13331320000,NRCellCU,00009,12,2,0,0,5,0
11,186,80 04:21:33.553,12,131-13331320000,NRCellCU,00009,12,7,0,0,2,0
12,186,80 04:21:33.553,12,131-13331320000,NRCellCU,00009,12,14,0,0,0,0
13,186,80 04:21:33.553,12,131-13331320000,NRCellCU,00009,12,11,0,0,0,0
14,186,80 04:21:33.553,12,131-13331320000,NRCellCU,00009,12,6,0,0,0,0
15,186,80 04:21:33.553,12,131-13331320000,NRCellCU,00009,12,9,0,0,0,0
16,186,80 04:21:33.553,12,131-13331320000,NRCellCU,00009,12,15,0,0,0,0
17,186,80 04:21:33.553,12,131-13331320000,NRCellCU,00064,12,7,0,0,14,0
18,186,80 04:21:33.553,12,131-13331320000,NRCellCU,00064,12,15,0,0,0,0
19,186,80 04:21:33.553,12,131-13331320000,NRCellCU,00064,12,4,0,0,0,0
20,186,80 04:21:33.553,12,131-13331320000,NRCellCU,00064,12,3,0,0,0,0
21,186,80 04:21:33.553,12,131-13331320000,NRCellCU,00064,12,11,0,0,0,0
22,186,80 04:21:33.553,12,131-13331320000,NRCellCU,00064,12,2,0,0,0,0
23,186,80 04:21:33.553,12,131-13331320000,NRCellCU,00064,12,5,0,0,0,0
24,186,80 04:21:33.553,12,131-13331320000,NRCellCU,00064,12,8,0,0,0,0
1,187,80 04:21:33.554,15,131-13331350000,NRCellCU,00037,15,11,0,0,16,0
2,187,80 04:21:33.554,15,131-13331350000,NRCellCU,00037,15,8,0,0,1,0
3,187,80 04:21:33.554,15,131-13331350000,NRCellCU,00037,15,5,0,0,0,0
4,187,80 04:21:33.554,15,131-13331350000,NRCellCU,00037,15,3,0,0,0,0
5,187,80 04:21:33.554,15,131-13331350000,NRCellCU,00037,15,4,0,0,0,0
6,187,80 04:21:33.554,15,131-13331350000,NRCellCU,00037,15,7,0,0,0,0
7,187,80 04:21:33.554,15,131-13331350000,NRCellCU,00037,15,13,0,0,0,0
8,187,80 04:21:33.554,15,131-13331350000,NRCellCU,00037,15,2,0,0,0,0
1,188,80 04:21:33.554,13,131-13331330000,NRCellCU,00005,13,5,0,0,22,0
2,188,80 04:21:33.554,13,131-13331330000,NRCellCU,00005,13,4,0,0,16,0
3,188,80 04:21:33.554,13,131-13331330000,NRCellCU,00005,13,6,0,0,0,0
4,188,80 04:21:33.554,13,131-13331330000,NRCellCU,00005,13,8,0,0,0,0
5,188,80 04:21:33.554,13,131-13331330000,NRCellCU,00005,13,11,0,0,0,0
6,188,80 04:21:33.554,13,131-13331330000,NRCellCU,00005,13,9,0,0,0,0
7,188,80 04:21:33.554,13,131-13331330000,NRCellCU,00005,13,3,0,0,0,0
8,188,80 04:21:33.554,13,131-13331330000,NRCellCU,00005,13,14,0,0,0,0
9,188,80 04:21:33.554,13,131-13331330000,NRCellCU,00014,13,9,0,0,9,0
10,188,80 04:21:33.554,13,131-13331330000,NRCellCU,00014,13,6,0,0,1,0
11,188,80 04:21:33.554,13,131-13331330000,NRCellCU,00014,13,10,0,0,0,0
12,188,80 04:21:33.554,13,131-13331330000,NRCellCU,00014,13,5,0,0,0,0
13,188,80 04:21:33.554,13,131-13331330000,NRCellCU,00014,13,14,0,0,0,0
14,188,80 04:21:33.554,13,131-13331330000,NRCellCU,00014,13,2,0,0,0,0
15,188,80 04:21:33.554,13,131-13331330000,NRCellCU,00014,13,8,0,0,0,0
16,188,80 04:21:33.554,13,131-13331330000,NRCellCU,00014,13,4,0,0,0,0
17,188,80 04:21:33.554,13,131-13331330000,NRCellCU,00067,13,5,0,0,34,0
18,188,80 04:21:33.554,13,131-13331330000,NRCellCU,00067,13,9,0,0,28,0
19,188,80 04:21:33.554,13,131-13331330000,NRCellCU,00067,13,7,0,0,0,0
20,188,80 04:21:33.554,13,131-13331330000,NRCellCU,00067,13,11,0,0,0,0
21,188,80 04:21:33.554,13,131-13331330000,NRCellCU,00067,13,3,0,0,0,0
22,188,80 04:21:33.554,13,131-13331330000,NRCellCU,00067,13,8,0,0,0,0
23,188,80 04:21:33.554,13,131-13331330000,NRCellCU,00067,13,6,0,0,0,0
24,188,80 04:21:33.554,13,131-13331330000,NRCellCU,00067,13,2,0,0,0,0
25,188,80 04:21:33.554,13,131-13331330000,NRCellCU,00066,13,5,0,0,0,0
26,188,80 04:21:33.554,13,131-13331330000,NRCellCU,00066,13,2,0,0,0,0
27,188,80 04:21:33.554,13,131-13331330000,NRCellCU,00066,13,15,0,0,0,0
28,188,80 04:21:33.554,13,131-13331330000,NRCellCU,00066,13,6,0,0,0,0
29,188,80 04:21:33.554,13,131-13331330000,NRCellCU,00066,13,3,0,0,0,0
30,188,80 04:21:33.554,13,131-13331330000,NRCellCU,00066,13,9,0,0,0,0
31,188,80 04:21:33.554,13,131-13331330000,NRCellCU,00066,13,8,0,0,0,0
32,188,80 04:21:33.554,13,131-13331330000,NRCellCU,00066,13,7,0,0,0,0
1,190,80 04:21:33.557,8,131-13338000000,NRCellCU,00033,8,3,0,0,21,0
2,190,80 04:21:33.557,8,131-13338000000,NRCellCU,00033,8,15,0,0,0,0
3,190,80 04:21:33.557,8,131-13338000000,NRCellCU,00033,8,2,0,0,0,0
4,190,80 04:21:33.557,8,131-13338000000,NRCellCU,00033,8,4,0,0,0,0
5,190,80 04:21:33.557,8,131-13338000000,NRCellCU,00033,8,11,0,0,0,0
6,190,80 04:21:33.557,8,131-13338000000,NRCellCU,00033,8,12,0,0,0,0
7,190,80 04:21:33.557,8,131-13338000000,NRCellCU,00033,8,9,0,0,0,0
8,190,80 04:21:33.557,8,131-13338000000,NRCellCU,00033,8,5,0,0,0,0
9,190,80 04:21:33.557,8,131-13338000000,NRCellCU,00003,8,2,0,0,38,0
10,190,80 04:21:33.557,8,131-13338000000,NRCellCU,00003,8,5,0,0,36,0
11,190,80 04:21:33.557,8,131-13338000000,NRCellCU,00003,8,3,0,0,8,0
12,190,80 04:21:33.557,8,131-13338000000,NRCellCU,00003,8,4,0,0,1,0
13,190,80 04:21:33.557,8,131-13338000000,NRCellCU,00003,8,13,0,0,0,0
14,190,80 04:21:33.557,8,131-13338000000,NRCellCU,00003,8,7,0,0,0,0
15,190,80 04:21:33.557,8,131-13338000000,NRCellCU,00003,8,12,0,0,0,0
16,190,80 04:21:33.557,8,131-13338000000,NRCellCU,00003,8,6,0,0,0,0
17,190,80 04:21:33.557,8,131-13338000000,NRCellCU,00021,8,9,0,0,7,0
18,190,80 04:21:33.557,8,131-13338000000,NRCellCU,00021,8,12,0,0,0,0
19,190,80 04:21:33.557,8,131-13338000000,NRCellCU,00021,8,11,0,0,0,0
20,190,80 04:21:33.557,8,131-13338000000,NRCellCU,00021,8,3,0,0,0,0
21,190,80 04:21:33.557,8,131-13338000000,NRCellCU,00021,8,15,0,0,0,0
22,190,80 04:21:33.557,8,131-13338000000,NRCellCU,00021,8,14,0,0,0,0
23,190,80 04:21:33.557,8,131-13338000000,NRCellCU,00021,8,2,0,0,0,0
24,190,80 04:21:33.557,8,131-13338000000,NRCellCU,00021,8,5,0,0,0,0
25,190,80 04:21:33.557,8,131-13338000000,NRCellCU,00056,8,5,0,0,9,0
26,190,80 04:21:33.557,8,131-13338000000,NRCellCU,00056,8,9,0,0,8,0
27,190,80 04:21:33.557,8,131-13338000000,NRCellCU,00056,8,3,0,0,0,0
28,190,80 04:21:33.557,8,131-13338000000,NRCellCU,00056,8,13,0,0,0,0
29,190,80 04:21:33.557,8,131-13338000000,NRCellCU,00056,8,7,0,0,0,0
30,190,80 04:21:33.557,8,131-13338000000,NRCellCU,00056,8,15,0,0,0,0
31,190,80 04:21:33.557,8,131-13338000000,NRCellCU,00056,8,2,0,0,0,0
32,190,80 04:21:33.557,8,131-13338000000,NRCellCU,00056,8,11,0,0,0,0
1,191,80 04:21:33.557,8,131-13338000000,NRCellCU,00033,8,3,0,0,24,0
2,191,80 04:21:33.557,8,131-13338000000,NRCellCU,00033,8,15,0,0,3,0
3,191,80 04:21:33.557,8,131-13338000000,NRCellCU,00033,8,4,0,0,0,0
4,191,80 04:21:33.557,8,131-13338000000,NRCellCU,00033,8,2,0,0,0,0
5,191,80 04:21:33.557,8,131-13338000000,NRCellCU,00033,8,9,0,0,0,0
6,191,80 04:21:33.557,8,131-13338000000,NRCellCU,00033,8,12,0,0,0,0
7,191,80 04:21:33.557,8,131-13338000000,NRCellCU,00033,8,5,0,0,0,0
8,191,80 04:21:33.557,8,131-13338000000,NRCellCU,00033,8,11,0,0,0,0
9,191,80 04:21:33.557,8,131-13338000000,NRCellCU,00003,8,5,0,0,35,0
10,191,80 04:21:33.557,8,131-13338000000,NRCellCU,00003,8,2,0,0,31,0
11,191,80 04:21:33.557,8,131-13338000000,NRCellCU,00003,8,13,0,0,24,0
12,191,80 04:21:33.557,8,131-13338000000,NRCellCU,00003,8,3,0,0,11,0
13,191,80 04:21:33.557,8,131-13338000000,NRCellCU,00003,8,7,0,0,1,0
14,191,80 04:21:33.557,8,131-13338000000,NRCellCU,00003,8,12,0,0,0,0
15,191,80 04:21:33.557,8,131-13338000000,NRCellCU,00003,8,6,0,0,0,0
16,191,80 04:21:33.557,8,131-13338000000,NRCellCU,00003,8,11,0,0,0,0
17,191,80 04:21:33.557,8,131-13338000000,NRCellCU,00021,8,9,0,0,5,0
18,191,80 04:21:33.557,8,131-13338000000,NRCellCU,00021,8,3,0,0,1,0
19,191,80 04:21:33.557,8,131-13338000000,NRCellCU,00021,8,11,0,0,0,0
20,191,80 04:21:33.557,8,131-13338000000,NRCellCU,00021,8,15,0,0,0,0
21,191,80 04:21:33.557,8,131-13338000000,NRCellCU,00021,8,12,0,0,0,0
22,191,80 04:21:33.557,8,131-13338000000,NRCellCU,00021,8,2,0,0,0,0
23,191,80 04:21:33.557,8,131-13338000000,NRCellCU,00021,8,6,0,0,0,0
24,191,80 04:21:33.557,8,131-13338000000,NRCellCU,00021,8,5,0,0,0,0
25,191,80 04:21:33.557,8,131-13338000000,NRCellCU,00056,8,5,0,0,12,0
26,191,80 04:21:33.557,8,131-13338000000,NRCellCU,00056,8,9,0,0,10,0
27,191,80 04:21:33.557,8,131-13338000000,NRCellCU,00056,8,3,0,0,0,0
28,191,80 04:21:33.557,8,131-13338000000,NRCellCU,00056,8,6,0,0,0,0
29,191,80 04:21:33.557,8,131-13338000000,NRCellCU,00056,8,7,0,0,0,0
30,191,80 04:21:33.557,8,131-13338000000,NRCellCU,00056,8,15,0,0,0,0
31,191,80 04:21:33.557,8,131-13338000000,NRCellCU,00056,8,13,0,0,0,0
32,191,80 04:21:33.557,8,131-13338000000,NRCellCU,00056,8,2,0,0,0,0
1,192,80 04:21:33.558,8,131-13338000000,NRCellCU,00021,8,9,0,0,6,0
2,192,80 04:21:33.558,8,131-13338000000,NRCellCU,00021,8,3,0,0,0,0
3,192,80 04:21:33.558,8,131-13338000000,NRCellCU,00021,8,11,0,0,0,0
4,192,80 04:21:33.558,8,131-13338000000,NRCellCU,00021,8,12,0,0,0,0
5,192,80 04:21:33.558,8,131-13338000000,NRCellCU,00021,8,15,0,0,0,0
6,192,80 04:21:33.558,8,131-13338000000,NRCellCU,00021,8,2,0,0,0,0
7,192,80 04:21:33.558,8,131-13338000000,NRCellCU,00021,8,5,0,0,0,0
8,192,80 04:21:33.558,8,131-13338000000,NRCellCU,00021,8,6,0,0,0,0
9,192,80 04:21:33.558,8,131-13338000000,NRCellCU,00003,8,5,0,0,37,0
10,192,80 04:21:33.558,8,131-13338000000,NRCellCU,00003,8,2,0,0,24,0
11,192,80 04:21:33.558,8,131-13338000000,NRCellCU,00003,8,13,0,0,15,0
12,192,80 04:21:33.558,8,131-13338000000,NRCellCU,00003,8,3,0,0,12,0
13,192,80 04:21:33.558,8,131-13338000000,NRCellCU,00003,8,7,0,0,1,0
14,192,80 04:21:33.558,8,131-13338000000,NRCellCU,00003,8,6,0,0,0,0
15,192,80 04:21:33.558,8,131-13338000000,NRCellCU,00003,8,12,0,0,0,0
16,192,80 04:21:33.558,8,131-13338000000,NRCellCU,00003,8,9,0,0,0,0
17,192,80 04:21:33.558,8,131-13338000000,NRCellCU,00033,8,3,0,0,22,0
18,192,80 04:21:33.558,8,131-13338000000,NRCellCU,00033,8,15,0,0,2,0
19,192,80 04:21:33.558,8,131-13338000000,NRCellCU,00033,8,5,0,0,0,0
20,192,80 04:21:33.558,8,131-13338000000,NRCellCU,00033,8,2,0,0,0,0
21,192,80 04:21:33.558,8,131-13338000000,NRCellCU,00033,8,11,0,0,0,0
22,192,80 04:21:33.558,8,131-13338000000,NRCellCU,00033,8,9,0,0,0,0
23,192,80 04:21:33.558,8,131-13338000000,NRCellCU,00033,8,4,0,0,0,0
24,192,80 04:21:33.558,8,131-13338000000,NRCellCU,00033,8,12,0,0,0,0
25,192,80 04:21:33.558,8,131-13338000000,NRCellCU,00056,8,9,0,0,5,0
26,192,80 04:21:33.558,8,131-13338000000,NRCellCU,00056,8,5,0,0,4,0
27,192,80 04:21:33.558,8,131-13338000000,NRCellCU,00056,8,3,0,0,0,0
28,192,80 04:21:33.558,8,131-13338000000,NRCellCU,00056,8,13,0,0,0,0
29,192,80 04:21:33.558,8,131-13338000000,NRCellCU,00056,8,12,0,0,0,0
30,192,80 04:21:33.558,8,131-13338000000,NRCellCU,00056,8,10,0,0,0,0
31,192,80 04:21:33.558,8,131-13338000000,NRCellCU,00056,8,7,0,0,0,0
32,192,80 04:21:33.558,8,131-13338000000,NRCellCU,00056,8,11,0,0,0,0
1,193,80 04:21:33.558,15,131-13331350000,NRCellCU,00037,15,8,0,0,20,0
2,193,80 04:21:33.558,15,131-13331350000,NRCellCU,00037,15,11,0,0,7,0
3,193,80 04:21:33.558,15,131-13331350000,NRCellCU,00037,15,7,0,0,0,0
4,193,80 04:21:33.558,15,131-13331350000,NRCellCU,00037,15,13,0,0,0,0
5,193,80 04:21:33.558,15,131-13331350000,NRCellCU,00037,15,3,0,0,0,0
6,193,80 04:21:33.558,15,131-13331350000,NRCellCU,00037,15,2,0,0,0,0
7,193,80 04:21:33.558,15,131-13331350000,NRCellCU,00037,15,14,0,0,0,0
8,193,80 04:21:33.558,15,131-13331350000,NRCellCU,00037,15,10,0,0,0,0
1,196,80 04:21:33.559,8,131-13338000000,NRCellCU,00056,8,5,0,0,7,0
2,196,80 04:21:33.559,8,131-13338000000,NRCellCU,00056,8,3,0,0,3,0
3,196,80 04:21:33.559,8,131-13338000000,NRCellCU,00056,8,9,0,0,1,0
4,196,80 04:21:33.559,8,131-13338000000,NRCellCU,00056,8,13,0,0,0,0
5,196,80 04:21:33.559,8,131-13338000000,NRCellCU,00056,8,11,0,0,0,0
6,196,80 04:21:33.559,8,131-13338000000,NRCellCU,00056,8,12,0,0,0,0
7,196,80 04:21:33.559,8,131-13338000000,NRCellCU,00056,8,6,0,0,0,0
8,196,80 04:21:33.559,8,131-13338000000,NRCellCU,00056,8,10,0,0,0,0
9,196,80 04:21:33.559,8,131-13338000000,NRCellCU,00033,8,3,0,0,20,0
10,196,80 04:21:33.559,8,131-13338000000,NRCellCU,00033,8,15,0,0,5,0
11,196,80 04:21:33.559,8,131-13338000000,NRCellCU,00033,8,12,0,0,0,0
12,196,80 04:21:33.559,8,131-13338000000,NRCellCU,00033,8,2,0,0,0,0
13,196,80 04:21:33.559,8,131-13338000000,NRCellCU,00033,8,5,0,0,0,0
14,196,80 04:21:33.559,8,131-13338000000,NRCellCU,00033,8,11,0,0,0,0
15,196,80 04:21:33.559,8,131-13338000000,NRCellCU,00033,8,9,0,0,0,0
16,196,80 04:21:33.559,8,131-13338000000,NRCellCU,00033,8,4,0,0,0,0
17,196,80 04:21:33.559,8,131-13338000000,NRCellCU,00021,8,9,0,0,16,0
18,196,80 04:21:33.559,8,131-13338000000,NRCellCU,00021,8,15,0,0,0,0
19,196,80 04:21:33.559,8,131-13338000000,NRCellCU,00021,8,3,0,0,0,0
20,196,80 04:21:33.559,8,131-13338000000,NRCellCU,00021,8,12,0,0,0,0
21,196,80 04:21:33.559,8,131-13338000000,NRCellCU,00021,8,10,0,0,0,0
22,196,80 04:21:33.559,8,131-13338000000,NRCellCU,00021,8,11,0,0,0,0
23,196,80 04:21:33.559,8,131-13338000000,NRCellCU,00021,8,2,0,0,0,0
24,196,80 04:21:33.559,8,131-13338000000,NRCellCU,00021,8,5,0,0,0,0
25,196,80 04:21:33.559,8,131-13338000000,NRCellCU,00003,8,5,0,0,40,0
26,196,80 04:21:33.559,8,131-13338000000,NRCellCU,00003,8,2,0,0,26,0
27,196,80 04:21:33.559,8,131-13338000000,NRCellCU,00003,8,13,0,0,20,0
28,196,80 04:21:33.559,8,131-13338000000,NRCellCU,00003,8,7,0,0,6,0
29,196,80 04:21:33.559,8,131-13338000000,NRCellCU,00003,8,3,0,0,2,0
30,196,80 04:21:33.559,8,131-13338000000,NRCellCU,00003,8,9,0,0,0,0
31,196,80 04:21:33.559,8,131-13338000000,NRCellCU,00003,8,12,0,0,0,0
32,196,80 04:21:33.559,8,131-13338000000,NRCellCU,00003,8,6,0,0,0,0
1,198,80 04:21:33.559,8,131-13338000000,NRCellCU,00033,8,3,0,0,27,0
2,198,80 04:21:33.559,8,131-13338000000,NRCellCU,00033,8,15,0,0,0,0
3,198,80 04:21:33.559,8,131-13338000000,NRCellCU,00033,8,2,0,0,0,0
4,198,80 04:21:33.559,8,131-13338000000,NRCellCU,00033,8,9,0,0,0,0
5,198,80 04:21:33.559,8,131-13338000000,NRCellCU,00033,8,11,0,0,0,0
6,198,80 04:21:33.559,8,131-13338000000,NRCellCU,00033,8,4,0,0,0,0
7,198,80 04:21:33.559,8,131-13338000000,NRCellCU,00033,8,5,0,0,0,0
8,198,80 04:21:33.559,8,131-13338000000,NRCellCU,00033,8,12,0,0,0,0
9,198,80 04:21:33.559,8,131-13338000000,NRCellCU,00021,8,9,0,0,12,0
10,198,80 04:21:33.559,8,131-13338000000,NRCellCU,00021,8,3,0,0,3,0
11,198,80 04:21:33.559,8,131-13338000000,NRCellCU,00021,8,12,0,0,0,0
12,198,80 04:21:33.559,8,131-13338000000,NRCellCU,00021,8,11,0,0,0,0
13,198,80 04:21:33.559,8,131-13338000000,NRCellCU,00021,8,10,0,0,0,0
14,198,80 04:21:33.559,8,131-13338000000,NRCellCU,00021,8,15,0,0,0,0
15,198,80 04:21:33.559,8,131-13338000000,NRCellCU,00021,8,2,0,0,0,0
16,198,80 04:21:33.559,8,131-13338000000,NRCellCU,00021,8,6,0,0,0,0
17,198,80 04:21:33.559,8,131-13338000000,NRCellCU,00003,8,5,0,0,34,0
18,198,80 04:21:33.559,8,131-13338000000,NRCellCU,00003,8,2,0,0,33,0
19,198,80 04:21:33.559,8,131-13338000000,NRCellCU,00003,8,7,0,0,13,0
20,198,80 04:21:33.559,8,131-13338000000,NRCellCU,00003,8,13,0,0,9,0
21,198,80 04:21:33.559,8,131-13338000000,NRCellCU,00003,8,3,0,0,5,0
22,198,80 04:21:33.559,8,131-13338000000,NRCellCU,00003,8,12,0,0,0,0
23,198,80 04:21:33.559,8,131-13338000000,NRCellCU,00003,8,9,0,0,0,0
24,198,80 04:21:33.559,8,131-13338000000,NRCellCU,00003,8,11,0,0,0,0
25,198,80 04:21:33.559,8,131-13338000000,NRCellCU,00056,8,5,0,0,10,0
26,198,80 04:21:33.559,8,131-13338000000,NRCellCU,00056,8,9,0,0,4,0
27,198,80 04:21:33.559,8,131-13338000000,NRCellCU,00056,8,3,0,0,0,0
28,198,80 04:21:33.559,8,131-13338000000,NRCellCU,00056,8,2,0,0,0,0
29,198,80 04:21:33.559,8,131-13338000000,NRCellCU,00056,8,13,0,0,0,0
30,198,80 04:21:33.559,8,131-13338000000,NRCellCU,00056,8,6,0,0,0,0
31,198,80 04:21:33.559,8,131-13338000000,NRCellCU,00056,8,12,0,0,0,0
32,198,80 04:21:33.559,8,131-13338000000,NRCellCU,00056,8,11,0,0,0,0
1,199,80 04:21:33.560,8,131-13338000000,NRCellCU,00021,8,9,0,0,4,0
2,199,80 04:21:33.560,8,131-13338000000,NRCellCU,00021,8,3,0,0,3,0
3,199,80 04:21:33.560,8,131-13338000000,NRCellCU,00021,8,11,0,0,0,0
4,199,80 04:21:33.560,8,131-13338000000,NRCellCU,00021,8,12,0,0,0,0
5,199,80 04:21:33.560,8,131-13338000000,NRCellCU,00021,8,2,0,0,0,0
6,199,80 04:21:33.560,8,131-13338000000,NRCellCU,00021,8,15,0,0,0,0
7,199,80 04:21:33.560,8,131-13338000000,NRCellCU,00021,8,10,0,0,0,0
8,199,80 04:21:33.560,8,131-13338000000,NRCellCU,00021,8,14,0,0,0,0
9,199,80 04:21:33.560,8,131-13338000000,NRCellCU,00056,8,9,0,0,9,0
10,199,80 04:21:33.560,8,131-13338000000,NRCellCU,00056,8,5,0,0,4,0
11,199,80 04:21:33.560,8,131-13338000000,NRCellCU,00056,8,4,0,0,2,0
12,199,80 04:21:33.560,8,131-13338000000,NRCellCU,00056,8,3,0,0,0,0
13,199,80 04:21:33.560,8,131-13338000000,NRCellCU,00056,8,2,0,0,0,0
14,199,80 04:21:33.560,8,131-13338000000,NRCellCU,00056,8,12,0,0,0,0
15,199,80 04:21:33.560,8,131-13338000000,NRCellCU,00056,8,6,0,0,0,0
16,199,80 04:21:33.560,8,131-13338000000,NRCellCU,00056,8,11,0,0,0,0
17,199,80 04:21:33.560,8,131-13338000000,NRCellCU,00003,8,5,0,0,32,0
18,199,80 04:21:33.560,8,131-13338000000,NRCellCU,00003,8,2,0,0,31,0
19,199,80 04:21:33.560,8,131-13338000000,NRCellCU,00003,8,7,0,0,9,0
20,199,80 04:21:33.560,8,131-13338000000,NRCellCU,00003,8,13,0,0,7,0
21,199,80 04:21:33.560,8,131-13338000000,NRCellCU,00003,8,3,0,0,2,0
22,199,80 04:21:33.560,8,131-13338000000,NRCellCU,00003,8,12,0,0,0,0
23,199,80 04:21:33.560,8,131-13338000000,NRCellCU,00003,8,10,0,0,0,0
24,199,80 04:21:33.560,8,131-13338000000,NRCellCU,00003,8,9,0,0,0,0
25,199,80 04:21:33.560,8,131-13338000000,NRCellCU,00033,8,3,0,0,20,0
26,199,80 04:21:33.560,8,131-13338000000,NRCellCU,00033,8,2,0,0,5,0
27,199,80 04:21:33.560,8,131-13338000000,NRCellCU,00033,8,15,0,0,0,0
28,199,80 04:21:33.560,8,131-13338000000,NRCellCU,00033,8,11,0,0,0,0
29,199,80 04:21:33.560,8,131-13338000000,NRCellCU,00033,8,12,0,0,0,0
30,199,80 04:21:33.560,8,131-13338000000,NRCellCU,00033,8,5,0,0,0,0
31,199,80 04:21:33.560,8,131-13338000000,NRCellCU,00033,8,9,0,0,0,0
32,199,80 04:21:33.560,8,131-13338000000,NRCellCU,00033,8,4,0,0,0,0
1,200,80 04:21:33.560,2,131-13332000000,NRCellCU,00006,2,4,0,0,31,0
2,200,80 04:21:33.560,2,131-13332000000,NRCellCU,00006,2,7,0,0,0,0
3,200,80 04:21:33.560,2,131-13332000000,NRCellCU,00006,2,15,0,0,0,0
4,200,80 04:21:33.560,2,131-13332000000,NRCellCU,00006,2,6,0,0,0,0
5,200,80 04:21:33.560,2,131-13332000000,NRCellCU,00006,2,11,0,0,0,0
6,200,80 04:21:33.560,2,131-13332000000,NRCellCU,00006,2,13,0,0,0,0
7,200,80 04:21:33.560,2,131-13332000000,NRCellCU,00006,2,3,0,0,0,0
8,200,80 04:21:33.560,2,131-13332000000,NRCellCU,00006,2,8,0,0,0,0
9,200,80 04:21:33.560,2,131-13332000000,NRCellCU,00040,2,10,0,0,9,0
10,200,80 04:21:33.560,2,131-13332000000,NRCellCU,00040,2,12,0,0,1,0
11,200,80 04:21:33.560,2,131-13332000000,NRCellCU,00040,2,5,0,0,1,0
12,200,80 04:21:33.560,2,131-13332000000,NRCellCU,00040,2,4,0,0,0,0
13,200,80 04:21:33.560,2,131-13332000000,NRCellCU,00040,2,9,0,0,0,0
14,200,80 04:21:33.560,2,131-13332000000,NRCellCU,00040,2,3,0,0,0,0
15,200,80 04:21:33.560,2,131-13332000000,NRCellCU,00040,2,6,0,0,0,0
16,200,80 04:21:33.560,2,131-13332000000,NRCellCU,00040,2,11,0,0,0,0
17,200,80 04:21:33.560,2,131-13332000000,NRCellCU,00052,2,8,0,0,32,0
18,200,80 04:21:33.560,2,131-13332000000,NRCellCU,00052,2,12,0,0,6,0
19,200,80 04:21:33.560,2,131-13332000000,NRCellCU,00052,2,3,0,0,4,0
20,200,80 04:21:33.560,2,131-13332000000,NRCellCU,00052,2,5,0,0,1,0
21,200,80 04:21:33.560,2,131-13332000000,NRCellCU,00052,2,10,0,0,0,0
22,200,80 04:21:33.560,2,131-13332000000,NRCellCU,00052,2,7,0,0,0,0
23,200,80 04:21:33.560,2,131-13332000000,NRCellCU,00052,2,4,0,0,0,0
24,200,80 04:21:33.560,2,131-13332000000,NRCellCU,00052,2,9,0,0,0,0
1,201,80 04:21:33.561,2,131-13332000000,NRCellCU,00052,2,5,0,0,16,0
2,201,80 04:21:33.561,2,131-13332000000,NRCellCU,00052,2,3,0,0,8,0
3,201,80 04:21:33.561,2,131-13332000000,NRCellCU,00052,2,12,0,0,3,0
4,201,80 04:21:33.561,2,131-13332000000,NRCellCU,00052,2,7,0,0,0,0
5,201,80 04:21:33.561,2,131-13332000000,NRCellCU,00052,2,10,0,0,0,0
6,201,80 04:21:33.561,2,131-13332000000,NRCellCU,00052,2,4,0,0,0,0
7,201,80 04:21:33.561,2,131-13332000000,NRCellCU,00052,2,15,0,0,0,0
8,201,80 04:21:33.561,2,131-13332000000,NRCellCU,00052,2,8,0,0,0,0
9,201,80 04:21:33.561,2,131-13332000000,NRCellCU,00040,2,6,0,0,10,0
10,201,80 04:21:33.561,2,131-13332000000,NRCellCU,00040,2,9,0,0,7,0
11,201,80 04:21:33.561,2,131-13332000000,NRCellCU,00040,2,10,0,0,5,0
12,201,80 04:21:33.561,2,131-13332000000,NRCellCU,00040,2,12,0,0,0,0
13,201,80 04:21:33.561,2,131-13332000000,NRCellCU,00040,2,3,0,0,0,0
14,201,80 04:21:33.561,2,131-13332000000,NRCellCU,00040,2,5,0,0,0,0
15,201,80 04:21:33.561,2,131-13332000000,NRCellCU,00040,2,4,0,0,0,0
16,201,80 04:21:33.561,2,131-13332000000,NRCellCU,00040,2,14,0,0,0,0
17,201,80 04:21:33.561,2,131-13332000000,NRCellCU,00006,2,4,0,0,23,0
18,201,80 04:21:33.561,2,131-13332000000,NRCellCU,00006,2,7,0,0,3,0
19,201,80 04:21:33.561,2,131-13332000000,NRCellCU,00006,2,10,0,0,0,0
20,201,80 04:21:33.561,2,131-13332000000,NRCellCU,00006,2,3,0,0,0,0
21,201,80 04:21:33.561,2,131-13332000000,NRCellCU,00006,2,11,0,0,0,0
22,201,80 04:21:33.561,2,131-13332000000,NRCellCU,00006,2,15,0,0,0,0
23,201,80 04:21:33.561,2,131-13332000000,NRCellCU,00006,2,6,0,0,0,0
24,201,80 04:21:33.561,2,131-13332000000,NRCellCU,00006,2,14,0,0,0,0
1,202,80 04:21:33.562,13,131-13331330000,NRCellCU,00005,13,5,0,0,12,0
2,202,80 04:21:33.562,13,131-13331330000,NRCellCU,00005,13,4,0,0,6,0
3,202,80 04:21:33.562,13,131-13331330000,NRCellCU,00005,13,6,0,0,0,0
4,202,80 04:21:33.562,13,131-13331330000,NRCellCU,00005,13,8,0,0,0,0
5,202,80 04:21:33.562,13,131-13331330000,NRCellCU,00005,13,10,0,0,0,0
6,202,80 04:21:33.562,13,131-13331330000,NRCellCU,00005,13,9,0,0,0,0
7,202,80 04:21:33.562,13,131-13331330000,NRCellCU,00005,13,12,0,0,0,0
8,202,80 04:21:33.562,13,131-13331330000,NRCellCU,00005,13,14,0,0,0,0
9,202,80 04:21:33.562,13,131-13331330000,NRCellCU,00067,13,9,0,0,13,0
10,202,80 04:21:33.562,13,131-13331330000,NRCellCU,00067,13,5,0,0,13,0
11,202,80 04:21:33.562,13,131-13331330000,NRCellCU,00067,13,7,0,0,0,0
12,202,80 04:21:33.562,13,131-13331330000,NRCellCU,00067,13,8,0,0,0,0
13,202,80 04:21:33.562,13,131-13331330000,NRCellCU,00067,13,3,0,0,0,0
14,202,80 04:21:33.562,13,131-13331330000,NRCellCU,00067,13,6,0,0,0,0
15,202,80 04:21:33.562,13,131-13331330000,NRCellCU,00067,13,4,0,0,0,0
16,202,80 04:21:33.562,13,131-13331330000,NRCellCU,00067,13,15,0,0,0,0
17,202,80 04:21:33.562,13,131-13331330000,NRCellCU,00066,13,5,0,0,0,0
18,202,80 04:21:33.562,13,131-13331330000,NRCellCU,00066,13,6,0,0,0,0
19,202,80 04:21:33.562,13,131-13331330000,NRCellCU,00066,13,8,0,0,0,0
20,202,80 04:21:33.562,13,131-13331330000,NRCellCU,00066,13,3,0,0,0,0
21,202,80 04:21:33.562,13,131-13331330000,NRCellCU,00066,13,15,0,0,0,0
22,202,80 04:21:33.562,13,131-13331330000,NRCellCU,00066,13,7,0,0,0,0
23,202,80 04:21:33.562,13,131-13331330000,NRCellCU,00066,13,9,0,0,0,0
24,202,80 04:21:33.562,13,131-13331330000,NRCellCU,00066,13,2,0,0,0,0
25,202,80 04:21:33.562,13,131-13331330000,NRCellCU,00014,13,5,0,0,6,0
26,202,80 04:21:33.562,13,131-13331330000,NRCellCU,00014,13,9,0,0,5,0
27,202,80 04:21:33.562,13,131-13331330000,NRCellCU,00014,13,14,0,0,0,0
28,202,80 04:21:33.562,13,131-13331330000,NRCellCU,00014,13,6,0,0,0,0
29,202,80 04:21:33.562,13,131-13331330000,NRCellCU,00014,13,4,0,0,0,0
30,202,80 04:21:33.562,13,131-13331330000,NRCellCU,00014,13,10,0,0,0,0
31,202,80 04:21:33.562,13,131-13331330000,NRCellCU,00014,13,11,0,0,0,0
32,202,80 04:21:33.562,13,131-13331330000,NRCellCU,00014,13,3,0,0,0,0
1,203,80 04:21:33.562,9,131-13339000000,NRCellCU,00057,9,5,0,0,8,0
2,203,80 04:21:33.562,9,131-13339000000,NRCellCU,00057,9,2,0,0,5,0
3,203,80 04:21:33.562,9,131-13339000000,NRCellCU,00057,9,15,0,0,2,0
4,203,80 04:21:33.562,9,131-13339000000,NRCellCU,00057,9,14,0,0,0,0
5,203,80 04:21:33.562,9,131-13339000000,NRCellCU,00057,9,6,0,0,0,0
6,203,80 04:21:33.562,9,131-13339000000,NRCellCU,00057,9,8,0,0,0,0
7,203,80 04:21:33.562,9,131-13339000000,NRCellCU,00057,9,7,0,0,0,0
8,203,80 04:21:33.562,9,131-13339000000,NRCellCU,00057,9,10,0,0,0,0
9,203,80 04:21:33.562,9,131-13339000000,NRCellCU,00025,9,2,0,0,26,0
10,203,80 04:21:33.562,9,131-13339000000,NRCellCU,00025,9,6,0,0,18,0
11,203,80 04:21:33.562,9,131-13339000000,NRCellCU,00025,9,3,0,0,0,0
12,203,80 04:21:33.562,9,131-13339000000,NRCellCU,00025,9,8,0,0,0,0
13,203,80 04:21:33.562,9,131-13339000000,NRCellCU,00025,9,13,0,0,0,0
14,203,80 04:21:33.562,9,131-13339000000,NRCellCU,00025,9,11,0,0,0,0
15,203,80 04:21:33.562,9,131-13339000000,NRCellCU,00025,9,5,0,0,0,0
16,203,80 04:21:33.562,9,131-13339000000,NRCellCU,00025,9,12,0,0,0,0
17,203,80 04:21:33.562,9,131-13339000000,NRCellCU,00032,9,6,0,0,14,0
18,203,80 04:21:33.562,9,131-13339000000,NRCellCU,00032,9,2,0,0,5,0
19,203,80 04:21:33.562,9,131-13339000000,NRCellCU,00032,9,13,0,0,0,0
20,203,80 04:21:33.562,9,131-13339000000,NRCellCU,00032,9,5,0,0,0,0
21,203,80 04:21:33.562,9,131-13339000000,NRCellCU,00032,9,15,0,0,0,0
22,203,80 04:21:33.562,9,131-13339000000,NRCellCU,00032,9,10,0,0,0,0
23,203,80 04:21:33.562,9,131-13339000000,NRCellCU,00032,9,3,0,0,0,0
24,203,80 04:21:33.562,9,131-13339000000,NRCellCU,00032,9,11,0,0,0,0
25,203,80 04:21:33.562,9,131-13339000000,NRCellCU,00010,9,14,0,0,12,0
26,203,80 04:21:33.562,9,131-13339000000,NRCellCU,00010,9,2,0,0,0,0
27,203,80 04:21:33.562,9,131-13339000000,NRCellCU,00010,9,12,0,0,0,0
28,203,80 04:21:33.562,9,131-13339000000,NRCellCU,00010,9,6,0,0,0,0
29,203,80 04:21:33.562,9,131-13339000000,NRCellCU,00010,9,5,0,0,0,0
30,203,80 04:21:33.562,9,131-13339000000,NRCellCU,00010,9,7,0,0,0,0
31,203,80 04:21:33.562,9,131-13339000000,NRCellCU,00010,9,13,0,0,0,0
32,203,80 04:21:33.562,9,131-13339000000,NRCellCU,00010,9,8,0,0,0,0
1,204,80 04:21:33.563,13,131-13331330000,NRCellCU,00066,13,5,0,0,1,0
2,204,80 04:21:33.563,13,131-13331330000,NRCellCU,00066,13,6,0,0,0,0
3,204,80 04:21:33.563,13,131-13331330000,NRCellCU,00066,13,9,0,0,0,0
4,204,80 04:21:33.563,13,131-13331330000,NRCellCU,00066,13,8,0,0,0,0
5,204,80 04:21:33.563,13,131-13331330000,NRCellCU,00066,13,15,0,0,0,0
6,204,80 04:21:33.563,13,131-13331330000,NRCellCU,00066,13,7,0,0,0,0
7,204,80 04:21:33.563,13,131-13331330000,NRCellCU,00066,13,11,0,0,0,0
8,204,80 04:21:33.563,13,131-13331330000,NRCellCU,00066,13,3,0,0,0,0
9,204,80 04:21:33.563,13,131-13331330000,NRCellCU,00005,13,5,0,0,16,0
10,204,80 04:21:33.563,13,131-13331330000,NRCellCU,00005,13,6,0,0,6,0
11,204,80 04:21:33.563,13,131-13331330000,NRCellCU,00005,13,4,0,0,2,0
12,204,80 04:21:33.563,13,131-13331330000,NRCellCU,00005,13,8,0,0,0,0
13,204,80 04:21:33.563,13,131-13331330000,NRCellCU,00005,13,10,0,0,0,0
14,204,80 04:21:33.563,13,131-13331330000,NRCellCU,00005,13,12,0,0,0,0
15,204,80 04:21:33.563,13,131-13331330000,NRCellCU,00005,13,11,0,0,0,0
16,204,80 04:21:33.563,13,131-13331330000,NRCellCU,00005,13,3,0,0,0,0
17,204,80 04:21:33.563,13,131-13331330000,NRCellCU,00067,13,5,0,0,16,0
18,204,80 04:21:33.563,13,131-13331330000,NRCellCU,00067,13,9,0,0,9,0
19,204,80 04:21:33.563,13,131-13331330000,NRCellCU,00067,13,7,0,0,0,0
20,204,80 04:21:33.563,13,131-13331330000,NRCellCU,00067,13,8,0,0,0,0
21,204,80 04:21:33.563,13,131-13331330000,NRCellCU,00067,13,3,0,0,0,0
22,204,80 04:21:33.563,13,131-13331330000,NRCellCU,00067,13,6,0,0,0,0
23,204,80 04:21:33.563,13,131-13331330000,NRCellCU,00067,13,4,0,0,0,0
24,204,80 04:21:33.563,13,131-13331330000,NRCellCU,00067,13,15,0,0,0,0
25,204,80 04:21:33.563,13,131-13331330000,NRCellCU,00014,13,5,0,0,9,0
26,204,80 04:21:33.563,13,131-13331330000,NRCellCU,00014,13,14,0,0,4,0
27,204,80 04:21:33.563,13,131-13331330000,NRCellCU,00014,13,9,0,0,2,0
28,204,80 04:21:33.563,13,131-13331330000,NRCellCU,00014,13,6,0,0,0,0
29,204,80 04:21:33.563,13,131-13331330000,NRCellCU,00014,13,4,0,0,0,0
30,204,80 04:21:33.563,13,131-13331330000,NRCellCU,00014,13,10,0,0,0,0
31,204,80 04:21:33.563,13,131-13331330000,NRCellCU,00014,13,2,0,0,0,0
32,204,80 04:21:33.563,13,131-13331330000,NRCellCU,00014,13,11,0,0,0,0
1,205,80 04:21:33.563,9,131-13339000000,NRCellCU,00010,9,14,0,0,5,0
2,205,80 04:21:33.563,9,131-13339000000,NRCellCU,00010,9,12,0,0,0,0
3,205,80 04:21:33.563,9,131-13339000000,NRCellCU,00010,9,2,0,0,0,0
4,205,80 04:21:33.563,9,131-13339000000,NRCellCU,00010,9,5,0,0,0,0
5,205,80 04:21:33.563,9,131-13339000000,NRCellCU,00010,9,7,0,0,0,0
6,205,80 04:21:33.563,9,131-13339000000,NRCellCU,00010,9,15,0,0,0,0
7,205,80 04:21:33.563,9,131-13339000000,NRCellCU,00010,9,11,0,0,0,0
8,205,80 04:21:33.563,9,131-13339000000,NRCellCU,00010,9,6,0,0,0,0
9,205,80 04:21:33.563,9,131-13339000000,NRCellCU,00057,9,2,0,0,19,0
10,205,80 04:21:33.563,9,131-13339000000,NRCellCU,00057,9,14,0,0,13,0
11,205,80 04:21:33.563,9,131-13339000000,NRCellCU,00057,9,15,0,0,10,0
12,205,80 04:21:33.563,9,131-13339000000,NRCellCU,00057,9,5,0,0,1,0
13,205,80 04:21:33.563,9,131-13339000000,NRCellCU,00057,9,8,0,0,0,0
14,205,80 04:21:33.563,9,131-13339000000,NRCellCU,00057,9,13,0,0,0,0
15,205,80 04:21:33.563,9,131-13339000000,NRCellCU,00057,9,7,0,0,0,0
16,205,80 04:21:33.563,9,131-13339000000,NRCellCU,00057,9,6,0,0,0,0
17,205,80 04:21:33.563,9,131-13339000000,NRCellCU,00025,9,2,0,0,21,0
18,205,80 04:21:33.563,9,131-13339000000,NRCellCU,00025,9,6,0,0,18,0
19,205,80 04:21:33.563,9,131-13339000000,NRCellCU,00025,9,8,0,0,16,0
20,205,80 04:21:33.563,9,131-13339000000,NRCellCU,00025,9,3,0,0,1,0
21,205,80 04:21:33.563,9,131-13339000000,NRCellCU,00025,9,13,0,0,0,0
22,205,80 04:21:33.563,9,131-13339000000,NRCellCU,00025,9,5,0,0,0,0
23,205,80 04:21:33.563,9,131-13339000000,NRCellCU,00025,9,11,0,0,0,0
24,205,80 04:21:33.563,9,131-13339000000,NRCellCU,00025,9,12,0,0,0,0
25,205,80 04:21:33.563,9,131-13339000000,NRCellCU,00032,9,6,0,0,28,0
26,205,80 04:21:33.563,9,131-13339000000,NRCellCU,00032,9,2,0,0,9,0
27,205,80 04:21:33.563,9,131-13339000000,NRCellCU,00032,9,13,0,0,0,0
28,205,80 04:21:33.563,9,131-13339000000,NRCellCU,00032,9,15,0,0,0,0
29,205,80 04:21:33.563,9,131-13339000000,NRCellCU,00032,9,5,0,0,0,0
30,205,80 04:21:33.563,9,131-13339000000,NRCellCU,00032,9,10,0,0,0,0
31,205,80 04:21:33.563,9,131-13339000000,NRCellCU,00032,9,11,0,0,0,0
32,205,80 04:21:33.563,9,131-13339000000,NRCellCU,00032,9,3,0,0,0,0
1,206,80 04:21:33.563,2,131-13332000000,NRCellCU,00052,2,5,0,0,19,0
2,206,80 04:21:33.563,2,131-13332000000,NRCellCU,00052,2,12,0,0,5,0
3,206,80 04:21:33.563,2,131-13332000000,NRCellCU,00052,2,3,0,0,4,0
4,206,80 04:21:33.563,2,131-13332000000,NRCellCU,00052,2,7,0,0,0,0
5,206,80 04:21:33.563,2,131-13332000000,NRCellCU,00052,2,10,0,0,0,0
6,206,80 04:21:33.563,2,131-13332000000,NRCellCU,00052,2,4,0,0,0,0
7,206,80 04:21:33.563,2,131-13332000000,NRCellCU,00052,2,8,0,0,0,0
8,206,80 04:21:33.563,2,131-13332000000,NRCellCU,00052,2,13,0,0,0,0
9,206,80 04:21:33.563,2,131-13332000000,NRCellCU,00040,2,6,0,0,9,0
10,206,80 04:21:33.563,2,131-13332000000,NRCellCU,00040,2,4,0,0,8,0
11,206,80 04:21:33.563,2,131-13332000000,NRCellCU,00040,2,10,0,0,1,0
12,206,80 04:21:33.563,2,131-13332000000,NRCellCU,00040,2,12,0,0,0,0
13,206,80 04:21:33.563,2,131-13332000000,NRCellCU,00040,2,5,0,0,0,0
14,206,80 04:21:33.563,2,131-13332000000,NRCellCU,00040,2,14,0,0,0,0
15,206,80 04:21:33.563,2,131-13332000000,NRCellCU,00040,2,3,0,0,0,0
16,206,80 04:21:33.563,2,131-13332000000,NRCellCU,00040,2,9,0,0,0,0
17,206,80 04:21:33.563,2,131-13332000000,NRCellCU,00006,2,4,0,0,17,0
18,206,80 04:21:33.563,2,131-13332000000,NRCellCU,00006,2,7,0,0,0,0
19,206,80 04:21:33.563,2,131-13332000000,NRCellCU,00006,2,10,0,0,0,0
20,206,80 04:21:33.563,2,131-13332000000,NRCellCU,00006,2,11,0,0,0,0
21,206,80 04:21:33.563,2,131-13332000000,NRCellCU,00006,2,6,0,0,0,0
22,206,80 04:21:33.563,2,131-13332000000,NRCellCU,00006,2,15,0,0,0,0
23,206,80 04:21:33.563,2,131-13332000000,NRCellCU,00006,2,13,0,0,0,0
24,206,80 04:21:33.563,2,131-13332000000,NRCellCU,00006,2,14,0,0,0,0
1,207,80 04:21:33.563,15,131-13331350000,NRCellCU,00051,15,4,0,0,5,0
2,207,80 04:21:33.563,15,131-13331350000,NRCellCU,00051,15,8,0,0,1,0
3,207,80 04:21:33.563,15,131-13331350000,NRCellCU,00051,15,5,0,0,0,0
4,207,80 04:21:33.563,15,131-13331350000,NRCellCU,00051,15,7,0,0,0,0
5,207,80 04:21:33.563,15,131-13331350000,NRCellCU,00051,15,3,0,0,0,0
6,207,80 04:21:33.563,15,131-13331350000,NRCellCU,00051,15,2,0,0,0,0
7,207,80 04:21:33.563,15,131-13331350000,NRCellCU,00051,15,11,0,0,0,0
8,207,80 04:21:33.563,15,131-13331350000,NRCellCU,00051,15,9,0,0,0,0
9,207,80 04:21:33.563,15,131-13331350000,NRCellCU,00037,15,8,0,0,27,0
10,207,80 04:21:33.563,15,131-13331350000,NRCellCU,00037,15,3,0,0,8,0
11,207,80 04:21:33.563,15,131-13331350000,NRCellCU,00037,15,11,0,0,4,0
12,207,80 04:21:33.563,15,131-13331350000,NRCellCU,00037,15,13,0,0,0,0
13,207,80 04:21:33.563,15,131-13331350000,NRCellCU,00037,15,2,0,0,0,0
14,207,80 04:21:33.563,15,131-13331350000,NRCellCU,00037,15,7,0,0,0,0
15,207,80 04:21:33.563,15,131-13331350000,NRCellCU,00037,15,6,0,0,0,0
16,207,80 04:21:33.563,15,131-13331350000,NRCellCU,00037,15,9,0,0,0,0
1,208,80 04:21:33.563,8,131-13338000000,NRCellCU,00003,8,2,0,0,33,0
2,208,80 04:21:33.563,8,131-13338000000,NRCellCU,00003,8,5,0,0,33,0
3,208,80 04:21:33.563,8,131-13338000000,NRCellCU,00003,8,13,0,0,12,0
4,208,80 04:21:33.563,8,131-13338000000,NRCellCU,00003,8,7,0,0,11,0
5,208,80 04:21:33.563,8,131-13338000000,NRCellCU,00003,8,3,0,0,0,0
6,208,80 04:21:33.563,8,131-13338000000,NRCellCU,00003,8,10,0,0,0,0
7,208,80 04:21:33.563,8,131-13338000000,NRCellCU,00003,8,12,0,0,0,0
8,208,80 04:21:33.563,8,131-13338000000,NRCellCU,00003,8,9,0,0,0,0
9,208,80 04:21:33.563,8,131-13338000000,NRCellCU,00021,8,9,0,0,8,0
10,208,80 04:21:33.563,8,131-13338000000,NRCellCU,00021,8,15,0,0,1,0
11,208,80 04:21:33.563,8,131-13338000000,NRCellCU,00021,8,11,0,0,0,0
12,208,80 04:21:33.563,8,131-13338000000,NRCellCU,00021,8,3,0,0,0,0
13,208,80 04:21:33.563,8,131-13338000000,NRCellCU,00021,8,2,0,0,0,0
14,208,80 04:21:33.563,8,131-13338000000,NRCellCU,00021,8,12,0,0,0,0
15,208,80 04:21:33.563,8,131-13338000000,NRCellCU,00021,8,6,0,0,0,0
16,208,80 04:21:33.563,8,131-13338000000,NRCellCU,00021,8,13,0,0,0,0
17,208,80 04:21:33.563,8,131-13338000000,NRCellCU,00033,8,3,0,0,29,0
18,208,80 04:21:33.563,8,131-13338000000,NRCellCU,00033,8,2,0,0,14,0
19,208,80 04:21:33.563,8,131-13338000000,NRCellCU,00033,8,15,0,0,3,0
20,208,80 04:21:33.563,8,131-13338000000,NRCellCU,00033,8,11,0,0,0,0
21,208,80 04:21:33.563,8,131-13338000000,NRCellCU,00033,8,12,0,0,0,0
22,208,80 04:21:33.563,8,131-13338000000,NRCellCU,00033,8,5,0,0,0,0
23,208,80 04:21:33.563,8,131-13338000000,NRCellCU,00033,8,7,0,0,0,0
24,208,80 04:21:33.563,8,131-13338000000,NRCellCU,00033,8,9,0,0,0,0
25,208,80 04:21:33.563,8,131-13338000000,NRCellCU,00056,8,5,0,0,7,0
26,208,80 04:21:33.563,8,131-13338000000,NRCellCU,00056,8,13,0,0,3,0
27,208,80 04:21:33.563,8,131-13338000000,NRCellCU,00056,8,9,0,0,2,0
28,208,80 04:21:33.563,8,131-13338000000,NRCellCU,00056,8,2,0,0,0,0
29,208,80 04:21:33.563,8,131-13338000000,NRCellCU,00056,8,11,0,0,0,0
30,208,80 04:21:33.563,8,131-13338000000,NRCellCU,00056,8,3,0,0,0,0
31,208,80 04:21:33.563,8,131-13338000000,NRCellCU,00056,8,12,0,0,0,0
32,208,80 04:21:33.563,8,131-13338000000,NRCellCU,00056,8,6,0,0,0,0
1,210,80 04:21:33.564,12,131-13331320000,NRCellCU,00064,12,7,0,0,24,0
2,210,80 04:21:33.564,12,131-13331320000,NRCellCU,00064,12,4,0,0,0,0
3,210,80 04:21:33.564,12,131-13331320000,NRCellCU,00064,12,5,0,0,0,0
4,210,80 04:21:33.564,12,131-13331320000,NRCellCU,00064,12,10,0,0,0,0
5,210,80 04:21:33.564,12,131-13331320000,NRCellCU,00064,12,15,0,0,0,0
6,210,80 04:21:33.564,12,131-13331320000,NRCellCU,00064,12,14,0,0,0,0
7,210,80 04:21:33.564,12,131-13331320000,NRCellCU,00064,12,2,0,0,0,0
8,210,80 04:21:33.564,12,131-13331320000,NRCellCU,00064,12,8,0,0,0,0
9,210,80 04:21:33.564,12,131-13331320000,NRCellCU,00061,12,7,0,0,4,0
10,210,80 04:21:33.564,12,131-13331320000,NRCellCU,00061,12,4,0,0,1,0
11,210,80 04:21:33.564,12,131-13331320000,NRCellCU,00061,12,3,0,0,0,0
12,210,80 04:21:33.564,12,131-13331320000,NRCellCU,00061,12,5,0,0,0,0
13,210,80 04:21:33.564,12,131-13331320000,NRCellCU,00061,12,10,0,0,0,0
14,210,80 04:21:33.564,12,131-13331320000,NRCellCU,00061,12,9,0,0,0,0
15,210,80 04:21:33.564,12,131-13331320000,NRCellCU,00061,12,14,0,0,0,0
16,210,80 04:21:33.564,12,131-13331320000,NRCellCU,00061,12,11,0,0,0,0
17,210,80 04:21:33.564,12,131-13331320000,NRCellCU,00019,12,4,0,0,30,0
18,210,80 04:21:33.564,12,131-13331320000,NRCellCU,00019,12,10,0,0,15,0
19,210,80 04:21:33.564,12,131-13331320000,NRCellCU,00019,12,11,0,0,0,0
20,210,80 04:21:33.564,12,131-13331320000,NRCellCU,00019,12,14,0,0,0,0
21,210,80 04:21:33.564,12,131-13331320000,NRCellCU,00019,12,13,0,0,0,0
22,210,80 04:21:33.564,12,131-13331320000,NRCellCU,00019,12,6,0,0,0,0
23,210,80 04:21:33.564,12,131-13331320000,NRCellCU,00019,12,7,0,0,0,0
24,210,80 04:21:33.564,12,131-13331320000,NRCellCU,00019,12,5,0,0,0,0
1,211,80 04:21:33.564,2,131-13332000000,NRCellCU,00052,2,12,0,0,16,0
2,211,80 04:21:33.564,2,131-13332000000,NRCellCU,00052,2,5,0,0,16,0
3,211,80 04:21:33.564,2,131-13332000000,NRCellCU,00052,2,3,0,0,0,0
4,211,80 04:21:33.564,2,131-13332000000,NRCellCU,00052,2,7,0,0,0,0
5,211,80 04:21:33.564,2,131-13332000000,NRCellCU,00052,2,10,0,0,0,0
6,211,80 04:21:33.564,2,131-13332000000,NRCellCU,00052,2,13,0,0,0,0
7,211,80 04:21:33.564,2,131-13332000000,NRCellCU,00052,2,9,0,0,0,0
8,211,80 04:21:33.564,2,131-13332000000,NRCellCU,00052,2,8,0,0,0,0
9,211,80 04:21:33.564,2,131-13332000000,NRCellCU,00006,2,4,0,0,23,0
10,211,80 04:21:33.564,2,131-13332000000,NRCellCU,00006,2,7,0,0,4,0
11,211,80 04:21:33.564,2,131-13332000000,NRCellCU,00006,2,10,0,0,0,0
12,211,80 04:21:33.564,2,131-13332000000,NRCellCU,00006,2,6,0,0,0,0
13,211,80 04:21:33.564,2,131-13332000000,NRCellCU,00006,2,11,0,0,0,0
14,211,80 04:21:33.564,2,131-13332000000,NRCellCU,00006,2,14,0,0,0,0
15,211,80 04:21:33.564,2,131-13332000000,NRCellCU,00006,2,3,0,0,0,0
16,211,80 04:21:33.564,2,131-13332000000,NRCellCU,00006,2,13,0,0,0,0
17,211,80 04:21:33.564,2,131-13332000000,NRCellCU,00040,2,9,0,0,6,0
18,211,80 04:21:33.564,2,131-13332000000,NRCellCU,00040,2,12,0,0,5,0
19,211,80 04:21:33.564,2,131-13332000000,NRCellCU,00040,2,10,0,0,2,0
20,211,80 04:21:33.564,2,131-13332000000,NRCellCU,00040,2,6,0,0,0,0
21,211,80 04:21:33.564,2,131-13332000000,NRCellCU,00040,2,5,0,0,0,0
22,211,80 04:21:33.564,2,131-13332000000,NRCellCU,00040,2,3,0,0,0,0
23,211,80 04:21:33.564,2,131-13332000000,NRCellCU,00040,2,14,0,0,0,0
24,211,80 04:21:33.564,2,131-13332000000,NRCellCU,00040,2,4,0,0,0,0
1,212,80 04:21:33.564,15,131-13331350000,NRCellCU,00051,15,4,0,0,0,0
2,212,80 04:21:33.564,15,131-13331350000,NRCellCU,00051,15,3,0,0,0,0
3,212,80 04:21:33.564,15,131-13331350000,NRCellCU,00051,15,8,0,0,0,0
4,212,80 04:21:33.564,15,131-13331350000,NRCellCU,00051,15,7,0,0,0,0
5,212,80 04:21:33.564,15,131-13331350000,NRCellCU,00051,15,11,0,0,0,0
6,212,80 04:21:33.564,15,131-13331350000,NRCellCU,00051,15,2,0,0,0,0
7,212,80 04:21:33.564,15,131-13331350000,NRCellCU,00051,15,5,0,0,0,0
8,212,80 04:21:33.564,15,131-13331350000,NRCellCU,00051,15,9,0,0,0,0
9,212,80 04:21:33.564,15,131-13331350000,NRCellCU,00037,15,8,0,0,22,0
10,212,80 04:21:33.564,15,131-13331350000,NRCellCU,00037,15,3,0,0,16,0
11,212,80 04:21:33.564,15,131-13331350000,NRCellCU,00037,15,13,0,0,7,0
12,212,80 04:21:33.564,15,131-13331350000,NRCellCU,00037,15,2,0,0,2,0
13,212,80 04:21:33.564,15,131-13331350000,NRCellCU,00037,15,11,0,0,0,0
14,212,80 04:21:33.564,15,131-13331350000,NRCellCU,00037,15,7,0,0,0,0
15,212,80 04:21:33.564,15,131-13331350000,NRCellCU,00037,15,10,0,0,0,0
16,212,80 04:21:33.564,15,131-13331350000,NRCellCU,00037,15,12,0,0,0,0
1,213,80 04:21:33.564,12,131-13331320000,NRCellCU,00061,12,7,0,0,9,0
2,213,80 04:21:33.564,12,131-13331320000,NRCellCU,00061,12,5,0,0,5,0
3,213,80 04:21:33.564,12,131-13331320000,NRCellCU,00061,12,3,0,0,0,0
4,213,80 04:21:33.564,12,131-13331320000,NRCellCU,00061,12,4,0,0,0,0
5,213,80 04:21:33.564,12,131-13331320000,NRCellCU,00061,12,10,0,0,0,0
6,213,80 04:21:33.564,12,131-13331320000,NRCellCU,00061,12,14,0,0,0,0
7,213,80 04:21:33.564,12,131-13331320000,NRCellCU,00061,12,9,0,0,0,0
8,213,80 04:21:33.564,12,131-13331320000,NRCellCU,00061,12,11,0,0,0,0
9,213,80 04:21:33.564,12,131-13331320000,NRCellCU,00064,12,7,0,0,23,0
10,213,80 04:21:33.564,12,131-13331320000,NRCellCU,00064,12,5,0,0,0,0
11,213,80 04:21:33.564,12,131-13331320000,NRCellCU,00064,12,4,0,0,0,0
12,213,80 04:21:33.564,12,131-13331320000,NRCellCU,00064,12,10,0,0,0,0
13,213,80 04:21:33.564,12,131-13331320000,NRCellCU,00064,12,14,0,0,0,0
14,213,80 04:21:33.564,12,131-13331320000,NRCellCU,00064,12,15,0,0,0,0
15,213,80 04:21:33.564,12,131-13331320000,NRCellCU,00064,12,8,0,0,0,0
16,213,80 04:21:33.564,12,131-13331320000,NRCellCU,00064,12,2,0,0,0,0
17,213,80 04:21:33.564,12,131-13331320000,NRCellCU,00019,12,4,0,0,31,0
18,213,80 04:21:33.564,12,131-13331320000,NRCellCU,00019,12,10,0,0,12,0
19,213,80 04:21:33.564,12,131-13331320000,NRCellCU,00019,12,11,0,0,0,0
20,213,80 04:21:33.564,12,131-13331320000,NRCellCU,00019,12,14,0,0,0,0
21,213,80 04:21:33.564,12,131-13331320000,NRCellCU,00019,12,13,0,0,0,0
22,213,80 04:21:33.564,12,131-13331320000,NRCellCU,00019,12,6,0,0,0,0
23,213,80 04:21:33.564,12,131-13331320000,NRCellCU,00019,12,5,0,0,0,0
24,213,80 04:21:33.564,12,131-13331320000,NRCellCU,00019,12,7,0,0,0,0
1,214,80 04:21:33.565,14,131-13331340000,NRCellCU,00024,14,6,0,0,18,0
2,214,80 04:21:33.565,14,131-13331340000,NRCellCU,00024,14,10,0,0,0,0
3,214,80 04:21:33.565,14,131-13331340000,NRCellCU,00024,14,12,0,0,0,0
4,214,80 04:21:33.565,14,131-13331340000,NRCellCU,00024,14,5,0,0,0,0
5,214,80 04:21:33.565,14,131-13331340000,NRCellCU,00024,14,2,0,0,0,0
6,214,80 04:21:33.565,14,131-13331340000,NRCellCU,00024,14,4,0,0,0,0
7,214,80 04:21:33.565,14,131-13331340000,NRCellCU,00024,14,9,0,0,0,0
8,214,80 04:21:33.565,14,131-13331340000,NRCellCU,00024,14,15,0,0,0,0
9,214,80 04:21:33.565,14,131-13331340000,NRCellCU,00028,14,10,0,0,4,0
10,214,80 04:21:33.565,14,131-13331340000,NRCellCU,00028,14,6,0,0,2,0
11,214,80 04:21:33.565,14,131-13331340000,NRCellCU,00028,14,15,0,0,0,0
12,214,80 04:21:33.565,14,131-13331340000,NRCellCU,00028,14,13,0,0,0,0
13,214,80 04:21:33.565,14,131-13331340000,NRCellCU,00028,14,7,0,0,0,0
14,214,80 04:21:33.565,14,131-13331340000,NRCellCU,00028,14,12,0,0,0,0
15,214,80 04:21:33.565,14,131-13331340000,NRCellCU,00028,14,2,0,0,0,0
16,214,80 04:21:33.565,14,131-13331340000,NRCellCU,00028,14,4,0,0,0,0
17,214,80 04:21:33.565,14,131-13331340000,NRCellCU,00023,14,9,0,0,0,0
18,214,80 04:21:33.565,14,131-13331340000,NRCellCU,00023,14,12,0,0,0,0
19,214,80 04:21:33.565,14,131-13331340000,NRCellCU,00023,14,2,0,0,0,0
20,214,80 04:21:33.565,14,131-13331340000,NRCellCU,00023,14,4,0,0,0,0
21,214,80 04:21:33.565,14,131-13331340000,NRCellCU,00023,14,10,0,0,0,0
22,214,80 04:21:33.565,14,131-13331340000,NRCellCU,00023,14,3,0,0,0,0
23,214,80 04:21:33.565,14,131-13331340000,NRCellCU,00023,14,7,0,0,0,0
24,214,80 04:21:33.565,14,131-13331340000,NRCellCU,00023,14,13,0,0,0,0
25,214,80 04:21:33.565,14,131-13331340000,NRCellCU,00053,14,6,0,0,40,0
26,214,80 04:21:33.565,14,131-13331340000,NRCellCU,00053,14,2,0,0,0,0
27,214,80 04:21:33.565,14,131-13331340000,NRCellCU,00053,14,4,0,0,0,0
28,214,80 04:21:33.565,14,131-13331340000,NRCellCU,00053,14,3,0,0,0,0
29,214,80 04:21:33.565,14,131-13331340000,NRCellCU,00053,14,5,0,0,0,0
30,214,80 04:21:33.565,14,131-13331340000,NRCellCU,00053,14,9,0,0,0,0
31,214,80 04:21:33.565,14,131-13331340000,NRCellCU,00053,14,10,0,0,0,0
32,214,80 04:21:33.565,14,131-13331340000,NRCellCU,00053,14,12,0,0,0,0
1,215,80 04:21:33.566,13,131-13331330000,NRCellCU,00067,13,5,0,0,28,0
2,215,80 04:21:33.566,13,131-13331330000,NRCellCU,00067,13,9,0,0,12,0
3,215,80 04:21:33.566,13,131-13331330000,NRCellCU,00067,13,4,0,0,0,0
4,215,80 04:21:33.566,13,131-13331330000,NRCellCU,00067,13,7,0,0,0,0
5,215,80 04:21:33.566,13,131-13331330000,NRCellCU,00067,13,6,0,0,0,0
6,215,80 04:21:33.566,13,131-13331330000,NRCellCU,00067,13,8,0,0,0,0
7,215,80 04:21:33.566,13,131-13331330000,NRCellCU,00067,13,3,0,0,0,0
8,215,80 04:21:33.566,13,131-13331330000,NRCellCU,00067,13,2,0,0,0,0
9,215,80 04:21:33.566,13,131-13331330000,NRCellCU,00005,13,5,0,0,25,0
10,215,80 04:21:33.566,13,131-13331330000,NRCellCU,00005,13,8,0,0,0,0
11,215,80 04:21:33.566,13,131-13331330000,NRCellCU,00005,13,6,0,0,0,0
12,215,80 04:21:33.566,13,131-13331330000,NRCellCU,00005,13,4,0,0,0,0
13,215,80 04:21:33.566,13,131-13331330000,NRCellCU,00005,13,10,0,0,0,0
14,215,80 04:21:33.566,13,131-13331330000,NRCellCU,00005,13,9,0,0,0,0
15,215,80 04:21:33.566,13,131-13331330000,NRCellCU,00005,13,12,0,0,0,0
16,215,80 04:21:33.566,13,131-13331330000,NRCellCU,00005,13,3,0,0,0,0
17,215,80 04:21:33.566,13,131-13331330000,NRCellCU,00066,13,6,0,0,11,0
18,215,80 04:21:33.566,13,131-13331330000,NRCellCU,00066,13,5,0,0,0,0
19,215,80 04:21:33.566,13,131-13331330000,NRCellCU,00066,13,9,0,0,0,0
20,215,80 04:21:33.566,13,131-13331330000,NRCellCU,00066,13,8,0,0,0,0
21,215,80 04:21:33.566,13,131-13331330000,NRCellCU,00066,13,15,0,0,0,0
22,215,80 04:21:33.566,13,131-13331330000,NRCellCU,00066,13,12,0,0,0,0
23,215,80 04:21:33.566,13,131-13331330000,NRCellCU,00066,13,7,0,0,0,0
24,215,80 04:21:33.566,13,131-13331330000,NRCellCU,00066,13,10,0,0,0,0
25,215,80 04:21:33.566,13,131-13331330000,NRCellCU,00014,13,9,0,0,7,0
26,215,80 04:21:33.566,13,131-13331330000,NRCellCU,00014,13,5,0,0,5,0
27,215,80 04:21:33.566,13,131-13331330000,NRCellCU,00014,13,8,0,0,4,0
28,215,80 04:21:33.566,13,131-13331330000,NRCellCU,00014,13,14,0,0,0,0
29,215,80 04:21:33.566,13,131-13331330000,NRCellCU,00014,13,11,0,0,0,0
30,215,80 04:21:33.566,13,131-13331330000,NRCellCU,00014,13,2,0,0,0,0
31,215,80 04:21:33.566,13,131-13331330000,NRCellCU,00014,13,6,0,0,0,0
32,215,80 04:21:33.566,13,131-13331330000,NRCellCU,00014,13,4,0,0,0,0
1,216,80 04:21:33.566,14,131-13331340000,NRCellCU,00028,14,6,0,0,10,0
2,216,80 04:21:33.566,14,131-13331340000,NRCellCU,00028,14,10,0,0,8,0
3,216,80 04:21:33.566,14,131-13331340000,NRCellCU,00028,14,13,0,0,0,0
4,216,80 04:21:33.566,14,131-13331340000,NRCellCU,00028,14,12,0,0,0,0
5,216,80 04:21:33.566,14,131-13331340000,NRCellCU,00028,14,7,0,0,0,0
6,216,80 04:21:33.566,14,131-13331340000,NRCellCU,00028,14,4,0,0,0,0
7,216,80 04:21:33.566,14,131-13331340000,NRCellCU,00028,14,9,0,0,0,0
8,216,80 04:21:33.566,14,131-13331340000,NRCellCU,00028,14,2,0,0,0,0
9,216,80 04:21:33.566,14,131-13331340000,NRCellCU,00023,14,9,0,0,0,0
10,216,80 04:21:33.566,14,131-13331340000,NRCellCU,00023,14,10,0,0,0,0
11,216,80 04:21:33.566,14,131-13331340000,NRCellCU,00023,14,2,0,0,0,0
12,216,80 04:21:33.566,14,131-13331340000,NRCellCU,00023,14,13,0,0,0,0
13,216,80 04:21:33.566,14,131-13331340000,NRCellCU,00023,14,4,0,0,0,0
14,216,80 04:21:33.566,14,131-13331340000,NRCellCU,00023,14,7,0,0,0,0
15,216,80 04:21:33.566,14,131-13331340000,NRCellCU,00023,14,12,0,0,0,0
16,216,80 04:21:33.566,14,131-13331340000,NRCellCU,00023,14,5,0,0,0,0
17,216,80 04:21:33.566,14,131-13331340000,NRCellCU,00024,14,6,0,0,15,0
18,216,80 04:21:33.566,14,131-13331340000,NRCellCU,00024,14,13,0,0,0,0
19,216,80 04:21:33.566,14,131-13331340000,NRCellCU,00024,14,10,0,0,0,0
20,216,80 04:21:33.566,14,131-13331340000,NRCellCU,00024,14,12,0,0,0,0
21,216,80 04:21:33.566,14,131-13331340000,NRCellCU,00024,14,2,0,0,0,0
22,216,80 04:21:33.566,14,131-13331340000,NRCellCU,00024,14,9,0,0,0,0
23,216,80 04:21:33.566,14,131-13331340000,NRCellCU,00024,14,5,0,0,0,0
24,216,80 04:21:33.566,14,131-13331340000,NRCellCU,00024,14,4,0,0,0,0
1,217,80 04:21:33.566,13,131-13331330000,NRCellCU,00066,13,6,0,0,8,0
2,217,80 04:21:33.566,13,131-13331330000,NRCellCU,00066,13,5,0,0,5,0
3,217,80 04:21:33.566,13,131-13331330000,NRCellCU,00066,13,9,0,0,0,0
4,217,80 04:21:33.566,13,131-13331330000,NRCellCU,00066,13,8,0,0,0,0
5,217,80 04:21:33.566,13,131-13331330000,NRCellCU,00066,13,3,0,0,0,0
6,217,80 04:21:33.566,13,131-13331330000,NRCellCU,00066,13,10,0,0,0,0
7,217,80 04:21:33.566,13,131-13331330000,NRCellCU,00066,13,12,0,0,0,0
8,217,80 04:21:33.566,13,131-13331330000,NRCellCU,00066,13,2,0,0,0,0
9,217,80 04:21:33.566,13,131-13331330000,NRCellCU,00005,13,5,0,0,20,0
10,217,80 04:21:33.566,13,131-13331330000,NRCellCU,00005,13,8,0,0,3,0
11,217,80 04:21:33.566,13,131-13331330000,NRCellCU,00005,13,6,0,0,3,0
12,217,80 04:21:33.566,13,131-13331330000,NRCellCU,00005,13,4,0,0,0,0
13,217,80 04:21:33.566,13,131-13331330000,NRCellCU,00005,13,10,0,0,0,0
14,217,80 04:21:33.566,13,131-13331330000,NRCellCU,00005,13,12,0,0,0,0
15,217,80 04:21:33.566,13,131-13331330000,NRCellCU,00005,13,9,0,0,0,0
16,217,80 04:21:33.566,13,131-13331330000,NRCellCU,00005,13,3,0,0,0,0
17,217,80 04:21:33.566,13,131-13331330000,NRCellCU,00014,13,5,0,0,9,0
18,217,80 04:21:33.566,13,131-13331330000,NRCellCU,00014,13,8,0,0,5,0
19,217,80 04:21:33.566,13,131-13331330000,NRCellCU,00014,13,9,0,0,5,0
20,217,80 04:21:33.566,13,131-13331330000,NRCellCU,00014,13,14,0,0,2,0
21,217,80 04:21:33.566,13,131-13331330000,NRCellCU,00014,13,11,0,0,0,0
22,217,80 04:21:33.566,13,131-13331330000,NRCellCU,00014,13,2,0,0,0,0
23,217,80 04:21:33.566,13,131-13331330000,NRCellCU,00014,13,4,0,0,0,0
24,217,80 04:21:33.566,13,131-13331330000,NRCellCU,00014,13,6,0,0,0,0
25,217,80 04:21:33.566,13,131-13331330000,NRCellCU,00067,13,5,0,0,26,0
26,217,80 04:21:33.566,13,131-13331330000,NRCellCU,00067,13,9,0,0,8,0
27,217,80 04:21:33.566,13,131-13331330000,NRCellCU,00067,13,4,0,0,0,0
28,217,80 04:21:33.566,13,131-13331330000,NRCellCU,00067,13,7,0,0,0,0
29,217,80 04:21:33.566,13,131-13331330000,NRCellCU,00067,13,3,0,0,0,0
30,217,80 04:21:33.566,13,131-13331330000,NRCellCU,00067,13,6,0,0,0,0
31,217,80 04:21:33.566,13,131-13331330000,NRCellCU,00067,13,2,0,0,0,0
32,217,80 04:21:33.566,13,131-13331330000,NRCellCU,00067,13,8,0,0,0,0
1,218,80 04:21:33.566,9,131-13339000000,NRCellCU,00032,9,6,0,0,24,0
2,218,80 04:21:33.566,9,131-13339000000,NRCellCU,00032,9,10,0,0,6,0
3,218,80 04:21:33.566,9,131-13339000000,NRCellCU,00032,9,13,0,0,0,0
4,218,80 04:21:33.566,9,131-13339000000,NRCellCU,00032,9,15,0,0,0,0
5,218,80 04:21:33.566,9,131-13339000000,NRCellCU,00032,9,2,0,0,0,0
6,218,80 04:21:33.566,9,131-13339000000,NRCellCU,00032,9,5,0,0,0,0
7,218,80 04:21:33.566,9,131-13339000000,NRCellCU,00032,9,7,0,0,0,0
8,218,80 04:21:33.566,9,131-13339000000,NRCellCU,00032,9,14,0,0,0,0
9,218,80 04:21:33.566,9,131-13339000000,NRCellCU,00057,9,15,0,0,18,0
10,218,80 04:21:33.566,9,131-13339000000,NRCellCU,00057,9,2,0,0,8,0
11,218,80 04:21:33.566,9,131-13339000000,NRCellCU,00057,9,14,0,0,7,0
12,218,80 04:21:33.566,9,131-13339000000,NRCellCU,00057,9,5,0,0,0,0
13,218,80 04:21:33.566,9,131-13339000000,NRCellCU,00057,9,6,0,0,0,0
14,218,80 04:21:33.566,9,131-13339000000,NRCellCU,00057,9,8,0,0,0,0
15,218,80 04:21:33.566,9,131-13339000000,NRCellCU,00057,9,7,0,0,0,0
16,218,80 04:21:33.566,9,131-13339000000,NRCellCU,00057,9,13,0,0,0,0
17,218,80 04:21:33.566,9,131-13339000000,NRCellCU,00025,9,2,0,0,13,0
18,218,80 04:21:33.566,9,131-13339000000,NRCellCU,00025,9,6,0,0,3,0
19,218,80 04:21:33.566,9,131-13339000000,NRCellCU,00025,9,13,0,0,0,0
20,218,80 04:21:33.566,9,131-13339000000,NRCellCU,00025,9,3,0,0,0,0
21,218,80 04:21:33.566,9,131-13339000000,NRCellCU,00025,9,5,0,0,0,0
22,218,80 04:21:33.566,9,131-13339000000,NRCellCU,00025,9,8,0,0,0,0
23,218,80 04:21:33.566,9,131-13339000000,NRCellCU,00025,9,12,0,0,0,0
24,218,80 04:21:33.566,9,131-13339000000,NRCellCU,00025,9,11,0,0,0,0
25,218,80 04:21:33.566,9,131-13339000000,NRCellCU,00010,9,14,0,0,15,0
26,218,80 04:21:33.566,9,131-13339000000,NRCellCU,00010,9,5,0,0,8,0
27,218,80 04:21:33.566,9,131-13339000000,NRCellCU,00010,9,12,0,0,0,0
28,218,80 04:21:33.566,9,131-13339000000,NRCellCU,00010,9,2,0,0,0,0
29,218,80 04:21:33.566,9,131-13339000000,NRCellCU,00010,9,6,0,0,0,0
30,218,80 04:21:33.566,9,131-13339000000,NRCellCU,00010,9,10,0,0,0,0
31,218,80 04:21:33.566,9,131-13339000000,NRCellCU,00010,9,11,0,0,0,0
32,218,80 04:21:33.566,9,131-13339000000,NRCellCU,00010,9,13,0,0,0,0
1,219,80 04:21:33.567,15,131-13331350000,NRCellCU,00037,15,11,0,0,0,0
2,219,80 04:21:33.567,15,131-13331350000,NRCellCU,00037,15,3,0,0,0,0
3,219,80 04:21:33.567,15,131-13331350000,NRCellCU,00037,15,8,0,0,0,0
4,219,80 04:21:33.567,15,131-13331350000,NRCellCU,00037,15,5,0,0,0,0
5,219,80 04:21:33.567,15,131-13331350000,NRCellCU,00037,15,12,0,0,0,0
6,219,80 04:21:33.567,15,131-13331350000,NRCellCU,00037,15,7,0,0,0,0
7,219,80 04:21:33.567,15,131-13331350000,NRCellCU,00037,15,2,0,0,0,0
8,219,80 04:21:33.567,15,131-13331350000,NRCellCU,00037,15,13,0,0,0,0
9,219,80 04:21:33.567,15,131-13331350000,NRCellCU,00051,15,3,0,0,7,0
10,219,80 04:21:33.567,15,131-13331350000,NRCellCU,00051,15,8,0,0,1,0
11,219,80 04:21:33.567,15,131-13331350000,NRCellCU,00051,15,11,0,0,0,0
12,219,80 04:21:33.567,15,131-13331350000,NRCellCU,00051,15,4,0,0,0,0
13,219,80 04:21:33.567,15,131-13331350000,NRCellCU,00051,15,7,0,0,0,0
14,219,80 04:21:33.567,15,131-13331350000,NRCellCU,00051,15,5,0,0,0,0
15,219,80 04:21:33.567,15,131-13331350000,NRCellCU,00051,15,2,0,0,0,0
16,219,80 04:21:33.567,15,131-13331350000,NRCellCU,00051,15,10,0,0,0,0
1,220,80 04:21:33.567,13,131-13331330000,NRCellCU,00005,13,5,0,0,22,0
2,220,80 04:21:33.567,13,131-13331330000,NRCellCU,00005,13,6,0,0,2,0
3,220,80 04:21:33.567,13,131-13331330000,NRCellCU,00005,13,4,0,0,0,0
4,220,80 04:21:33.567,13,131-13331330000,NRCellCU,00005,13,8,0,0,0,0
5,220,80 04:21:33.567,13,131-13331330000,NRCellCU,00005,13,10,0,0,0,0
6,220,80 04:21:33.567,13,131-13331330000,NRCellCU,00005,13,11,0,0,0,0
7,220,80 04:21:33.567,13,131-13331330000,NRCellCU,00005,13,9,0,0,0,0
8,220,80 04:21:33.567,13,131-13331330000,NRCellCU,00005,13,15,0,0,0,0
9,220,80 04:21:33.567,13,131-13331330000,NRCellCU,00066,13,6,0,0,13,0
10,220,80 04:21:33.567,13,131-13331330000,NRCellCU,00066,13,5,0,0,0,0
11,220,80 04:21:33.567,13,131-13331330000,NRCellCU,00066,13,9,0,0,0,0
12,220,80 04:21:33.567,13,131-13331330000,NRCellCU,00066,13,11,0,0,0,0
13,220,80 04:21:33.567,13,131-13331330000,NRCellCU,00066,13,3,0,0,0,0
14,220,80 04:21:33.567,13,131-13331330000,NRCellCU,00066,13,8,0,0,0,0
15,220,80 04:21:33.567,13,131-13331330000,NRCellCU,00066,13,2,0,0,0,0
16,220,80 04:21:33.567,13,131-13331330000,NRCellCU,00066,13,15,0,0,0,0
17,220,80 04:21:33.567,13,131-13331330000,NRCellCU,00067,13,5,0,0,21,0
18,220,80 04:21:33.567,13,131-13331330000,NRCellCU,00067,13,9,0,0,8,0
19,220,80 04:21:33.567,13,131-13331330000,NRCellCU,00067,13,4,0,0,0,0
20,220,80 04:21:33.567,13,131-13331330000,NRCellCU,00067,13,7,0,0,0,0
21,220,80 04:21:33.567,13,131-13331330000,NRCellCU,00067,13,8,0,0,0,0
22,220,80 04:21:33.567,13,131-13331330000,NRCellCU,00067,13,6,0,0,0,0
23,220,80 04:21:33.567,13,131-13331330000,NRCellCU,00067,13,3,0,0,0,0
24,220,80 04:21:33.567,13,131-13331330000,NRCellCU,00067,13,2,0,0,0,0
25,220,80 04:21:33.567,13,131-13331330000,NRCellCU,00014,13,5,0,0,13,0
26,220,80 04:21:33.567,13,131-13331330000,NRCellCU,00014,13,9,0,0,8,0
27,220,80 04:21:33.567,13,131-13331330000,NRCellCU,00014,13,14,0,0,0,0
28,220,80 04:21:33.567,13,131-13331330000,NRCellCU,00014,13,2,0,0,0,0
29,220,80 04:21:33.567,13,131-13331330000,NRCellCU,00014,13,11,0,0,0,0
30,220,80 04:21:33.567,13,131-13331330000,NRCellCU,00014,13,8,0,0,0,0
31,220,80 04:21:33.567,13,131-13331330000,NRCellCU,00014,13,4,0,0,0,0
32,220,80 04:21:33.567,13,131-13331330000,NRCellCU,00014,13,10,0,0,0,0
1,221,80 04:21:33.567,9,131-13339000000,NRCellCU,00025,9,2,0,0,19,0
2,221,80 04:21:33.567,9,131-13339000000,NRCellCU,00025,9,8,0,0,5,0
3,221,80 04:21:33.567,9,131-13339000000,NRCellCU,00025,9,3,0,0,0,0
4,221,80 04:21:33.567,9,131-13339000000,NRCellCU,00025,9,6,0,0,0,0
5,221,80 04:21:33.567,9,131-13339000000,NRCellCU,00025,9,5,0,0,0,0
6,221,80 04:21:33.567,9,131-13339000000,NRCellCU,00025,9,13,0,0,0,0
7,221,80 04:21:33.567,9,131-13339000000,NRCellCU,00025,9,11,0,0,0,0
8,221,80 04:21:33.567,9,131-13339000000,NRCellCU,00025,9,12,0,0,0,0
9,221,80 04:21:33.567,9,131-13339000000,NRCellCU,00010,9,14,0,0,18,0
10,221,80 04:21:33.567,9,131-13339000000,NRCellCU,00010,9,5,0,0,13,0
11,221,80 04:21:33.567,9,131-13339000000,NRCellCU,00010,9,12,0,0,0,0
12,221,80 04:21:33.567,9,131-13339000000,NRCellCU,00010,9,6,0,0,0,0
13,221,80 04:21:33.567,9,131-13339000000,NRCellCU,00010,9,11,0,0,0,0
14,221,80 04:21:33.567,9,131-13339000000,NRCellCU,00010,9,10,0,0,0,0
15,221,80 04:21:33.567,9,131-13339000000,NRCellCU,00010,9,2,0,0,0,0
16,221,80 04:21:33.567,9,131-13339000000,NRCellCU,00010,9,13,0,0,0,0
17,221,80 04:21:33.567,9,131-13339000000,NRCellCU,00057,9,15,0,0,20,0
18,221,80 04:21:33.567,9,131-13339000000,NRCellCU,00057,9,2,0,0,10,0
19,221,80 04:21:33.567,9,131-13339000000,NRCellCU,00057,9,14,0,0,9,0
20,221,80 04:21:33.567,9,131-13339000000,NRCellCU,00057,9,8,0,0,0,0
21,221,80 04:21:33.567,9,131-13339000000,NRCellCU,00057,9,7,0,0,0,0
22,221,80 04:21:33.567,9,131-13339000000,NRCellCU,00057,9,5,0,0,0,0
23,221,80 04:21:33.567,9,131-13339000000,NRCellCU,00057,9,13,0,0,0,0
24,221,80 04:21:33.567,9,131-13339000000,NRCellCU,00057,9,6,0,0,0,0
25,221,80 04:21:33.567,9,131-13339000000,NRCellCU,00032,9,6,0,0,21,0
26,221,80 04:21:33.567,9,131-13339000000,NRCellCU,00032,9,13,0,0,3,0
27,221,80 04:21:33.567,9,131-13339000000,NRCellCU,00032,9,10,0,0,0,0
28,221,80 04:21:33.567,9,131-13339000000,NRCellCU,00032,9,15,0,0,0,0
29,221,80 04:21:33.567,9,131-13339000000,NRCellCU,00032,9,2,0,0,0,0
30,221,80 04:21:33.567,9,131-13339000000,NRCellCU,00032,9,5,0,0,0,0
31,221,80 04:21:33.567,9,131-13339000000,NRCellCU,00032,9,7,0,0,0,0
32,221,80 04:21:33.567,9,131-13339000000,NRCellCU,00032,9,14,0,0,0,0
1,222,80 04:21:33.567,2,131-13332000000,NRCellCU,00052,2,12,0,0,9,0
2,222,80 04:21:33.567,2,131-13332000000,NRCellCU,00052,2,3,0,0,1,0
3,222,80 04:21:33.567,2,131-13332000000,NRCellCU,00052,2,7,0,0,0,0
4,222,80 04:21:33.567,2,131-13332000000,NRCellCU,00052,2,5,0,0,0,0
5,222,80 04:21:33.567,2,131-13332000000,NRCellCU,00052,2,9,0,0,0,0
6,222,80 04:21:33.567,2,131-13332000000,NRCellCU,00052,2,13,0,0,0,0
7,222,80 04:21:33.567,2,131-13332000000,NRCellCU,00052,2,4,0,0,0,0
8,222,80 04:21:33.567,2,131-13332000000,NRCellCU,00052,2,8,0,0,0,0
9,222,80 04:21:33.567,2,131-13332000000,NRCellCU,00040,2,9,0,0,12,0
10,222,80 04:21:33.567,2,131-13332000000,NRCellCU,00040,2,5,0,0,6,0
11,222,80 04:21:33.567,2,131-13332000000,NRCellCU,00040,2,4,0,0,0,0
12,222,80 04:21:33.567,2,131-13332000000,NRCellCU,00040,2,6,0,0,0,0
13,222,80 04:21:33.567,2,131-13332000000,NRCellCU,00040,2,10,0,0,0,0
14,222,80 04:21:33.567,2,131-13332000000,NRCellCU,00040,2,12,0,0,0,0
15,222,80 04:21:33.567,2,131-13332000000,NRCellCU,00040,2,3,0,0,0,0
16,222,80 04:21:33.567,2,131-13332000000,NRCellCU,00040,2,11,0,0,0,0
17,222,80 04:21:33.567,2,131-13332000000,NRCellCU,00006,2,7,0,0,16,0
18,222,80 04:21:33.567,2,131-13332000000,NRCellCU,00006,2,4,0,0,15,0
19,222,80 04:21:33.567,2,131-13332000000,NRCellCU,00006,2,11,0,0,0,0
20,222,80 04:21:33.567,2,131-13332000000,NRCellCU,00006,2,10,0,0,0,0
21,222,80 04:21:33.567,2,131-13332000000,NRCellCU,00006,2,14,0,0,0,0
22,222,80 04:21:33.567,2,131-13332000000,NRCellCU,00006,2,6,0,0,0,0
23,222,80 04:21:33.567,2,131-13332000000,NRCellCU,00006,2,5,0,0,0,0
24,222,80 04:21:33.567,2,131-13332000000,NRCellCU,00006,2,3,0,0,0,0
1,223,80 04:21:33.567,12,131-13331320000,NRCellCU,00061,12,4,0,0,3,0
2,223,80 04:21:33.567,12,131-13331320000,NRCellCU,00061,12,7,0,0,0,0
3,223,80 04:21:33.567,12,131-13331320000,NRCellCU,00061,12,10,0,0,0,0
4,223,80 04:21:33.567,12,131-13331320000,NRCellCU,00061,12,3,0,0,0,0
5,223,80 04:21:33.567,12,131-13331320000,NRCellCU,00061,12,5,0,0,0,0
6,223,80 04:21:33.567,12,131-13331320000,NRCellCU,00061,12,9,0,0,0,0
7,223,80 04:21:33.567,12,131-13331320000,NRCellCU,00061,12,6,0,0,0,0
8,223,80 04:21:33.567,12,131-13331320000,NRCellCU,00061,12,14,0,0,0,0
9,223,80 04:21:33.567,12,131-13331320000,NRCellCU,00019,12,4,0,0,10,0
10,223,80 04:21:33.567,12,131-13331320000,NRCellCU,00019,12,10,0,0,5,0
11,223,80 04:21:33.567,12,131-13331320000,NRCellCU,00019,12,11,0,0,4,0
12,223,80 04:21:33.567,12,131-13331320000,NRCellCU,00019,12,14,0,0,0,0
13,223,80 04:21:33.567,12,131-13331320000,NRCellCU,00019,12,7,0,0,0,0
14,223,80 04:21:33.567,12,131-13331320000,NRCellCU,00019,12,8,0,0,0,0
15,223,80 04:21:33.567,12,131-13331320000,NRCellCU,00019,12,2,0,0,0,0
16,223,80 04:21:33.567,12,131-13331320000,NRCellCU,00019,12,6,0,0,0,0
17,223,80 04:21:33.567,12,131-13331320000,NRCellCU,00064,12,7,0,0,14,0
18,223,80 04:21:33.567,12,131-13331320000,NRCellCU,00064,12,5,0,0,0,0
19,223,80 04:21:33.567,12,131-13331320000,NRCellCU,00064,12,10,0,0,0,0
20,223,80 04:21:33.567,12,131-13331320000,NRCellCU,00064,12,4,0,0,0,0
21,223,80 04:21:33.567,12,131-13331320000,NRCellCU,00064,12,14,0,0,0,0
22,223,80 04:21:33.567,12,131-13331320000,NRCellCU,00064,12,15,0,0,0,0
23,223,80 04:21:33.567,12,131-13331320000,NRCellCU,00064,12,11,0,0,0,0
24,223,80 04:21:33.567,12,131-13331320000,NRCellCU,00064,12,6,0,0,0,0
1,224,80 04:21:33.567,8,131-13338000000,NRCellCU,00056,8,9,0,0,19,0
2,224,80 04:21:33.567,8,131-13338000000,NRCellCU,00056,8,5,0,0,14,0
3,224,80 04:21:33.567,8,131-13338000000,NRCellCU,00056,8,13,0,0,3,0
4,224,80 04:21:33.567,8,131-13338000000,NRCellCU,00056,8,3,0,0,2,0
5,224,80 04:21:33.567,8,131-13338000000,NRCellCU,00056,8,2,0,0,2,0
6,224,80 04:21:33.567,8,131-13338000000,NRCellCU,00056,8,11,0,0,0,0
7,224,80 04:21:33.567,8,131-13338000000,NRCellCU,00056,8,12,0,0,0,0
8,224,80 04:21:33.567,8,131-13338000000,NRCellCU,00056,8,10,0,0,0,0
9,224,80 04:21:33.567,8,131-13338000000,NRCellCU,00021,8,9,0,0,7,0
10,224,80 04:21:33.567,8,131-13338000000,NRCellCU,00021,8,3,0,0,0,0
11,224,80 04:21:33.567,8,131-13338000000,NRCellCU,00021,8,11,0,0,0,0
12,224,80 04:21:33.567,8,131-13338000000,NRCellCU,00021,8,15,0,0,0,0
13,224,80 04:21:33.567,8,131-13338000000,NRCellCU,00021,8,12,0,0,0,0
14,224,80 04:21:33.567,8,131-13338000000,NRCellCU,00021,8,13,0,0,0,0
15,224,80 04:21:33.567,8,131-13338000000,NRCellCU,00021,8,5,0,0,0,0
16,224,80 04:21:33.567,8,131-13338000000,NRCellCU,00021,8,6,0,0,0,0
17,224,80 04:21:33.567,8,131-13338000000,NRCellCU,00033,8,3,0,0,31,0
18,224,80 04:21:33.567,8,131-13338000000,NRCellCU,00033,8,2,0,0,13,0
19,224,80 04:21:33.567,8,131-13338000000,NRCellCU,00033,8,11,0,0,0,0
20,224,80 04:21:33.567,8,131-13338000000,NRCellCU,00033,8,15,0,0,0,0
21,224,80 04:21:33.567,8,131-13338000000,NRCellCU,00033,8,12,0,0,0,0
22,224,80 04:21:33.567,8,131-13338000000,NRCellCU,00033,8,14,0,0,0,0
23,224,80 04:21:33.567,8,131-13338000000,NRCellCU,00033,8,9,0,0,0,0
24,224,80 04:21:33.567,8,131-13338000000,NRCellCU,00033,8,7,0,0,0,0
1,225,80 04:21:33.567,2,131-13332000000,NRCellCU,00006,2,4,0,0,12,0
2,225,80 04:21:33.567,2,131-13332000000,NRCellCU,00006,2,7,0,0,7,0
3,225,80 04:21:33.567,2,131-13332000000,NRCellCU,00006,2,11,0,0,0,0
4,225,80 04:21:33.567,2,131-13332000000,NRCellCU,00006,2,10,0,0,0,0
5,225,80 04:21:33.567,2,131-13332000000,NRCellCU,00006,2,6,0,0,0,0
6,225,80 04:21:33.567,2,131-13332000000,NRCellCU,00006,2,3,0,0,0,0
7,225,80 04:21:33.567,2,131-13332000000,NRCellCU,00006,2,5,0,0,0,0
8,225,80 04:21:33.567,2,131-13332000000,NRCellCU,00006,2,14,0,0,0,0
9,225,80 04:21:33.567,2,131-13332000000,NRCellCU,00040,2,9,0,0,6,0
10,225,80 04:21:33.567,2,131-13332000000,NRCellCU,00040,2,5,0,0,6,0
11,225,80 04:21:33.567,2,131-13332000000,NRCellCU,00040,2,6,0,0,0,0
12,225,80 04:21:33.567,2,131-13332000000,NRCellCU,00040,2,4,0,0,0,0
13,225,80 04:21:33.567,2,131-13332000000,NRCellCU,00040,2,10,0,0,0,0
14,225,80 04:21:33.567,2,131-13332000000,NRCellCU,00040,2,12,0,0,0,0
15,225,80 04:21:33.567,2,131-13332000000,NRCellCU,00040,2,11,0,0,0,0
16,225,80 04:21:33.567,2,131-13332000000,NRCellCU,00040,2,7,0,0,0,0
17,225,80 04:21:33.567,2,131-13332000000,NRCellCU,00052,2,12,0,0,11,0
18,225,80 04:21:33.567,2,131-13332000000,NRCellCU,00052,2,7,0,0,4,0
19,225,80 04:21:33.567,2,131-13332000000,NRCellCU,00052,2,3,0,0,2,0
20,225,80 04:21:33.567,2,131-13332000000,NRCellCU,00052,2,5,0,0,0,0
21,225,80 04:21:33.567,2,131-13332000000,NRCellCU,00052,2,10,0,0,0,0
22,225,80 04:21:33.567,2,131-13332000000,NRCellCU,00052,2,13,0,0,0,0
23,225,80 04:21:33.567,2,131-13332000000,NRCellCU,00052,2,8,0,0,0,0
24,225,80 04:21:33.567,2,131-13332000000,NRCellCU,00052,2,9,0,0,0,0
1,226,80 04:21:33.568,13,131-13331330000,NRCellCU,00066,13,6,0,0,2,0
2,226,80 04:21:33.568,13,131-13331330000,NRCellCU,00066,13,5,0,0,0,0
3,226,80 04:21:33.568,13,131-13331330000,NRCellCU,00066,13,2,0,0,0,0
4,226,80 04:21:33.568,13,131-13331330000,NRCellCU,00066,13,11,0,0,0,0
5,226,80 04:21:33.568,13,131-13331330000,NRCellCU,00066,13,8,0,0,0,0
6,226,80 04:21:33.568,13,131-13331330000,NRCellCU,00066,13,15,0,0,0,0
7,226,80 04:21:33.568,13,131-13331330000,NRCellCU,00066,13,9,0,0,0,0
8,226,80 04:21:33.568,13,131-13331330000,NRCellCU,00066,13,12,0,0,0,0
9,226,80 04:21:33.568,13,131-13331330000,NRCellCU,00005,13,5,0,0,19,0
10,226,80 04:21:33.568,13,131-13331330000,NRCellCU,00005,13,8,0,0,5,0
11,226,80 04:21:33.568,13,131-13331330000,NRCellCU,00005,13,6,0,0,0,0
12,226,80 04:21:33.568,13,131-13331330000,NRCellCU,00005,13,4,0,0,0,0
13,226,80 04:21:33.568,13,131-13331330000,NRCellCU,00005,13,10,0,0,0,0
14,226,80 04:21:33.568,13,131-13331330000,NRCellCU,00005,13,11,0,0,0,0
15,226,80 04:21:33.568,13,131-13331330000,NRCellCU,00005,13,9,0,0,0,0
16,226,80 04:21:33.568,13,131-13331330000,NRCellCU,00005,13,15,0,0,0,0
17,226,80 04:21:33.568,13,131-13331330000,NRCellCU,00067,13,5,0,0,20,0
18,226,80 04:21:33.568,13,131-13331330000,NRCellCU,00067,13,9,0,0,1,0
19,226,80 04:21:33.568,13,131-13331330000,NRCellCU,00067,13,4,0,0,0,0
20,226,80 04:21:33.568,13,131-13331330000,NRCellCU,00067,13,6,0,0,0,0
21,226,80 04:21:33.568,13,131-13331330000,NRCellCU,00067,13,7,0,0,0,0
22,226,80 04:21:33.568,13,131-13331330000,NRCellCU,00067,13,3,0,0,0,0
23,226,80 04:21:33.568,13,131-13331330000,NRCellCU,00067,13,2,0,0,0,0
24,226,80 04:21:33.568,13,131-13331330000,NRCellCU,00067,13,8,0,0,0,0
25,226,80 04:21:33.568,13,131-13331330000,NRCellCU,00014,13,5,0,0,14,0
26,226,80 04:21:33.568,13,131-13331330000,NRCellCU,00014,13,9,0,0,0,0
27,226,80 04:21:33.568,13,131-13331330000,NRCellCU,00014,13,11,0,0,0,0
28,226,80 04:21:33.568,13,131-13331330000,NRCellCU,00014,13,14,0,0,0,0
29,226,80 04:21:33.568,13,131-13331330000,NRCellCU,00014,13,2,0,0,0,0
30,226,80 04:21:33.568,13,131-13331330000,NRCellCU,00014,13,10,0,0,0,0
31,226,80 04:21:33.568,13,131-13331330000,NRCellCU,00014,13,6,0,0,0,0
32,226,80 04:21:33.568,13,131-13331330000,NRCellCU,00014,13,8,0,0,0,0
1,227,80 04:21:33.568,9,131-13339000000,NRCellCU,00010,9,5,0,0,21,0
2,227,80 04:21:33.568,9,131-13339000000,NRCellCU,00010,9,14,0,0,14,0
3,227,80 04:21:33.568,9,131-13339000000,NRCellCU,00010,9,12,0,0,0,0
4,227,80 04:21:33.568,9,131-13339000000,NRCellCU,00010,9,6,0,0,0,0
5,227,80 04:21:33.568,9,131-13339000000,NRCellCU,00010,9,2,0,0,0,0
6,227,80 04:21:33.568,9,131-13339000000,NRCellCU,00010,9,13,0,0,0,0
7,227,80 04:21:33.568,9,131-13339000000,NRCellCU,00010,9,11,0,0,0,0
8,227,80 04:21:33.568,9,131-13339000000,NRCellCU,00010,9,8,0,0,0,0
9,227,80 04:21:33.568,9,131-13339000000,NRCellCU,00032,9,6,0,0,20,0
10,227,80 04:21:33.568,9,131-13339000000,NRCellCU,00032,9,10,0,0,10,0
11,227,80 04:21:33.568,9,131-13339000000,NRCellCU,00032,9,15,0,0,0,0
12,227,80 04:21:33.568,9,131-13339000000,NRCellCU,00032,9,13,0,0,0,0
13,227,80 04:21:33.568,9,131-13339000000,NRCellCU,00032,9,2,0,0,0,0
14,227,80 04:21:33.568,9,131-13339000000,NRCellCU,00032,9,5,0,0,0,0
15,227,80 04:21:33.568,9,131-13339000000,NRCellCU,00032,9,7,0,0,0,0
16,227,80 04:21:33.568,9,131-13339000000,NRCellCU,00032,9,12,0,0,0,0
17,227,80 04:21:33.568,9,131-13339000000,NRCellCU,00057,9,14,0,0,14,0
18,227,80 04:21:33.568,9,131-13339000000,NRCellCU,00057,9,2,0,0,12,0
19,227,80 04:21:33.568,9,131-13339000000,NRCellCU,00057,9,15,0,0,9,0
20,227,80 04:21:33.568,9,131-13339000000,NRCellCU,00057,9,8,0,0,0,0
21,227,80 04:21:33.568,9,131-13339000000,NRCellCU,00057,9,5,0,0,0,0
22,227,80 04:21:33.568,9,131-13339000000,NRCellCU,00057,9,13,0,0,0,0
23,227,80 04:21:33.568,9,131-13339000000,NRCellCU,00057,9,4,0,0,0,0
24,227,80 04:21:33.568,9,131-13339000000,NRCellCU,00057,9,7,0,0,0,0
25,227,80 04:21:33.568,9,131-13339000000,NRCellCU,00025,9,2,0,0,24,0
26,227,80 04:21:33.568,9,131-13339000000,NRCellCU,00025,9,6,0,0,0,0
27,227,80 04:21:33.568,9,131-13339000000,NRCellCU,00025,9,5,0,0,0,0
28,227,80 04:21:33.568,9,131-13339000000,NRCellCU,00025,9,4,0,0,0,0
29,227,80 04:21:33.568,9,131-13339000000,NRCellCU,00025,9,3,0,0,0,0
30,227,80 04:21:33.568,9,131-13339000000,NRCellCU,00025,9,13,0,0,0,0
31,227,80 04:21:33.568,9,131-13339000000,NRCellCU,00025,9,11,0,0,0,0
32,227,80 04:21:33.568,9,131-13339000000,NRCellCU,00025,9,12,0,0,0,0
1,228,80 04:21:33.568,15,131-13331350000,NRCellCU,00051,15,3,0,0,2,0
2,228,80 04:21:33.568,15,131-13331350000,NRCellCU,00051,15,7,0,0,0,0
3,228,80 04:21:33.568,15,131-13331350000,NRCellCU,00051,15,4,0,0,0,0
4,228,80 04:21:33.568,15,131-13331350000,NRCellCU,00051,15,11,0,0,0,0
5,228,80 04:21:33.568,15,131-13331350000,NRCellCU,00051,15,5,0,0,0,0
6,228,80 04:21:33.568,15,131-13331350000,NRCellCU,00051,15,8,0,0,0,0
7,228,80 04:21:33.568,15,131-13331350000,NRCellCU,00051,15,9,0,0,0,0
8,228,80 04:21:33.568,15,131-13331350000,NRCellCU,00051,15,10,0,0,0,0
9,228,80 04:21:33.568,15,131-13331350000,NRCellCU,00037,15,11,0,0,4,0
10,228,80 04:21:33.568,15,131-13331350000,NRCellCU,00037,15,5,0,0,0,0
11,228,80 04:21:33.568,15,131-13331350000,NRCellCU,00037,15,3,0,0,0,0
12,228,80 04:21:33.568,15,131-13331350000,NRCellCU,00037,15,7,0,0,0,0
13,228,80 04:21:33.568,15,131-13331350000,NRCellCU,00037,15,8,0,0,0,0
14,228,80 04:21:33.568,15,131-13331350000,NRCellCU,00037,15,12,0,0,0,0
15,228,80 04:21:33.568,15,131-13331350000,NRCellCU,00037,15,2,0,0,0,0
16,228,80 04:21:33.568,15,131-13331350000,NRCellCU,00037,15,10,0,0,0,0
1,229,80 04:21:33.568,7,131-13337000000,NRCellCU,00012,7,11,0,0,4,0
2,229,80 04:21:33.568,7,131-13337000000,NRCellCU,00012,7,3,0,0,0,0
3,229,80 04:21:33.568,7,131-13337000000,NRCellCU,00012,7,15,0,0,0,0
4,229,80 04:21:33.568,7,131-13337000000,NRCellCU,00012,7,5,0,0,0,0
5,229,80 04:21:33.568,7,131-13337000000,NRCellCU,00012,7,8,0,0,0,0
6,229,80 04:21:33.568,7,131-13337000000,NRCellCU,00012,7,4,0,0,0,0
7,229,80 04:21:33.568,7,131-13337000000,NRCellCU,00012,7,10,0,0,0,0
8,229,80 04:21:33.568,7,131-13337000000,NRCellCU,00012,7,9,0,0,0,0
9,229,80 04:21:33.568,7,131-13337000000,NRCellCU,00015,7,3,0,0,21,0
10,229,80 04:21:33.568,7,131-13337000000,NRCellCU,00015,7,12,0,0,0,0
11,229,80 04:21:33.568,7,131-13337000000,NRCellCU,00015,7,11,0,0,0,0
12,229,80 04:21:33.568,7,131-13337000000,NRCellCU,00015,7,15,0,0,0,0
13,229,80 04:21:33.568,7,131-13337000000,NRCellCU,00015,7,10,0,0,0,0
14,229,80 04:21:33.568,7,131-13337000000,NRCellCU,00015,7,8,0,0,0,0
15,229,80 04:21:33.568,7,131-13337000000,NRCellCU,00015,7,2,0,0,0,0
16,229,80 04:21:33.568,7,131-13337000000,NRCellCU,00015,7,5,0,0,0,0
17,229,80 04:21:33.568,7,131-13337000000,NRCellCU,00008,7,3,0,0,26,0
18,229,80 04:21:33.568,7,131-13337000000,NRCellCU,00008,7,12,0,0,10,0
19,229,80 04:21:33.568,7,131-13337000000,NRCellCU,00008,7,8,0,0,7,0
20,229,80 04:21:33.568,7,131-13337000000,NRCellCU,00008,7,11,0,0,0,0
21,229,80 04:21:33.568,7,131-13337000000,NRCellCU,00008,7,15,0,0,0,0
22,229,80 04:21:33.568,7,131-13337000000,NRCellCU,00008,7,6,0,0,0,0
23,229,80 04:21:33.568,7,131-13337000000,NRCellCU,00008,7,13,0,0,0,0
24,229,80 04:21:33.568,7,131-13337000000,NRCellCU,00008,7,5,0,0,0,0
25,229,80 04:21:33.568,7,131-13337000000,NRCellCU,00062,7,9,0,0,14,0
26,229,80 04:21:33.568,7,131-13337000000,NRCellCU,00062,7,11,0,0,11,0
27,229,80 04:21:33.568,7,131-13337000000,NRCellCU,00062,7,3,0,0,8,0
28,229,80 04:21:33.568,7,131-13337000000,NRCellCU,00062,7,5,0,0,0,0
29,229,80 04:21:33.568,7,131-13337000000,NRCellCU,00062,7,15,0,0,0,0
30,229,80 04:21:33.568,7,131-13337000000,NRCellCU,00062,7,8,0,0,0,0
31,229,80 04:21:33.568,7,131-13337000000,NRCellCU,00062,7,12,0,0,0,0
32,229,80 04:21:33.568,7,131-13337000000,NRCellCU,00062,7,2,0,0,0,0
1,230,80 04:21:33.569,12,131-13331320000,NRCellCU,00061,12,4,0,0,0,0
2,230,80 04:21:33.569,12,131-13331320000,NRCellCU,00061,12,10,0,0,0,0
3,230,80 04:21:33.569,12,131-13331320000,NRCellCU,00061,12,3,0,0,0,0
4,230,80 04:21:33.569,12,131-13331320000,NRCellCU,00061,12,5,0,0,0,0
5,230,80 04:21:33.569,12,131-13331320000,NRCellCU,00061,12,7,0,0,0,0
6,230,80 04:21:33.569,12,131-13331320000,NRCellCU,00061,12,9,0,0,0,0
7,230,80 04:21:33.569,12,131-13331320000,NRCellCU,00061,12,6,0,0,0,0
8,230,80 04:21:33.569,12,131-13331320000,NRCellCU,00061,12,11,0,0,0,0
9,230,80 04:21:33.569,12,131-13331320000,NRCellCU,00064,12,7,0,0,14,0
10,230,80 04:21:33.569,12,131-13331320000,NRCellCU,00064,12,10,0,0,0,0
11,230,80 04:21:33.569,12,131-13331320000,NRCellCU,00064,12,5,0,0,0,0
12,230,80 04:21:33.569,12,131-13331320000,NRCellCU,00064,12,4,0,0,0,0
13,230,80 04:21:33.569,12,131-13331320000,NRCellCU,00064,12,15,0,0,0,0
14,230,80 04:21:33.569,12,131-13331320000,NRCellCU,00064,12,11,0,0,0,0
15,230,80 04:21:33.569,12,131-13331320000,NRCellCU,00064,12,14,0,0,0,0
16,230,80 04:21:33.569,12,131-13331320000,NRCellCU,00064,12,3,0,0,0,0
1,231,80 04:21:33.569,8,131-13338000000,NRCellCU,00056,8,5,0,0,13,0
2,231,80 04:21:33.569,8,131-13338000000,NRCellCU,00056,8,3,0,0,3,0
3,231,80 04:21:33.569,8,131-13338000000,NRCellCU,00056,8,13,0,0,3,0
4,231,80 04:21:33.569,8,131-13338000000,NRCellCU,00056,8,11,0,0,2,0
5,231,80 04:21:33.569,8,131-13338000000,NRCellCU,00056,8,2,0,0,0,0
6,231,80 04:21:33.569,8,131-13338000000,NRCellCU,00056,8,9,0,0,0,0
7,231,80 04:21:33.569,8,131-13338000000,NRCellCU,00056,8,12,0,0,0,0
8,231,80 04:21:33.569,8,131-13338000000,NRCellCU,00056,8,10,0,0,0,0
9,231,80 04:21:33.569,8,131-13338000000,NRCellCU,00021,8,9,0,0,3,0
10,231,80 04:21:33.569,8,131-13338000000,NRCellCU,00021,8,15,0,0,0,0
11,231,80 04:21:33.569,8,131-13338000000,NRCellCU,00021,8,3,0,0,0,0
12,231,80 04:21:33.569,8,131-13338000000,NRCellCU,00021,8,11,0,0,0,0
13,231,80 04:21:33.569,8,131-13338000000,NRCellCU,00021,8,5,0,0,0,0
14,231,80 04:21:33.569,8,131-13338000000,NRCellCU,00021,8,2,0,0,0,0
15,231,80 04:21:33.569,8,131-13338000000,NRCellCU,00021,8,6,0,0,0,0
16,231,80 04:21:33.569,8,131-13338000000,NRCellCU,00021,8,13,0,0,0,0
17,231,80 04:21:33.569,8,131-13338000000,NRCellCU,00033,8,3,0,0,34,0
18,231,80 04:21:33.569,8,131-13338000000,NRCellCU,00033,8,2,0,0,15,0
19,231,80 04:21:33.569,8,131-13338000000,NRCellCU,00033,8,15,0,0,0,0
20,231,80 04:21:33.569,8,131-13338000000,NRCellCU,00033,8,11,0,0,0,0
21,231,80 04:21:33.569,8,131-13338000000,NRCellCU,00033,8,12,0,0,0,0
22,231,80 04:21:33.569,8,131-13338000000,NRCellCU,00033,8,5,0,0,0,0
23,231,80 04:21:33.569,8,131-13338000000,NRCellCU,00033,8,9,0,0,0,0
24,231,80 04:21:33.569,8,131-13338000000,NRCellCU,00033,8,14,0,0,0,0
1,232,80 04:21:33.569,8,131-13338000000,NRCellCU,00033,8,3,0,0,31,0
2,232,80 04:21:33.569,8,131-13338000000,NRCellCU,00033,8,2,0,0,6,0
3,232,80 04:21:33.569,8,131-13338000000,NRCellCU,00033,8,11,0,0,0,0
4,232,80 04:21:33.569,8,131-13338000000,NRCellCU,00033,8,5,0,0,0,0
5,232,80 04:21:33.569,8,131-13338000000,NRCellCU,00033,8,15,0,0,0,0
6,232,80 04:21:33.569,8,131-13338000000,NRCellCU,00033,8,14,0,0,0,0
7,232,80 04:21:33.569,8,131-13338000000,NRCellCU,00033,8,9,0,0,0,0
8,232,80 04:21:33.569,8,131-13338000000,NRCellCU,00033,8,12,0,0,0,0
9,232,80 04:21:33.569,8,131-13338000000,NRCellCU,00021,8,9,0,0,13,0
10,232,80 04:21:33.569,8,131-13338000000,NRCellCU,00021,8,11,0,0,9,0
11,232,80 04:21:33.569,8,131-13338000000,NRCellCU,00021,8,15,0,0,0,0
12,232,80 04:21:33.569,8,131-13338000000,NRCellCU,00021,8,3,0,0,0,0
13,232,80 04:21:33.569,8,131-13338000000,NRCellCU,00021,8,5,0,0,0,0
14,232,80 04:21:33.569,8,131-13338000000,NRCellCU,00021,8,2,0,0,0,0
15,232,80 04:21:33.569,8,131-13338000000,NRCellCU,00021,8,6,0,0,0,0
16,232,80 04:21:33.569,8,131-13338000000,NRCellCU,00021,8,12,0,0,0,0
17,232,80 04:21:33.569,8,131-13338000000,NRCellCU,00037,8,11,0,0,10,0
18,232,80 04:21:33.569,8,131-13338000000,NRCellCU,00037,8,15,0,0,3,0
19,232,80 04:21:33.569,8,131-13338000000,NRCellCU,00037,8,2,0,0,0,0
20,232,80 04:21:33.569,8,131-13338000000,NRCellCU,00037,8,12,0,0,0,0
21,232,80 04:21:33.569,8,131-13338000000,NRCellCU,00037,8,7,0,0,0,0
22,232,80 04:21:33.569,8,131-13338000000,NRCellCU,00037,8,5,0,0,0,0
23,232,80 04:21:33.569,8,131-13338000000,NRCellCU,00037,8,3,0,0,0,0
24,232,80 04:21:33.569,8,131-13338000000,NRCellCU,00037,8,13,0,0,0,0
25,232,80 04:21:33.569,8,131-13338000000,NRCellCU,00056,8,5,0,0,13,0
26,232,80 04:21:33.569,8,131-13338000000,NRCellCU,00056,8,3,0,0,8,0
27,232,80 04:21:33.569,8,131-13338000000,NRCellCU,00056,8,2,0,0,4,0
28,232,80 04:21:33.569,8,131-13338000000,NRCellCU,00056,8,13,0,0,3,0
29,232,80 04:21:33.569,8,131-13338000000,NRCellCU,00056,8,11,0,0,0,0
30,232,80 04:21:33.569,8,131-13338000000,NRCellCU,00056,8,9,0,0,0,0
31,232,80 04:21:33.569,8,131-13338000000,NRCellCU,00056,8,12,0,0,0,0
32,232,80 04:21:33.569,8,131-13338000000,NRCellCU,00056,8,10,0,0,0,0
1,233,80 04:21:33.569,8,131-13338000000,NRCellCU,00021,8,9,0,0,3,0
2,233,80 04:21:33.569,8,131-13338000000,NRCellCU,00021,8,3,0,0,0,0
3,233,80 04:21:33.569,8,131-13338000000,NRCellCU,00021,8,15,0,0,0,0
4,233,80 04:21:33.569,8,131-13338000000,NRCellCU,00021,8,5,0,0,0,0
5,233,80 04:21:33.569,8,131-13338000000,NRCellCU,00021,8,2,0,0,0,0
6,233,80 04:21:33.569,8,131-13338000000,NRCellCU,00021,8,12,0,0,0,0
7,233,80 04:21:33.569,8,131-13338000000,NRCellCU,00021,8,6,0,0,0,0
8,233,80 04:21:33.569,8,131-13338000000,NRCellCU,00021,8,11,0,0,0,0
9,233,80 04:21:33.569,8,131-13338000000,NRCellCU,00037,8,15,0,0,7,0
10,233,80 04:21:33.569,8,131-13338000000,NRCellCU,00037,8,12,0,0,6,0
11,233,80 04:21:33.569,8,131-13338000000,NRCellCU,00037,8,11,0,0,4,0
12,233,80 04:21:33.569,8,131-13338000000,NRCellCU,00037,8,3,0,0,0,0
13,233,80 04:21:33.569,8,131-13338000000,NRCellCU,00037,8,2,0,0,0,0
14,233,80 04:21:33.569,8,131-13338000000,NRCellCU,00037,8,7,0,0,0,0
15,233,80 04:21:33.569,8,131-13338000000,NRCellCU,00037,8,10,0,0,0,0
16,233,80 04:21:33.569,8,131-13338000000,NRCellCU,00037,8,5,0,0,0,0
17,233,80 04:21:33.569,8,131-13338000000,NRCellCU,00056,8,5,0,0,18,0
18,233,80 04:21:33.569,8,131-13338000000,NRCellCU,00056,8,2,0,0,14,0
19,233,80 04:21:33.569,8,131-13338000000,NRCellCU,00056,8,13,0,0,13,0
20,233,80 04:21:33.569,8,131-13338000000,NRCellCU,00056,8,3,0,0,5,0
21,233,80 04:21:33.569,8,131-13338000000,NRCellCU,00056,8,11,0,0,3,0
22,233,80 04:21:33.569,8,131-13338000000,NRCellCU,00056,8,9,0,0,1,0
23,233,80 04:21:33.569,8,131-13338000000,NRCellCU,00056,8,12,0,0,0,0
24,233,80 04:21:33.569,8,131-13338000000,NRCellCU,00056,8,10,0,0,0,0
1,234,80 04:21:33.570,9,131-13339000000,NRCellCU,00025,9,5,0,0,15,0
2,234,80 04:21:33.570,9,131-13339000000,NRCellCU,00025,9,2,0,0,14,0
3,234,80 04:21:33.570,9,131-13339000000,NRCellCU,00025,9,6,0,0,0,0
4,234,80 04:21:33.570,9,131-13339000000,NRCellCU,00025,9,3,0,0,0,0
5,234,80 04:21:33.570,9,131-13339000000,NRCellCU,00025,9,13,0,0,0,0
6,234,80 04:21:33.570,9,131-13339000000,NRCellCU,00025,9,11,0,0,0,0
7,234,80 04:21:33.570,9,131-13339000000,NRCellCU,00025,9,15,0,0,0,0
8,234,80 04:21:33.570,9,131-13339000000,NRCellCU,00025,9,12,0,0,0,0
9,234,80 04:21:33.570,9,131-13339000000,NRCellCU,00010,9,5,0,0,28,0
10,234,80 04:21:33.570,9,131-13339000000,NRCellCU,00010,9,14,0,0,16,0
11,234,80 04:21:33.570,9,131-13339000000,NRCellCU,00010,9,6,0,0,0,0
12,234,80 04:21:33.570,9,131-13339000000,NRCellCU,00010,9,12,0,0,0,0
13,234,80 04:21:33.570,9,131-13339000000,NRCellCU,00010,9,13,0,0,0,0
14,234,80 04:21:33.570,9,131-13339000000,NRCellCU,00010,9,2,0,0,0,0
15,234,80 04:21:33.570,9,131-13339000000,NRCellCU,00010,9,11,0,0,0,0
16,234,80 04:21:33.570,9,131-13339000000,NRCellCU,00010,9,8,0,0,0,0
17,234,80 04:21:33.570,9,131-13339000000,NRCellCU,00032,9,6,0,0,6,0
18,234,80 04:21:33.570,9,131-13339000000,NRCellCU,00032,9,2,0,0,3,0
19,234,80 04:21:33.570,9,131-13339000000,NRCellCU,00032,9,10,0,0,1,0
20,234,80 04:21:33.570,9,131-13339000000,NRCellCU,00032,9,13,0,0,0,0
21,234,80 04:21:33.570,9,131-13339000000,NRCellCU,00032,9,15,0,0,0,0
22,234,80 04:21:33.570,9,131-13339000000,NRCellCU,00032,9,5,0,0,0,0
23,234,80 04:21:33.570,9,131-13339000000,NRCellCU,00032,9,7,0,0,0,0
24,234,80 04:21:33.570,9,131-13339000000,NRCellCU,00032,9,14,0,0,0,0
25,234,80 04:21:33.570,9,131-13339000000,NRCellCU,00057,9,15,0,0,7,0
26,234,80 04:21:33.570,9,131-13339000000,NRCellCU,00057,9,2,0,0,5,0
27,234,80 04:21:33.570,9,131-13339000000,NRCellCU,00057,9,13,0,0,2,0
28,234,80 04:21:33.570,9,131-13339000000,NRCellCU,00057,9,14,0,0,0,0
29,234,80 04:21:33.570,9,131-13339000000,NRCellCU,00057,9,7,0,0,0,0
30,234,80 04:21:33.570,9,131-13339000000,NRCellCU,00057,9,8,0,0,0,0
31,234,80 04:21:33.570,9,131-13339000000,NRCellCU,00057,9,4,0,0,0,0
32,234,80 04:21:33.570,9,131-13339000000,NRCellCU,00057,9,6,0,0,0,0
1,235,80 04:21:33.570,2,131-13332000000,NRCellCU,00052,2,7,0,0,0,0
2,235,80 04:21:33.570,2,131-13332000000,NRCellCU,00052,2,6,0,0,0,0
3,235,80 04:21:33.570,2,131-13332000000,NRCellCU,00052,2,12,0,0,0,0
4,235,80 04:21:33.570,2,131-13332000000,NRCellCU,00052,2,5,0,0,0,0
5,235,80 04:21:33.570,2,131-13332000000,NRCellCU,00052,2,10,0,0,0,0
6,235,80 04:21:33.570,2,131-13332000000,NRCellCU,00052,2,4,0,0,0,0
7,235,80 04:21:33.570,2,131-13332000000,NRCellCU,00052,2,3,0,0,0,0
8,235,80 04:21:33.570,2,131-13332000000,NRCellCU,00052,2,8,0,0,0,0
9,235,80 04:21:33.570,2,131-13332000000,NRCellCU,00048,2,6,0,0,14,0
10,235,80 04:21:33.570,2,131-13332000000,NRCellCU,00048,2,9,0,0,12,0
11,235,80 04:21:33.570,2,131-13332000000,NRCellCU,00048,2,4,0,0,0,0
12,235,80 04:21:33.570,2,131-13332000000,NRCellCU,00048,2,12,0,0,0,0
13,235,80 04:21:33.570,2,131-13332000000,NRCellCU,00048,2,10,0,0,0,0
14,235,80 04:21:33.570,2,131-13332000000,NRCellCU,00048,2,3,0,0,0,0
15,235,80 04:21:33.570,2,131-13332000000,NRCellCU,00048,2,5,0,0,0,0
16,235,80 04:21:33.570,2,131-13332000000,NRCellCU,00048,2,7,0,0,0,0
17,235,80 04:21:33.570,2,131-13332000000,NRCellCU,00006,2,4,0,0,15,0
18,235,80 04:21:33.570,2,131-13332000000,NRCellCU,00006,2,7,0,0,4,0
19,235,80 04:21:33.570,2,131-13332000000,NRCellCU,00006,2,11,0,0,1,0
20,235,80 04:21:33.570,2,131-13332000000,NRCellCU,00006,2,6,0,0,0,0
21,235,80 04:21:33.570,2,131-13332000000,NRCellCU,00006,2,14,0,0,0,0
22,235,80 04:21:33.570,2,131-13332000000,NRCellCU,00006,2,5,0,0,0,0
23,235,80 04:21:33.570,2,131-13332000000,NRCellCU,00006,2,10,0,0,0,0
24,235,80 04:21:33.570,2,131-13332000000,NRCellCU,00006,2,3,0,0,0,0
25,235,80 04:21:33.570,2,131-13332000000,NRCellCU,00040,2,5,0,0,17,0
26,235,80 04:21:33.570,2,131-13332000000,NRCellCU,00040,2,6,0,0,3,0
27,235,80 04:21:33.570,2,131-13332000000,NRCellCU,00040,2,9,0,0,0,0
28,235,80 04:21:33.570,2,131-13332000000,NRCellCU,00040,2,3,0,0,0,0
29,235,80 04:21:33.570,2,131-13332000000,NRCellCU,00040,2,10,0,0,0,0
30,235,80 04:21:33.570,2,131-13332000000,NRCellCU,00040,2,12,0,0,0,0
31,235,80 04:21:33.570,2,131-13332000000,NRCellCU,00040,2,11,0,0,0,0
32,235,80 04:21:33.570,2,131-13332000000,NRCellCU,00040,2,15,0,0,0,0
1,237,80 04:21:33.570,8,131-13338000000,NRCellCU,00056,8,11,0,0,9,0
2,237,80 04:21:33.570,8,131-13338000000,NRCellCU,00056,8,5,0,0,9,0
3,237,80 04:21:33.570,8,131-13338000000,NRCellCU,00056,8,2,0,0,8,0
4,237,80 04:21:33.570,8,131-13338000000,NRCellCU,00056,8,13,0,0,6,0
5,237,80 04:21:33.570,8,131-13338000000,NRCellCU,00056,8,3,0,0,5,0
6,237,80 04:21:33.570,8,131-13338000000,NRCellCU,00056,8,9,0,0,0,0
7,237,80 04:21:33.570,8,131-13338000000,NRCellCU,00056,8,12,0,0,0,0
8,237,80 04:21:33.570,8,131-13338000000,NRCellCU,00056,8,14,0,0,0,0
9,237,80 04:21:33.570,8,131-13338000000,NRCellCU,00021,8,9,0,0,3,0
10,237,80 04:21:33.570,8,131-13338000000,NRCellCU,00021,8,15,0,0,0,0
11,237,80 04:21:33.570,8,131-13338000000,NRCellCU,00021,8,5,0,0,0,0
12,237,80 04:21:33.570,8,131-13338000000,NRCellCU,00021,8,3,0,0,0,0
13,237,80 04:21:33.570,8,131-13338000000,NRCellCU,00021,8,12,0,0,0,0
14,237,80 04:21:33.570,8,131-13338000000,NRCellCU,00021,8,6,0,0,0,0
15,237,80 04:21:33.570,8,131-13338000000,NRCellCU,00021,8,2,0,0,0,0
16,237,80 04:21:33.570,8,131-13338000000,NRCellCU,00021,8,13,0,0,0,0
17,237,80 04:21:33.570,8,131-13338000000,NRCellCU,00037,8,15,0,0,15,0
18,237,80 04:21:33.570,8,131-13338000000,NRCellCU,00037,8,12,0,0,6,0
19,237,80 04:21:33.570,8,131-13338000000,NRCellCU,00037,8,11,0,0,2,0
20,237,80 04:21:33.570,8,131-13338000000,NRCellCU,00037,8,2,0,0,0,0
21,237,80 04:21:33.570,8,131-13338000000,NRCellCU,00037,8,5,0,0,0,0
22,237,80 04:21:33.570,8,131-13338000000,NRCellCU,00037,8,7,0,0,0,0
23,237,80 04:21:33.570,8,131-13338000000,NRCellCU,00037,8,10,0,0,0,0
24,237,80 04:21:33.570,8,131-13338000000,NRCellCU,00037,8,3,0,0,0,0
1,238,80 04:21:33.570,14,131-13331340000,NRCellCU,00024,14,6,0,0,8,0
2,238,80 04:21:33.570,14,131-13331340000,NRCellCU,00024,14,13,0,0,0,0
3,238,80 04:21:33.570,14,131-13331340000,NRCellCU,00024,14,9,0,0,0,0
4,238,80 04:21:33.570,14,131-13331340000,NRCellCU,00024,14,12,0,0,0,0
5,238,80 04:21:33.570,14,131-13331340000,NRCellCU,00024,14,10,0,0,0,0
6,238,80 04:21:33.570,14,131-13331340000,NRCellCU,00024,14,5,0,0,0,0
7,238,80 04:21:33.570,14,131-13331340000,NRCellCU,00024,14,2,0,0,0,0
8,238,80 04:21:33.570,14,131-13331340000,NRCellCU,00024,14,7,0,0,0,0
9,238,80 04:21:33.570,14,131-13331340000,NRCellCU,00028,14,10,0,0,0,0
10,238,80 04:21:33.570,14,131-13331340000,NRCellCU,00028,14,6,0,0,0,0
11,238,80 04:21:33.570,14,131-13331340000,NRCellCU,00028,14,12,0,0,0,0
12,238,80 04:21:33.570,14,131-13331340000,NRCellCU,00028,14,13,0,0,0,0
13,238,80 04:21:33.570,14,131-13331340000,NRCellCU,00028,14,7,0,0,0,0
14,238,80 04:21:33.570,14,131-13331340000,NRCellCU,00028,14,4,0,0,0,0
15,238,80 04:21:33.570,14,131-13331340000,NRCellCU,00028,14,5,0,0,0,0
16,238,80 04:21:33.570,14,131-13331340000,NRCellCU,00028,14,2,0,0,0,0
17,238,80 04:21:33.570,14,131-13331340000,NRCellCU,00023,14,9,0,0,0,0
18,238,80 04:21:33.570,14,131-13331340000,NRCellCU,00023,14,10,0,0,0,0
19,238,80 04:21:33.570,14,131-13331340000,NRCellCU,00023,14,4,0,0,0,0
20,238,80 04:21:33.570,14,131-13331340000,NRCellCU,00023,14,13,0,0,0,0
21,238,80 04:21:33.570,14,131-13331340000,NRCellCU,00023,14,3,0,0,0,0
22,238,80 04:21:33.570,14,131-13331340000,NRCellCU,00023,14,2,0,0,0,0
23,238,80 04:21:33.570,14,131-13331340000,NRCellCU,00023,14,12,0,0,0,0
24,238,80 04:21:33.570,14,131-13331340000,NRCellCU,00023,14,5,0,0,0,0
1,239,80 04:21:33.571,14,131-13331340000,NRCellCU,00024,14,6,0,0,6,0
2,239,80 04:21:33.571,14,131-13331340000,NRCellCU,00024,14,10,0,0,0,0
3,239,80 04:21:33.571,14,131-13331340000,NRCellCU,00024,14,13,0,0,0,0
4,239,80 04:21:33.571,14,131-13331340000,NRCellCU,00024,14,5,0,0,0,0
5,239,80 04:21:33.571,14,131-13331340000,NRCellCU,00024,14,12,0,0,0,0
6,239,80 04:21:33.571,14,131-13331340000,NRCellCU,00024,14,4,0,0,0,0
7,239,80 04:21:33.571,14,131-13331340000,NRCellCU,00024,14,9,0,0,0,0
8,239,80 04:21:33.571,14,131-13331340000,NRCellCU,00024,14,15,0,0,0,0
9,239,80 04:21:33.571,14,131-13331340000,NRCellCU,00028,14,10,0,0,8,0
10,239,80 04:21:33.571,14,131-13331340000,NRCellCU,00028,14,6,0,0,2,0
11,239,80 04:21:33.571,14,131-13331340000,NRCellCU,00028,14,13,0,0,0,0
12,239,80 04:21:33.571,14,131-13331340000,NRCellCU,00028,14,12,0,0,0,0
13,239,80 04:21:33.571,14,131-13331340000,NRCellCU,00028,14,4,0,0,0,0
14,239,80 04:21:33.571,14,131-13331340000,NRCellCU,00028,14,2,0,0,0,0
15,239,80 04:21:33.571,14,131-13331340000,NRCellCU,00028,14,5,0,0,0,0
16,239,80 04:21:33.571,14,131-13331340000,NRCellCU,00028,14,9,0,0,0,0
17,239,80 04:21:33.571,14,131-13331340000,NRCellCU,00023,14,9,0,0,0,0
18,239,80 04:21:33.571,14,131-13331340000,NRCellCU,00023,14,4,0,0,0,0
19,239,80 04:21:33.571,14,131-13331340000,NRCellCU,00023,14,10,0,0,0,0
20,239,80 04:21:33.571,14,131-13331340000,NRCellCU,00023,14,13,0,0,0,0
21,239,80 04:21:33.571,14,131-13331340000,NRCellCU,00023,14,3,0,0,0,0
22,239,80 04:21:33.571,14,131-13331340000,NRCellCU,00023,14,12,0,0,0,0
23,239,80 04:21:33.571,14,131-13331340000,NRCellCU,00023,14,7,0,0,0,0
24,239,80 04:21:33.571,14,131-13331340000,NRCellCU,00023,14,5,0,0,0,0
1,241,80 04:21:33.571,14,131-13331340000,NRCellCU,00028,14,10,0,0,24,0
2,241,80 04:21:33.571,14,131-13331340000,NRCellCU,00028,14,6,0,0,0,0
3,241,80 04:21:33.571,14,131-13331340000,NRCellCU,00028,14,13,0,0,0,0
4,241,80 04:21:33.571,14,131-13331340000,NRCellCU,00028,14,12,0,0,0,0
5,241,80 04:21:33.571,14,131-13331340000,NRCellCU,00028,14,4,0,0,0,0
6,241,80 04:21:33.571,14,131-13331340000,NRCellCU,00028,14,7,0,0,0,0
7,241,80 04:21:33.571,14,131-13331340000,NRCellCU,00028,14,2,0,0,0,0
8,241,80 04:21:33.571,14,131-13331340000,NRCellCU,00028,14,5,0,0,0,0
9,241,80 04:21:33.571,14,131-13331340000,NRCellCU,00024,14,6,0,0,13,0
10,241,80 04:21:33.571,14,131-13331340000,NRCellCU,00024,14,10,0,0,0,0
11,241,80 04:21:33.571,14,131-13331340000,NRCellCU,00024,14,13,0,0,0,0
12,241,80 04:21:33.571,14,131-13331340000,NRCellCU,00024,14,12,0,0,0,0
13,241,80 04:21:33.571,14,131-13331340000,NRCellCU,00024,14,4,0,0,0,0
14,241,80 04:21:33.571,14,131-13331340000,NRCellCU,00024,14,5,0,0,0,0
15,241,80 04:21:33.571,14,131-13331340000,NRCellCU,00024,14,2,0,0,0,0
16,241,80 04:21:33.571,14,131-13331340000,NRCellCU,00024,14,9,0,0,0,0
17,241,80 04:21:33.571,14,131-13331340000,NRCellCU,00023,14,9,0,0,0,0
18,241,80 04:21:33.571,14,131-13331340000,NRCellCU,00023,14,10,0,0,0,0
19,241,80 04:21:33.571,14,131-13331340000,NRCellCU,00023,14,4,0,0,0,0
20,241,80 04:21:33.571,14,131-13331340000,NRCellCU,00023,14,13,0,0,0,0
21,241,80 04:21:33.571,14,131-13331340000,NRCellCU,00023,14,5,0,0,0,0
22,241,80 04:21:33.571,14,131-13331340000,NRCellCU,00023,14,3,0,0,0,0
23,241,80 04:21:33.571,14,131-13331340000,NRCellCU,00023,14,12,0,0,0,0
24,241,80 04:21:33.571,14,131-13331340000,NRCellCU,00023,14,7,0,0,0,0
1,243,80 04:21:33.571,12,131-13331320000,NRCellCU,00061,12,4,0,0,7,0
2,243,80 04:21:33.571,12,131-13331320000,NRCellCU,00061,12,7,0,0,0,0
3,243,80 04:21:33.571,12,131-13331320000,NRCellCU,00061,12,3,0,0,0,0
4,243,80 04:21:33.571,12,131-13331320000,NRCellCU,00061,12,10,0,0,0,0
5,243,80 04:21:33.571,12,131-13331320000,NRCellCU,00061,12,11,0,0,0,0
6,243,80 04:21:33.571,12,131-13331320000,NRCellCU,00061,12,15,0,0,0,0
7,243,80 04:21:33.571,12,131-13331320000,NRCellCU,00061,12,9,0,0,0,0
8,243,80 04:21:33.571,12,131-13331320000,NRCellCU,00061,12,5,0,0,0,0
9,243,80 04:21:33.571,12,131-13331320000,NRCellCU,00019,12,4,0,0,22,0
10,243,80 04:21:33.571,12,131-13331320000,NRCellCU,00019,12,10,0,0,14,0
11,243,80 04:21:33.571,12,131-13331320000,NRCellCU,00019,12,11,0,0,0,0
12,243,80 04:21:33.571,12,131-13331320000,NRCellCU,00019,12,6,0,0,0,0
13,243,80 04:21:33.571,12,131-13331320000,NRCellCU,00019,12,2,0,0,0,0
14,243,80 04:21:33.571,12,131-13331320000,NRCellCU,00019,12,14,0,0,0,0
15,243,80 04:21:33.571,12,131-13331320000,NRCellCU,00019,12,7,0,0,0,0
16,243,80 04:21:33.571,12,131-13331320000,NRCellCU,00019,12,8,0,0,0,0
17,243,80 04:21:33.571,12,131-13331320000,NRCellCU,00064,12,7,0,0,33,0
18,243,80 04:21:33.571,12,131-13331320000,NRCellCU,00064,12,10,0,0,0,0
19,243,80 04:21:33.571,12,131-13331320000,NRCellCU,00064,12,5,0,0,0,0
20,243,80 04:21:33.571,12,131-13331320000,NRCellCU,00064,12,4,0,0,0,0
21,243,80 04:21:33.571,12,131-13331320000,NRCellCU,00064,12,15,0,0,0,0
22,243,80 04:21:33.571,12,131-13331320000,NRCellCU,00064,12,11,0,0,0,0
23,243,80 04:21:33.571,12,131-13331320000,NRCellCU,00064,12,14,0,0,0,0
24,243,80 04:21:33.571,12,131-13331320000,NRCellCU,00064,12,2,0,0,0,0
1,244,80 04:21:33.572,14,131-13331340000,NRCellCU,00024,14,6,0,0,9,0
2,244,80 04:21:33.572,14,131-13331340000,NRCellCU,00024,14,13,0,0,0,0
3,244,80 04:21:33.572,14,131-13331340000,NRCellCU,00024,14,10,0,0,0,0
4,244,80 04:21:33.572,14,131-13331340000,NRCellCU,00024,14,4,0,0,0,0
5,244,80 04:21:33.572,14,131-13331340000,NRCellCU,00024,14,9,0,0,0,0
6,244,80 04:21:33.572,14,131-13331340000,NRCellCU,00024,14,5,0,0,0,0
7,244,80 04:21:33.572,14,131-13331340000,NRCellCU,00024,14,15,0,0,0,0
8,244,80 04:21:33.572,14,131-13331340000,NRCellCU,00024,14,2,0,0,0,0
9,244,80 04:21:33.572,14,131-13331340000,NRCellCU,00023,14,9,0,0,0,0
10,244,80 04:21:33.572,14,131-13331340000,NRCellCU,00023,14,10,0,0,0,0
11,244,80 04:21:33.572,14,131-13331340000,NRCellCU,00023,14,13,0,0,0,0
12,244,80 04:21:33.572,14,131-13331340000,NRCellCU,00023,14,4,0,0,0,0
13,244,80 04:21:33.572,14,131-13331340000,NRCellCU,00023,14,7,0,0,0,0
14,244,80 04:21:33.572,14,131-13331340000,NRCellCU,00023,14,2,0,0,0,0
15,244,80 04:21:33.572,14,131-13331340000,NRCellCU,00023,14,5,0,0,0,0
16,244,80 04:21:33.572,14,131-13331340000,NRCellCU,00023,14,3,0,0,0,0
17,244,80 04:21:33.572,14,131-13331340000,NRCellCU,00028,14,13,0,0,0,0
18,244,80 04:21:33.572,14,131-13331340000,NRCellCU,00028,14,6,0,0,0,0
19,244,80 04:21:33.572,14,131-13331340000,NRCellCU,00028,14,4,0,0,0,0
20,244,80 04:21:33.572,14,131-13331340000,NRCellCU,00028,14,12,0,0,0,0
21,244,80 04:21:33.572,14,131-13331340000,NRCellCU,00028,14,2,0,0,0,0
22,244,80 04:21:33.572,14,131-13331340000,NRCellCU,00028,14,7,0,0,0,0
23,244,80 04:21:33.572,14,131-13331340000,NRCellCU,00028,14,10,0,0,0,0
24,244,80 04:21:33.572,14,131-13331340000,NRCellCU,00028,14,15,0,0,0,0
1,245,80 04:21:33.572,14,131-13331340000,NRCellCU,00023,14,9,0,0,1,0
2,245,80 04:21:33.572,14,131-13331340000,NRCellCU,00023,14,10,0,0,0,0
3,245,80 04:21:33.572,14,131-13331340000,NRCellCU,00023,14,13,0,0,0,0
4,245,80 04:21:33.572,14,131-13331340000,NRCellCU,00023,14,4,0,0,0,0
5,245,80 04:21:33.572,14,131-13331340000,NRCellCU,00023,14,7,0,0,0,0
6,245,80 04:21:33.572,14,131-13331340000,NRCellCU,00023,14,3,0,0,0,0
7,245,80 04:21:33.572,14,131-13331340000,NRCellCU,00023,14,12,0,0,0,0
8,245,80 04:21:33.572,14,131-13331340000,NRCellCU,00023,14,2,0,0,0,0
9,245,80 04:21:33.572,14,131-13331340000,NRCellCU,00024,14,6,0,0,3,0
10,245,80 04:21:33.572,14,131-13331340000,NRCellCU,00024,14,13,0,0,0,0
11,245,80 04:21:33.572,14,131-13331340000,NRCellCU,00024,14,10,0,0,0,0
12,245,80 04:21:33.572,14,131-13331340000,NRCellCU,00024,14,12,0,0,0,0
13,245,80 04:21:33.572,14,131-13331340000,NRCellCU,00024,14,5,0,0,0,0
14,245,80 04:21:33.572,14,131-13331340000,NRCellCU,00024,14,15,0,0,0,0
15,245,80 04:21:33.572,14,131-13331340000,NRCellCU,00024,14,2,0,0,0,0
16,245,80 04:21:33.572,14,131-13331340000,NRCellCU,00024,14,9,0,0,0,0
17,245,80 04:21:33.572,14,131-13331340000,NRCellCU,00028,14,6,0,0,0,0
18,245,80 04:21:33.572,14,131-13331340000,NRCellCU,00028,14,13,0,0,0,0
19,245,80 04:21:33.572,14,131-13331340000,NRCellCU,00028,14,4,0,0,0,0
20,245,80 04:21:33.572,14,131-13331340000,NRCellCU,00028,14,12,0,0,0,0
21,245,80 04:21:33.572,14,131-13331340000,NRCellCU,00028,14,10,0,0,0,0
22,245,80 04:21:33.572,14,131-13331340000,NRCellCU,00028,14,7,0,0,0,0
23,245,80 04:21:33.572,14,131-13331340000,NRCellCU,00028,14,5,0,0,0,0
24,245,80 04:21:33.572,14,131-13331340000,NRCellCU,00028,14,9,0,0,0,0
1,246,80 04:21:33.572,15,131-13331350000,NRCellCU,00051,15,3,0,0,11,0
2,246,80 04:21:33.572,15,131-13331350000,NRCellCU,00051,15,7,0,0,0,0
3,246,80 04:21:33.572,15,131-13331350000,NRCellCU,00051,15,4,0,0,0,0
4,246,80 04:21:33.572,15,131-13331350000,NRCellCU,00051,15,8,0,0,0,0
5,246,80 04:21:33.572,15,131-13331350000,NRCellCU,00051,15,11,0,0,0,0
6,246,80 04:21:33.572,15,131-13331350000,NRCellCU,00051,15,9,0,0,0,0
7,246,80 04:21:33.572,15,131-13331350000,NRCellCU,00051,15,5,0,0,0,0
8,246,80 04:21:33.572,15,131-13331350000,NRCellCU,00051,15,13,0,0,0,0
1,247,80 04:21:33.572,15,131-13331350000,NRCellCU,00051,15,3,0,0,20,0
2,247,80 04:21:33.572,15,131-13331350000,NRCellCU,00051,15,7,0,0,1,0
3,247,80 04:21:33.572,15,131-13331350000,NRCellCU,00051,15,8,0,0,0,0
4,247,80 04:21:33.572,15,131-13331350000,NRCellCU,00051,15,11,0,0,0,0
5,247,80 04:21:33.572,15,131-13331350000,NRCellCU,00051,15,4,0,0,0,0
6,247,80 04:21:33.572,15,131-13331350000,NRCellCU,00051,15,5,0,0,0,0
7,247,80 04:21:33.572,15,131-13331350000,NRCellCU,00051,15,9,0,0,0,0
8,247,80 04:21:33.572,15,131-13331350000,NRCellCU,00051,15,13,0,0,0,0
1,249,80 04:21:33.573,13,131-13331330000,NRCellCU,00005,13,5,0,0,24,0
2,249,80 04:21:33.573,13,131-13331330000,NRCellCU,00005,13,6,0,0,4,0
3,249,80 04:21:33.573,13,131-13331330000,NRCellCU,00005,13,8,0,0,0,0
4,249,80 04:21:33.573,13,131-13331330000,NRCellCU,00005,13,4,0,0,0,0
5,249,80 04:21:33.573,13,131-13331330000,NRCellCU,00005,13,15,0,0,0,0
6,249,80 04:21:33.573,13,131-13331330000,NRCellCU,00005,13,10,0,0,0,0
7,249,80 04:21:33.573,13,131-13331330000,NRCellCU,00005,13,11,0,0,0,0
8,249,80 04:21:33.573,13,131-13331330000,NRCellCU,00005,13,9,0,0,0,0
9,249,80 04:21:33.573,13,131-13331330000,NRCellCU,00014,13,5,0,0,26,0
10,249,80 04:21:33.573,13,131-13331330000,NRCellCU,00014,13,9,0,0,13,0
11,249,80 04:21:33.573,13,131-13331330000,NRCellCU,00014,13,8,0,0,1,0
12,249,80 04:21:33.573,13,131-13331330000,NRCellCU,00014,13,14,0,0,0,0
13,249,80 04:21:33.573,13,131-13331330000,NRCellCU,00014,13,2,0,0,0,0
14,249,80 04:21:33.573,13,131-13331330000,NRCellCU,00014,13,11,0,0,0,0
15,249,80 04:21:33.573,13,131-13331330000,NRCellCU,00014,13,4,0,0,0,0
16,249,80 04:21:33.573,13,131-13331330000,NRCellCU,00014,13,10,0,0,0,0
17,249,80 04:21:33.573,13,131-13331330000,NRCellCU,00066,13,2,0,0,20,0
18,249,80 04:21:33.573,13,131-13331330000,NRCellCU,00066,13,6,0,0,8,0
19,249,80 04:21:33.573,13,131-13331330000,NRCellCU,00066,13,11,0,0,0,0
20,249,80 04:21:33.573,13,131-13331330000,NRCellCU,00066,13,5,0,0,0,0
21,249,80 04:21:33.573,13,131-13331330000,NRCellCU,00066,13,8,0,0,0,0
22,249,80 04:21:33.573,13,131-13331330000,NRCellCU,00066,13,3,0,0,0,0
23,249,80 04:21:33.573,13,131-13331330000,NRCellCU,00066,13,10,0,0,0,0
24,249,80 04:21:33.573,13,131-13331330000,NRCellCU,00066,13,9,0,0,0,0
25,249,80 04:21:33.573,13,131-13331330000,NRCellCU,00067,13,5,0,0,8,0
26,249,80 04:21:33.573,13,131-13331330000,NRCellCU,00067,13,7,0,0,7,0
27,249,80 04:21:33.573,13,131-13331330000,NRCellCU,00067,13,9,0,0,0,0
28,249,80 04:21:33.573,13,131-13331330000,NRCellCU,00067,13,4,0,0,0,0
29,249,80 04:21:33.573,13,131-13331330000,NRCellCU,00067,13,10,0,0,0,0
30,249,80 04:21:33.573,13,131-13331330000,NRCellCU,00067,13,14,0,0,0,0
31,249,80 04:21:33.573,13,131-13331330000,NRCellCU,00067,13,2,0,0,0,0
32,249,80 04:21:33.573,13,131-13331330000,NRCellCU,00067,13,3,0,0,0,0
1,250,80 04:21:33.573,9,131-13339000000,NRCellCU,00010,9,5,0,0,4,0
2,250,80 04:21:33.573,9,131-13339000000,NRCellCU,00010,9,14,0,0,3,0
3,250,80 04:21:33.573,9,131-13339000000,NRCellCU,00010,9,6,0,0,0,0
4,250,80 04:21:33.573,9,131-13339000000,NRCellCU,00010,9,2,0,0,0,0
5,250,80 04:21:33.573,9,131-13339000000,NRCellCU,00010,9,13,0,0,0,0
6,250,80 04:21:33.573,9,131-13339000000,NRCellCU,00010,9,8,0,0,0,0
7,250,80 04:21:33.573,9,131-13339000000,NRCellCU,00010,9,12,0,0,0,0
8,250,80 04:21:33.573,9,131-13339000000,NRCellCU,00010,9,10,0,0,0,0
9,250,80 04:21:33.573,9,131-13339000000,NRCellCU,00057,9,2,0,0,5,0
10,250,80 04:21:33.573,9,131-13339000000,NRCellCU,00057,9,7,0,0,0,0
11,250,80 04:21:33.573,9,131-13339000000,NRCellCU,00057,9,14,0,0,0,0
12,250,80 04:21:33.573,9,131-13339000000,NRCellCU,00057,9,15,0,0,0,0
13,250,80 04:21:33.573,9,131-13339000000,NRCellCU,00057,9,13,0,0,0,0
14,250,80 04:21:33.573,9,131-13339000000,NRCellCU,00057,9,6,0,0,0,0
15,250,80 04:21:33.573,9,131-13339000000,NRCellCU,00057,9,11,0,0,0,0
16,250,80 04:21:33.573,9,131-13339000000,NRCellCU,00057,9,8,0,0,0,0
17,250,80 04:21:33.573,9,131-13339000000,NRCellCU,00025,9,5,0,0,28,0
18,250,80 04:21:33.573,9,131-13339000000,NRCellCU,00025,9,2,0,0,18,0
19,250,80 04:21:33.573,9,131-13339000000,NRCellCU,00025,9,6,0,0,0,0
20,250,80 04:21:33.573,9,131-13339000000,NRCellCU,00025,9,11,0,0,0,0
21,250,80 04:21:33.573,9,131-13339000000,NRCellCU,00025,9,3,0,0,0,0
22,250,80 04:21:33.573,9,131-13339000000,NRCellCU,00025,9,13,0,0,0,0
23,250,80 04:21:33.573,9,131-13339000000,NRCellCU,00025,9,12,0,0,0,0
24,250,80 04:21:33.573,9,131-13339000000,NRCellCU,00025,9,15,0,0,0,0
25,250,80 04:21:33.573,9,131-13339000000,NRCellCU,00032,9,2,0,0,1,0
26,250,80 04:21:33.573,9,131-13339000000,NRCellCU,00032,9,15,0,0,0,0
27,250,80 04:21:33.573,9,131-13339000000,NRCellCU,00032,9,13,0,0,0,0
28,250,80 04:21:33.573,9,131-13339000000,NRCellCU,00032,9,6,0,0,0,0
29,250,80 04:21:33.573,9,131-13339000000,NRCellCU,00032,9,10,0,0,0,0
30,250,80 04:21:33.573,9,131-13339000000,NRCellCU,00032,9,5,0,0,0,0
31,250,80 04:21:33.573,9,131-13339000000,NRCellCU,00032,9,14,0,0,0,0
32,250,80 04:21:33.573,9,131-13339000000,NRCellCU,00032,9,4,0,0,0,0
1,251,80 04:21:33.573,15,131-13331350000,NRCellCU,00051,15,3,0,0,18,0
2,251,80 04:21:33.573,15,131-13331350000,NRCellCU,00051,15,4,0,0,1,0
3,251,80 04:21:33.573,15,131-13331350000,NRCellCU,00051,15,7,0,0,0,0
4,251,80 04:21:33.573,15,131-13331350000,NRCellCU,00051,15,11,0,0,0,0
5,251,80 04:21:33.573,15,131-13331350000,NRCellCU,00051,15,5,0,0,0,0
6,251,80 04:21:33.573,15,131-13331350000,NRCellCU,00051,15,8,0,0,0,0
7,251,80 04:21:33.573,15,131-13331350000,NRCellCU,00051,15,9,0,0,0,0
8,251,80 04:21:33.573,15,131-13331350000,NRCellCU,00051,15,2,0,0,0,0
1,252,80 04:21:33.573,8,131-13338000000,NRCellCU,00033,8,3,0,0,22,0
2,252,80 04:21:33.573,8,131-13338000000,NRCellCU,00033,8,11,0,0,0,0
3,252,80 04:21:33.573,8,131-13338000000,NRCellCU,00033,8,9,0,0,0,0
4,252,80 04:21:33.573,8,131-13338000000,NRCellCU,00033,8,12,0,0,0,0
5,252,80 04:21:33.573,8,131-13338000000,NRCellCU,00033,8,7,0,0,0,0
6,252,80 04:21:33.573,8,131-13338000000,NRCellCU,00033,8,15,0,0,0,0
7,252,80 04:21:33.573,8,131-13338000000,NRCellCU,00033,8,5,0,0,0,0
8,252,80 04:21:33.573,8,131-13338000000,NRCellCU,00033,8,6,0,0,0,0
9,252,80 04:21:33.573,8,131-13338000000,NRCellCU,00037,8,15,0,0,1,0
10,252,80 04:21:33.573,8,131-13338000000,NRCellCU,00037,8,11,0,0,1,0
11,252,80 04:21:33.573,8,131-13338000000,NRCellCU,00037,8,10,0,0,0,0
12,252,80 04:21:33.573,8,131-13338000000,NRCellCU,00037,8,2,0,0,0,0
13,252,80 04:21:33.573,8,131-13338000000,NRCellCU,00037,8,12,0,0,0,0
14,252,80 04:21:33.573,8,131-13338000000,NRCellCU,00037,8,6,0,0,0,0
15,252,80 04:21:33.573,8,131-13338000000,NRCellCU,00037,8,4,0,0,0,0
16,252,80 04:21:33.573,8,131-13338000000,NRCellCU,00037,8,5,0,0,0,0
17,252,80 04:21:33.573,8,131-13338000000,NRCellCU,00021,8,9,0,0,0,0
18,252,80 04:21:33.573,8,131-13338000000,NRCellCU,00021,8,5,0,0,0,0
19,252,80 04:21:33.573,8,131-13338000000,NRCellCU,00021,8,3,0,0,0,0
20,252,80 04:21:33.573,8,131-13338000000,NRCellCU,00021,8,15,0,0,0,0
21,252,80 04:21:33.573,8,131-13338000000,NRCellCU,00021,8,12,0,0,0,0
22,252,80 04:21:33.573,8,131-13338000000,NRCellCU,00021,8,10,0,0,0,0
23,252,80 04:21:33.573,8,131-13338000000,NRCellCU,00021,8,4,0,0,0,0
24,252,80 04:21:33.573,8,131-13338000000,NRCellCU,00021,8,11,0,0,0,0
25,252,80 04:21:33.573,8,131-13338000000,NRCellCU,00056,8,13,0,0,11,0
26,252,80 04:21:33.573,8,131-13338000000,NRCellCU,00056,8,5,0,0,10,0
27,252,80 04:21:33.573,8,131-13338000000,NRCellCU,00056,8,9,0,0,8,0
28,252,80 04:21:33.573,8,131-13338000000,NRCellCU,00056,8,2,0,0,2,0
29,252,80 04:21:33.573,8,131-13338000000,NRCellCU,00056,8,11,0,0,0,0
30,252,80 04:21:33.573,8,131-13338000000,NRCellCU,00056,8,3,0,0,0,0
31,252,80 04:21:33.573,8,131-13338000000,NRCellCU,00056,8,10,0,0,0,0
32,252,80 04:21:33.573,8,131-13338000000,NRCellCU,00056,8,12,0,0,0,0
1,253,80 04:21:33.574,15,131-13331350000,NRCellCU,00051,15,3,0,0,19,0
2,253,80 04:21:33.574,15,131-13331350000,NRCellCU,00051,15,7,0,0,1,0
3,253,80 04:21:33.574,15,131-13331350000,NRCellCU,00051,15,4,0,0,0,0
4,253,80 04:21:33.574,15,131-13331350000,NRCellCU,00051,15,8,0,0,0,0
5,253,80 04:21:33.574,15,131-13331350000,NRCellCU,00051,15,9,0,0,0,0
6,253,80 04:21:33.574,15,131-13331350000,NRCellCU,00051,15,11,0,0,0,0
7,253,80 04:21:33.574,15,131-13331350000,NRCellCU,00051,15,5,0,0,0,0
8,253,80 04:21:33.574,15,131-13331350000,NRCellCU,00051,15,12,0,0,0,0
1,254,80 04:21:33.574,9,131-13339000000,NRCellCU,00057,9,13,0,0,0,0
2,254,80 04:21:33.574,9,131-13339000000,NRCellCU,00057,9,2,0,0,0,0
3,254,80 04:21:33.574,9,131-13339000000,NRCellCU,00057,9,7,0,0,0,0
4,254,80 04:21:33.574,9,131-13339000000,NRCellCU,00057,9,14,0,0,0,0
5,254,80 04:21:33.574,9,131-13339000000,NRCellCU,00057,9,15,0,0,0,0
6,254,80 04:21:33.574,9,131-13339000000,NRCellCU,00057,9,6,0,0,0,0
7,254,80 04:21:33.574,9,131-13339000000,NRCellCU,00057,9,5,0,0,0,0
8,254,80 04:21:33.574,9,131-13339000000,NRCellCU,00057,9,11,0,0,0,0
9,254,80 04:21:33.574,9,131-13339000000,NRCellCU,00010,9,14,0,0,11,0
10,254,80 04:21:33.574,9,131-13339000000,NRCellCU,00010,9,5,0,0,0,0
11,254,80 04:21:33.574,9,131-13339000000,NRCellCU,00010,9,2,0,0,0,0
12,254,80 04:21:33.574,9,131-13339000000,NRCellCU,00010,9,6,0,0,0,0
13,254,80 04:21:33.574,9,131-13339000000,NRCellCU,00010,9,13,0,0,0,0
14,254,80 04:21:33.574,9,131-13339000000,NRCellCU,00010,9,12,0,0,0,0
15,254,80 04:21:33.574,9,131-13339000000,NRCellCU,00010,9,8,0,0,0,0
16,254,80 04:21:33.574,9,131-13339000000,NRCellCU,00010,9,11,0,0,0,0
17,254,80 04:21:33.574,9,131-13339000000,NRCellCU,00020,9,5,0,0,33,0
18,254,80 04:21:33.574,9,131-13339000000,NRCellCU,00020,9,2,0,0,8,0
19,254,80 04:21:33.574,9,131-13339000000,NRCellCU,00020,9,13,0,0,1,0
20,254,80 04:21:33.574,9,131-13339000000,NRCellCU,00020,9,4,0,0,0,0
21,254,80 04:21:33.574,9,131-13339000000,NRCellCU,00020,9,10,0,0,0,0
22,254,80 04:21:33.574,9,131-13339000000,NRCellCU,00020,9,8,0,0,0,0
23,254,80 04:21:33.574,9,131-13339000000,NRCellCU,00020,9,6,0,0,0,0
24,254,80 04:21:33.574,9,131-13339000000,NRCellCU,00020,9,3,0,0,0,0
1,256,80 04:21:33.575,8,131-13338000000,NRCellCU,00021,8,3,0,0,6,0
2,256,80 04:21:33.575,8,131-13338000000,NRCellCU,00021,8,9,0,0,0,0
3,256,80 04:21:33.575,8,131-13338000000,NRCellCU,00021,8,15,0,0,0,0
4,256,80 04:21:33.575,8,131-13338000000,NRCellCU,00021,8,5,0,0,0,0
5,256,80 04:21:33.575,8,131-13338000000,NRCellCU,00021,8,2,0,0,0,0
6,256,80 04:21:33.575,8,131-13338000000,NRCellCU,00021,8,12,0,0,0,0
7,256,80 04:21:33.575,8,131-13338000000,NRCellCU,00021,8,4,0,0,0,0
8,256,80 04:21:33.575,8,131-13338000000,NRCellCU,00021,8,11,0,0,0,0
9,256,80 04:21:33.575,8,131-13338000000,NRCellCU,00056,8,9,0,0,12,0
10,256,80 04:21:33.575,8,131-13338000000,NRCellCU,00056,8,11,0,0,10,0
11,256,80 04:21:33.575,8,131-13338000000,NRCellCU,00056,8,5,0,0,10,0
12,256,80 04:21:33.575,8,131-13338000000,NRCellCU,00056,8,2,0,0,8,0
13,256,80 04:21:33.575,8,131-13338000000,NRCellCU,00056,8,13,0,0,2,0
14,256,80 04:21:33.575,8,131-13338000000,NRCellCU,00056,8,3,0,0,0,0
15,256,80 04:21:33.575,8,131-13338000000,NRCellCU,00056,8,12,0,0,0,0
16,256,80 04:21:33.575,8,131-13338000000,NRCellCU,00056,8,14,0,0,0,0
17,256,80 04:21:33.575,8,131-13338000000,NRCellCU,00037,8,15,0,0,36,0
18,256,80 04:21:33.575,8,131-13338000000,NRCellCU,00037,8,11,0,0,9,0
19,256,80 04:21:33.575,8,131-13338000000,NRCellCU,00037,8,2,0,0,0,0
20,256,80 04:21:33.575,8,131-13338000000,NRCellCU,00037,8,12,0,0,0,0
21,256,80 04:21:33.575,8,131-13338000000,NRCellCU,00037,8,5,0,0,0,0
22,256,80 04:21:33.575,8,131-13338000000,NRCellCU,00037,8,10,0,0,0,0
23,256,80 04:21:33.575,8,131-13338000000,NRCellCU,00037,8,4,0,0,0,0
24,256,80 04:21:33.575,8,131-13338000000,NRCellCU,00037,8,6,0,0,0,0
25,256,80 04:21:33.575,8,131-13338000000,NRCellCU,00033,8,3,0,0,25,0
26,256,80 04:21:33.575,8,131-13338000000,NRCellCU,00033,8,11,0,0,0,0
27,256,80 04:21:33.575,8,131-13338000000,NRCellCU,00033,8,9,0,0,0,0
28,256,80 04:21:33.575,8,131-13338000000,NRCellCU,00033,8,2,0,0,0,0
29,256,80 04:21:33.575,8,131-13338000000,NRCellCU,00033,8,12,0,0,0,0
30,256,80 04:21:33.575,8,131-13338000000,NRCellCU,00033,8,15,0,0,0,0
31,256,80 04:21:33.575,8,131-13338000000,NRCellCU,00033,8,5,0,0,0,0
32,256,80 04:21:33.575,8,131-13338000000,NRCellCU,00033,8,7,0,0,0,0
1,257,80 04:21:33.575,8,131-13338000000,NRCellCU,00033,8,3,0,0,19,0
2,257,80 04:21:33.575,8,131-13338000000,NRCellCU,00033,8,9,0,0,0,0
3,257,80 04:21:33.575,8,131-13338000000,NRCellCU,00033,8,11,0,0,0,0
4,257,80 04:21:33.575,8,131-13338000000,NRCellCU,00033,8,12,0,0,0,0
5,257,80 04:21:33.575,8,131-13338000000,NRCellCU,00033,8,2,0,0,0,0
6,257,80 04:21:33.575,8,131-13338000000,NRCellCU,00033,8,15,0,0,0,0
7,257,80 04:21:33.575,8,131-13338000000,NRCellCU,00033,8,5,0,0,0,0
8,257,80 04:21:33.575,8,131-13338000000,NRCellCU,00033,8,7,0,0,0,0
9,257,80 04:21:33.575,8,131-13338000000,NRCellCU,00056,8,5,0,0,21,0
10,257,80 04:21:33.575,8,131-13338000000,NRCellCU,00056,8,9,0,0,17,0
11,257,80 04:21:33.575,8,131-13338000000,NRCellCU,00056,8,2,0,0,11,0
12,257,80 04:21:33.575,8,131-13338000000,NRCellCU,00056,8,11,0,0,1,0
13,257,80 04:21:33.575,8,131-13338000000,NRCellCU,00056,8,13,0,0,0,0
14,257,80 04:21:33.575,8,131-13338000000,NRCellCU,00056,8,3,0,0,0,0
15,257,80 04:21:33.575,8,131-13338000000,NRCellCU,00056,8,10,0,0,0,0
16,257,80 04:21:33.575,8,131-13338000000,NRCellCU,00056,8,12,0,0,0,0
17,257,80 04:21:33.575,8,131-13338000000,NRCellCU,00021,8,9,0,0,1,0
18,257,80 04:21:33.575,8,131-13338000000,NRCellCU,00021,8,3,0,0,1,0
19,257,80 04:21:33.575,8,131-13338000000,NRCellCU,00021,8,15,0,0,0,0
20,257,80 04:21:33.575,8,131-13338000000,NRCellCU,00021,8,5,0,0,0,0
21,257,80 04:21:33.575,8,131-13338000000,NRCellCU,00021,8,12,0,0,0,0
22,257,80 04:21:33.575,8,131-13338000000,NRCellCU,00021,8,4,0,0,0,0
23,257,80 04:21:33.575,8,131-13338000000,NRCellCU,00021,8,13,0,0,0,0
24,257,80 04:21:33.575,8,131-13338000000,NRCellCU,00021,8,2,0,0,0,0
1,258,80 04:21:33.576,8,131-13338000000,NRCellCU,00033,8,3,0,0,24,0
2,258,80 04:21:33.576,8,131-13338000000,NRCellCU,00033,8,15,0,0,20,0
3,258,80 04:21:33.576,8,131-13338000000,NRCellCU,00033,8,11,0,0,0,0
4,258,80 04:21:33.576,8,131-13338000000,NRCellCU,00033,8,9,0,0,0,0
5,258,80 04:21:33.576,8,131-13338000000,NRCellCU,00033,8,12,0,0,0,0
6,258,80 04:21:33.576,8,131-13338000000,NRCellCU,00033,8,7,0,0,0,0
7,258,80 04:21:33.576,8,131-13338000000,NRCellCU,00033,8,2,0,0,0,0
8,258,80 04:21:33.576,8,131-13338000000,NRCellCU,00033,8,5,0,0,0,0
9,258,80 04:21:33.576,8,131-13338000000,NRCellCU,00021,8,9,0,0,0,0
10,258,80 04:21:33.576,8,131-13338000000,NRCellCU,00021,8,3,0,0,0,0
11,258,80 04:21:33.576,8,131-13338000000,NRCellCU,00021,8,15,0,0,0,0
12,258,80 04:21:33.576,8,131-13338000000,NRCellCU,00021,8,5,0,0,0,0
13,258,80 04:21:33.576,8,131-13338000000,NRCellCU,00021,8,12,0,0,0,0
14,258,80 04:21:33.576,8,131-13338000000,NRCellCU,00021,8,4,0,0,0,0
15,258,80 04:21:33.576,8,131-13338000000,NRCellCU,00021,8,2,0,0,0,0
16,258,80 04:21:33.576,8,131-13338000000,NRCellCU,00021,8,13,0,0,0,0
17,258,80 04:21:33.576,8,131-13338000000,NRCellCU,00056,8,5,0,0,17,0
18,258,80 04:21:33.576,8,131-13338000000,NRCellCU,00056,8,11,0,0,11,0
19,258,80 04:21:33.576,8,131-13338000000,NRCellCU,00056,8,2,0,0,9,0
20,258,80 04:21:33.576,8,131-13338000000,NRCellCU,00056,8,9,0,0,8,0
21,258,80 04:21:33.576,8,131-13338000000,NRCellCU,00056,8,3,0,0,0,0
22,258,80 04:21:33.576,8,131-13338000000,NRCellCU,00056,8,13,0,0,0,0
23,258,80 04:21:33.576,8,131-13338000000,NRCellCU,00056,8,12,0,0,0,0
24,258,80 04:21:33.576,8,131-13338000000,NRCellCU,00056,8,14,0,0,0,0
1,259,80 04:21:33.578,12,131-13331320000,NRCellCU,00064,12,7,0,0,15,0
2,259,80 04:21:33.578,12,131-13331320000,NRCellCU,00064,12,10,0,0,0,0
3,259,80 04:21:33.578,12,131-13331320000,NRCellCU,00064,12,4,0,0,0,0
4,259,80 04:21:33.578,12,131-13331320000,NRCellCU,00064,12,5,0,0,0,0
5,259,80 04:21:33.578,12,131-13331320000,NRCellCU,00064,12,14,0,0,0,0
6,259,80 04:21:33.578,12,131-13331320000,NRCellCU,00064,12,11,0,0,0,0
7,259,80 04:21:33.578,12,131-13331320000,NRCellCU,00064,12,15,0,0,0,0
8,259,80 04:21:33.578,12,131-13331320000,NRCellCU,00064,12,3,0,0,0,0
9,259,80 04:21:33.578,12,131-13331320000,NRCellCU,00019,12,4,0,0,16,0
10,259,80 04:21:33.578,12,131-13331320000,NRCellCU,00019,12,10,0,0,14,0
11,259,80 04:21:33.578,12,131-13331320000,NRCellCU,00019,12,11,0,0,0,0
12,259,80 04:21:33.578,12,131-13331320000,NRCellCU,00019,12,8,0,0,0,0
13,259,80 04:21:33.578,12,131-13331320000,NRCellCU,00019,12,7,0,0,0,0
14,259,80 04:21:33.578,12,131-13331320000,NRCellCU,00019,12,6,0,0,0,0
15,259,80 04:21:33.578,12,131-13331320000,NRCellCU,00019,12,5,0,0,0,0
16,259,80 04:21:33.578,12,131-13331320000,NRCellCU,00019,12,2,0,0,0,0
17,259,80 04:21:33.578,12,131-13331320000,NRCellCU,00061,12,7,0,0,12,0
18,259,80 04:21:33.578,12,131-13331320000,NRCellCU,00061,12,4,0,0,3,0
19,259,80 04:21:33.578,12,131-13331320000,NRCellCU,00061,12,10,0,0,0,0
20,259,80 04:21:33.578,12,131-13331320000,NRCellCU,00061,12,2,0,0,0,0
21,259,80 04:21:33.578,12,131-13331320000,NRCellCU,00061,12,8,0,0,0,0
22,259,80 04:21:33.578,12,131-13331320000,NRCellCU,00061,12,13,0,0,0,0
23,259,80 04:21:33.578,12,131-13331320000,NRCellCU,00061,12,5,0,0,0,0
24,259,80 04:21:33.578,12,131-13331320000,NRCellCU,00061,12,3,0,0,0,0
1,261,80 04:21:33.579,13,131-13331330000,NRCellCU,00014,13,5,0,0,32,0
2,261,80 04:21:33.579,13,131-13331330000,NRCellCU,00014,13,9,0,0,5,0
3,261,80 04:21:33.579,13,131-13331330000,NRCellCU,00014,13,14,0,0,0,0
4,261,80 04:21:33.579,13,131-13331330000,NRCellCU,00014,13,2,0,0,0,0
5,261,80 04:21:33.579,13,131-13331330000,NRCellCU,00014,13,7,0,0,0,0
6,261,80 04:21:33.579,13,131-13331330000,NRCellCU,00014,13,11,0,0,0,0
7,261,80 04:21:33.579,13,131-13331330000,NRCellCU,00014,13,10,0,0,0,0
8,261,80 04:21:33.579,13,131-13331330000,NRCellCU,00014,13,4,0,0,0,0
9,261,80 04:21:33.579,13,131-13331330000,NRCellCU,00005,13,6,0,0,4,0
10,261,80 04:21:33.579,13,131-13331330000,NRCellCU,00005,13,5,0,0,3,0
11,261,80 04:21:33.579,13,131-13331330000,NRCellCU,00005,13,8,0,0,0,0
12,261,80 04:21:33.579,13,131-13331330000,NRCellCU,00005,13,15,0,0,0,0
13,261,80 04:21:33.579,13,131-13331330000,NRCellCU,00005,13,4,0,0,0,0
14,261,80 04:21:33.579,13,131-13331330000,NRCellCU,00005,13,11,0,0,0,0
15,261,80 04:21:33.579,13,131-13331330000,NRCellCU,00005,13,10,0,0,0,0
16,261,80 04:21:33.579,13,131-13331330000,NRCellCU,00005,13,12,0,0,0,0
17,261,80 04:21:33.579,13,131-13331330000,NRCellCU,00067,13,9,0,0,0,0
18,261,80 04:21:33.579,13,131-13331330000,NRCellCU,00067,13,5,0,0,0,0
19,261,80 04:21:33.579,13,131-13331330000,NRCellCU,00067,13,7,0,0,0,0
20,261,80 04:21:33.579,13,131-13331330000,NRCellCU,00067,13,10,0,0,0,0
21,261,80 04:21:33.579,13,131-13331330000,NRCellCU,00067,13,2,0,0,0,0
22,261,80 04:21:33.579,13,131-13331330000,NRCellCU,00067,13,6,0,0,0,0
23,261,80 04:21:33.579,13,131-13331330000,NRCellCU,00067,13,3,0,0,0,0
24,261,80 04:21:33.579,13,131-13331330000,NRCellCU,00067,13,14,0,0,0,0
25,261,80 04:21:33.579,13,131-13331330000,NRCellCU,00066,13,5,0,0,22,0
26,261,80 04:21:33.579,13,131-13331330000,NRCellCU,00066,13,6,0,0,3,0
27,261,80 04:21:33.579,13,131-13331330000,NRCellCU,00066,13,2,0,0,0,0
28,261,80 04:21:33.579,13,131-13331330000,NRCellCU,00066,13,3,0,0,0,0
29,261,80 04:21:33.579,13,131-13331330000,NRCellCU,00066,13,8,0,0,0,0
30,261,80 04:21:33.579,13,131-13331330000,NRCellCU,00066,13,10,0,0,0,0
31,261,80 04:21:33.579,13,131-13331330000,NRCellCU,00066,13,9,0,0,0,0
32,261,80 04:21:33.579,13,131-13331330000,NRCellCU,00066,13,11,0,0,0,0
1,262,80 04:21:33.579,13,131-13331330000,NRCellCU,00005,13,5,0,0,21,0
2,262,80 04:21:33.579,13,131-13331330000,NRCellCU,00005,13,8,0,0,5,0
3,262,80 04:21:33.579,13,131-13331330000,NRCellCU,00005,13,6,0,0,5,0
4,262,80 04:21:33.579,13,131-13331330000,NRCellCU,00005,13,7,0,0,0,0
5,262,80 04:21:33.579,13,131-13331330000,NRCellCU,00005,13,4,0,0,0,0
6,262,80 04:21:33.579,13,131-13331330000,NRCellCU,00005,13,15,0,0,0,0
7,262,80 04:21:33.579,13,131-13331330000,NRCellCU,00005,13,10,0,0,0,0
8,262,80 04:21:33.579,13,131-13331330000,NRCellCU,00005,13,11,0,0,0,0
9,262,80 04:21:33.579,13,131-13331330000,NRCellCU,00067,13,5,0,0,0,0
10,262,80 04:21:33.579,13,131-13331330000,NRCellCU,00067,13,7,0,0,0,0
11,262,80 04:21:33.579,13,131-13331330000,NRCellCU,00067,13,9,0,0,0,0
12,262,80 04:21:33.579,13,131-13331330000,NRCellCU,00067,13,2,0,0,0,0
13,262,80 04:21:33.579,13,131-13331330000,NRCellCU,00067,13,6,0,0,0,0
14,262,80 04:21:33.579,13,131-13331330000,NRCellCU,00067,13,10,0,0,0,0
15,262,80 04:21:33.579,13,131-13331330000,NRCellCU,00067,13,3,0,0,0,0
16,262,80 04:21:33.579,13,131-13331330000,NRCellCU,00067,13,14,0,0,0,0
17,262,80 04:21:33.579,13,131-13331330000,NRCellCU,00066,13,5,0,0,30,0
18,262,80 04:21:33.579,13,131-13331330000,NRCellCU,00066,13,3,0,0,0,0
19,262,80 04:21:33.579,13,131-13331330000,NRCellCU,00066,13,6,0,0,0,0
20,262,80 04:21:33.579,13,131-13331330000,NRCellCU,00066,13,2,0,0,0,0
21,262,80 04:21:33.579,13,131-13331330000,NRCellCU,00066,13,8,0,0,0,0
22,262,80 04:21:33.579,13,131-13331330000,NRCellCU,00066,13,9,0,0,0,0
23,262,80 04:21:33.579,13,131-13331330000,NRCellCU,00066,13,10,0,0,0,0
24,262,80 04:21:33.579,13,131-13331330000,NRCellCU,00066,13,15,0,0,0,0
1,263,80 04:21:33.579,14,131-13331340000,NRCellCU,00024,14,6,0,0,11,0
2,263,80 04:21:33.579,14,131-13331340000,NRCellCU,00024,14,10,0,0,0,0
3,263,80 04:21:33.579,14,131-13331340000,NRCellCU,00024,14,2,0,0,0,0
4,263,80 04:21:33.579,14,131-13331340000,NRCellCU,00024,14,5,0,0,0,0
5,263,80 04:21:33.579,14,131-13331340000,NRCellCU,00024,14,4,0,0,0,0
6,263,80 04:21:33.579,14,131-13331340000,NRCellCU,00024,14,13,0,0,0,0
7,263,80 04:21:33.579,14,131-13331340000,NRCellCU,00024,14,9,0,0,0,0
8,263,80 04:21:33.579,14,131-13331340000,NRCellCU,00024,14,8,0,0,0,0
9,263,80 04:21:33.579,14,131-13331340000,NRCellCU,00023,14,3,0,0,0,0
10,263,80 04:21:33.579,14,131-13331340000,NRCellCU,00023,14,9,0,0,0,0
11,263,80 04:21:33.579,14,131-13331340000,NRCellCU,00023,14,5,0,0,0,0
12,263,80 04:21:33.579,14,131-13331340000,NRCellCU,00023,14,10,0,0,0,0
13,263,80 04:21:33.579,14,131-13331340000,NRCellCU,00023,14,2,0,0,0,0
14,263,80 04:21:33.579,14,131-13331340000,NRCellCU,00023,14,12,0,0,0,0
15,263,80 04:21:33.579,14,131-13331340000,NRCellCU,00023,14,4,0,0,0,0
16,263,80 04:21:33.579,14,131-13331340000,NRCellCU,00023,14,8,0,0,0,0
17,263,80 04:21:33.579,14,131-13331340000,NRCellCU,00028,14,13,0,0,9,0
18,263,80 04:21:33.579,14,131-13331340000,NRCellCU,00028,14,12,0,0,0,0
19,263,80 04:21:33.579,14,131-13331340000,NRCellCU,00028,14,6,0,0,0,0
20,263,80 04:21:33.579,14,131-13331340000,NRCellCU,00028,14,15,0,0,0,0
21,263,80 04:21:33.579,14,131-13331340000,NRCellCU,00028,14,5,0,0,0,0
22,263,80 04:21:33.579,14,131-13331340000,NRCellCU,00028,14,4,0,0,0,0
23,263,80 04:21:33.579,14,131-13331340000,NRCellCU,00028,14,2,0,0,0,0
24,263,80 04:21:33.579,14,131-13331340000,NRCellCU,00028,14,9,0,0,0,0
1,265,80 04:21:33.580,7,131-13337000000,NRCellCU,00016,7,12,0,0,16,0
2,265,80 04:21:33.580,7,131-13337000000,NRCellCU,00016,7,2,0,0,0,0
3,265,80 04:21:33.580,7,131-13337000000,NRCellCU,00016,7,15,0,0,0,0
4,265,80 04:21:33.580,7,131-13337000000,NRCellCU,00016,7,6,0,0,0,0
5,265,80 04:21:33.580,7,131-13337000000,NRCellCU,00016,7,4,0,0,0,0
6,265,80 04:21:33.580,7,131-13337000000,NRCellCU,00016,7,10,0,0,0,0
7,265,80 04:21:33.580,7,131-13337000000,NRCellCU,00016,7,3,0,0,0,0
8,265,80 04:21:33.580,7,131-13337000000,NRCellCU,00016,7,8,0,0,0,0
9,265,80 04:21:33.580,7,131-13337000000,NRCellCU,00062,7,11,0,0,18,0
10,265,80 04:21:33.580,7,131-13337000000,NRCellCU,00062,7,3,0,0,3,0
11,265,80 04:21:33.580,7,131-13337000000,NRCellCU,00062,7,9,0,0,0,0
12,265,80 04:21:33.580,7,131-13337000000,NRCellCU,00062,7,5,0,0,0,0
13,265,80 04:21:33.580,7,131-13337000000,NRCellCU,00062,7,8,0,0,0,0
14,265,80 04:21:33.580,7,131-13337000000,NRCellCU,00062,7,2,0,0,0,0
15,265,80 04:21:33.580,7,131-13337000000,NRCellCU,00062,7,14,0,0,0,0
16,265,80 04:21:33.580,7,131-13337000000,NRCellCU,00062,7,12,0,0,0,0
17,265,80 04:21:33.580,7,131-13337000000,NRCellCU,00018,7,3,0,0,22,0
18,265,80 04:21:33.580,7,131-13337000000,NRCellCU,00018,7,4,0,0,16,0
19,265,80 04:21:33.580,7,131-13337000000,NRCellCU,00018,7,2,0,0,16,0
20,265,80 04:21:33.580,7,131-13337000000,NRCellCU,00018,7,12,0,0,0,0
21,265,80 04:21:33.580,7,131-13337000000,NRCellCU,00018,7,8,0,0,0,0
22,265,80 04:21:33.580,7,131-13337000000,NRCellCU,00018,7,11,0,0,0,0
23,265,80 04:21:33.580,7,131-13337000000,NRCellCU,00018,7,9,0,0,0,0
24,265,80 04:21:33.580,7,131-13337000000,NRCellCU,00018,7,14,0,0,0,0
25,265,80 04:21:33.580,7,131-13337000000,NRCellCU,00012,7,5,0,0,14,0
26,265,80 04:21:33.580,7,131-13337000000,NRCellCU,00012,7,15,0,0,8,0
27,265,80 04:21:33.580,7,131-13337000000,NRCellCU,00012,7,3,0,0,5,0
28,265,80 04:21:33.580,7,131-13337000000,NRCellCU,00012,7,11,0,0,0,0
29,265,80 04:21:33.580,7,131-13337000000,NRCellCU,00012,7,2,0,0,0,0
30,265,80 04:21:33.580,7,131-13337000000,NRCellCU,00012,7,10,0,0,0,0
31,265,80 04:21:33.580,7,131-13337000000,NRCellCU,00012,7,14,0,0,0,0
32,265,80 04:21:33.580,7,131-13337000000,NRCellCU,00012,7,4,0,0,0,0
1,266,80 04:21:33.580,14,131-13331340000,NRCellCU,00023,14,9,0,0,0,0
2,266,80 04:21:33.580,14,131-13331340000,NRCellCU,00023,14,2,0,0,0,0
3,266,80 04:21:33.580,14,131-13331340000,NRCellCU,00023,14,3,0,0,0,0
4,266,80 04:21:33.580,14,131-13331340000,NRCellCU,00023,14,5,0,0,0,0
5,266,80 04:21:33.580,14,131-13331340000,NRCellCU,00023,14,10,0,0,0,0
6,266,80 04:21:33.580,14,131-13331340000,NRCellCU,00023,14,6,0,0,0,0
7,266,80 04:21:33.580,14,131-13331340000,NRCellCU,00023,14,4,0,0,0,0
8,266,80 04:21:33.580,14,131-13331340000,NRCellCU,00023,14,12,0,0,0,0
9,266,80 04:21:33.580,14,131-13331340000,NRCellCU,00028,14,13,0,0,9,0
10,266,80 04:21:33.580,14,131-13331340000,NRCellCU,00028,14,12,0,0,0,0
11,266,80 04:21:33.580,14,131-13331340000,NRCellCU,00028,14,6,0,0,0,0
12,266,80 04:21:33.580,14,131-13331340000,NRCellCU,00028,14,15,0,0,0,0
13,266,80 04:21:33.580,14,131-13331340000,NRCellCU,00028,14,5,0,0,0,0
14,266,80 04:21:33.580,14,131-13331340000,NRCellCU,00028,14,4,0,0,0,0
15,266,80 04:21:33.580,14,131-13331340000,NRCellCU,00028,14,2,0,0,0,0
16,266,80 04:21:33.580,14,131-13331340000,NRCellCU,00028,14,7,0,0,0,0
17,266,80 04:21:33.580,14,131-13331340000,NRCellCU,00024,14,6,0,0,17,0
18,266,80 04:21:33.580,14,131-13331340000,NRCellCU,00024,14,10,0,0,0,0
19,266,80 04:21:33.580,14,131-13331340000,NRCellCU,00024,14,13,0,0,0,0
20,266,80 04:21:33.580,14,131-13331340000,NRCellCU,00024,14,4,0,0,0,0
21,266,80 04:21:33.580,14,131-13331340000,NRCellCU,00024,14,5,0,0,0,0
22,266,80 04:21:33.580,14,131-13331340000,NRCellCU,00024,14,9,0,0,0,0
23,266,80 04:21:33.580,14,131-13331340000,NRCellCU,00024,14,2,0,0,0,0
24,266,80 04:21:33.580,14,131-13331340000,NRCellCU,00024,14,12,0,0,0,0
1,267,80 04:21:33.580,12,131-13331320000,NRCellCU,00064,12,7,0,0,16,0
2,267,80 04:21:33.580,12,131-13331320000,NRCellCU,00064,12,5,0,0,0,0
3,267,80 04:21:33.580,12,131-13331320000,NRCellCU,00064,12,10,0,0,0,0
4,267,80 04:21:33.580,12,131-13331320000,NRCellCU,00064,12,4,0,0,0,0
5,267,80 04:21:33.580,12,131-13331320000,NRCellCU,00064,12,2,0,0,0,0
6,267,80 04:21:33.580,12,131-13331320000,NRCellCU,00064,12,14,0,0,0,0
7,267,80 04:21:33.580,12,131-13331320000,NRCellCU,00064,12,6,0,0,0,0
8,267,80 04:21:33.580,12,131-13331320000,NRCellCU,00064,12,3,0,0,0,0
9,267,80 04:21:33.580,12,131-13331320000,NRCellCU,00019,12,4,0,0,18,0
10,267,80 04:21:33.580,12,131-13331320000,NRCellCU,00019,12,10,0,0,10,0
11,267,80 04:21:33.580,12,131-13331320000,NRCellCU,00019,12,11,0,0,0,0
12,267,80 04:21:33.580,12,131-13331320000,NRCellCU,00019,12,6,0,0,0,0
13,267,80 04:21:33.580,12,131-13331320000,NRCellCU,00019,12,2,0,0,0,0
14,267,80 04:21:33.580,12,131-13331320000,NRCellCU,00019,12,5,0,0,0,0
15,267,80 04:21:33.580,12,131-13331320000,NRCellCU,00019,12,9,0,0,0,0
16,267,80 04:21:33.580,12,131-13331320000,NRCellCU,00019,12,8,0,0,0,0
17,267,80 04:21:33.580,12,131-13331320000,NRCellCU,00009,12,4,0,0,36,0
18,267,80 04:21:33.580,12,131-13331320000,NRCellCU,00009,12,7,0,0,20,0
19,267,80 04:21:33.580,12,131-13331320000,NRCellCU,00009,12,3,0,0,0,0
20,267,80 04:21:33.580,12,131-13331320000,NRCellCU,00009,12,10,0,0,0,0
21,267,80 04:21:33.580,12,131-13331320000,NRCellCU,00009,12,14,0,0,0,0
22,267,80 04:21:33.580,12,131-13331320000,NRCellCU,00009,12,6,0,0,0,0
23,267,80 04:21:33.580,12,131-13331320000,NRCellCU,00009,12,2,0,0,0,0
24,267,80 04:21:33.580,12,131-13331320000,NRCellCU,00009,12,5,0,0,0,0
25,267,80 04:21:33.580,12,131-13331320000,NRCellCU,00061,12,7,0,0,9,0
26,267,80 04:21:33.580,12,131-13331320000,NRCellCU,00061,12,10,0,0,5,0
27,267,80 04:21:33.580,12,131-13331320000,NRCellCU,00061,12,6,0,0,5,0
28,267,80 04:21:33.580,12,131-13331320000,NRCellCU,00061,12,4,0,0,0,0
29,267,80 04:21:33.580,12,131-13331320000,NRCellCU,00061,12,2,0,0,0,0
30,267,80 04:21:33.580,12,131-13331320000,NRCellCU,00061,12,13,0,0,0,0
31,267,80 04:21:33.580,12,131-13331320000,NRCellCU,00061,12,8,0,0,0,0
32,267,80 04:21:33.580,12,131-13331320000,NRCellCU,00061,12,14,0,0,0,0
1,268,80 04:21:33.580,9,131-13339000000,NRCellCU,00007,9,5,0,0,10,0
2,268,80 04:21:33.580,9,131-13339000000,NRCellCU,00007,9,13,0,0,2,0
3,268,80 04:21:33.580,9,131-13339000000,NRCellCU,00007,9,14,0,0,0,0
4,268,80 04:21:33.580,9,131-13339000000,NRCellCU,00007,9,6,0,0,0,0
5,268,80 04:21:33.580,9,131-13339000000,NRCellCU,00007,9,2,0,0,0,0
6,268,80 04:21:33.580,9,131-13339000000,NRCellCU,00007,9,3,0,0,0,0
7,268,80 04:21:33.580,9,131-13339000000,NRCellCU,00007,9,7,0,0,0,0
8,268,80 04:21:33.580,9,131-13339000000,NRCellCU,00007,9,8,0,0,0,0
9,268,80 04:21:33.580,9,131-13339000000,NRCellCU,00025,9,5,0,0,20,0
10,268,80 04:21:33.580,9,131-13339000000,NRCellCU,00025,9,2,0,0,10,0
11,268,80 04:21:33.580,9,131-13339000000,NRCellCU,00025,9,6,0,0,0,0
12,268,80 04:21:33.580,9,131-13339000000,NRCellCU,00025,9,13,0,0,0,0
13,268,80 04:21:33.580,9,131-13339000000,NRCellCU,00025,9,11,0,0,0,0
14,268,80 04:21:33.580,9,131-13339000000,NRCellCU,00025,9,3,0,0,0,0
15,268,80 04:21:33.580,9,131-13339000000,NRCellCU,00025,9,15,0,0,0,0
16,268,80 04:21:33.580,9,131-13339000000,NRCellCU,00025,9,8,0,0,0,0
17,268,80 04:21:33.580,9,131-13339000000,NRCellCU,00010,9,14,0,0,12,0
18,268,80 04:21:33.580,9,131-13339000000,NRCellCU,00010,9,6,0,0,3,0
19,268,80 04:21:33.580,9,131-13339000000,NRCellCU,00010,9,5,0,0,0,0
20,268,80 04:21:33.580,9,131-13339000000,NRCellCU,00010,9,2,0,0,0,0
21,268,80 04:21:33.580,9,131-13339000000,NRCellCU,00010,9,13,0,0,0,0
22,268,80 04:21:33.580,9,131-13339000000,NRCellCU,00010,9,10,0,0,0,0
23,268,80 04:21:33.580,9,131-13339000000,NRCellCU,00010,9,3,0,0,0,0
24,268,80 04:21:33.580,9,131-13339000000,NRCellCU,00010,9,7,0,0,0,0
25,268,80 04:21:33.580,9,131-13339000000,NRCellCU,00057,9,5,0,0,22,0
26,268,80 04:21:33.580,9,131-13339000000,NRCellCU,00057,9,14,0,0,2,0
27,268,80 04:21:33.580,9,131-13339000000,NRCellCU,00057,9,4,0,0,0,0
28,268,80 04:21:33.580,9,131-13339000000,NRCellCU,00057,9,15,0,0,0,0
29,268,80 04:21:33.580,9,131-13339000000,NRCellCU,00057,9,7,0,0,0,0
30,268,80 04:21:33.580,9,131-13339000000,NRCellCU,00057,9,2,0,0,0,0
31,268,80 04:21:33.580,9,131-13339000000,NRCellCU,00057,9,6,0,0,0,0
32,268,80 04:21:33.580,9,131-13339000000,NRCellCU,00057,9,13,0,0,0,0
1,269,80 04:21:33.581,14,131-13331340000,NRCellCU,00023,14,9,0,0,0,0
2,269,80 04:21:33.581,14,131-13331340000,NRCellCU,00023,14,3,0,0,0,0
3,269,80 04:21:33.581,14,131-13331340000,NRCellCU,00023,14,2,0,0,0,0
4,269,80 04:21:33.581,14,131-13331340000,NRCellCU,00023,14,12,0,0,0,0
5,269,80 04:21:33.581,14,131-13331340000,NRCellCU,00023,14,5,0,0,0,0
6,269,80 04:21:33.581,14,131-13331340000,NRCellCU,00023,14,4,0,0,0,0
7,269,80 04:21:33.581,14,131-13331340000,NRCellCU,00023,14,10,0,0,0,0
8,269,80 04:21:33.581,14,131-13331340000,NRCellCU,00023,14,8,0,0,0,0
9,269,80 04:21:33.581,14,131-13331340000,NRCellCU,00024,14,6,0,0,7,0
10,269,80 04:21:33.581,14,131-13331340000,NRCellCU,00024,14,4,0,0,0,0
11,269,80 04:21:33.581,14,131-13331340000,NRCellCU,00024,14,9,0,0,0,0
12,269,80 04:21:33.581,14,131-13331340000,NRCellCU,00024,14,10,0,0,0,0
13,269,80 04:21:33.581,14,131-13331340000,NRCellCU,00024,14,5,0,0,0,0
14,269,80 04:21:33.581,14,131-13331340000,NRCellCU,00024,14,2,0,0,0,0
15,269,80 04:21:33.581,14,131-13331340000,NRCellCU,00024,14,13,0,0,0,0
16,269,80 04:21:33.581,14,131-13331340000,NRCellCU,00024,14,8,0,0,0,0
17,269,80 04:21:33.581,14,131-13331340000,NRCellCU,00028,14,13,0,0,2,0
18,269,80 04:21:33.581,14,131-13331340000,NRCellCU,00028,14,6,0,0,0,0
19,269,80 04:21:33.581,14,131-13331340000,NRCellCU,00028,14,12,0,0,0,0
20,269,80 04:21:33.581,14,131-13331340000,NRCellCU,00028,14,15,0,0,0,0
21,269,80 04:21:33.581,14,131-13331340000,NRCellCU,00028,14,4,0,0,0,0
22,269,80 04:21:33.581,14,131-13331340000,NRCellCU,00028,14,2,0,0,0,0
23,269,80 04:21:33.581,14,131-13331340000,NRCellCU,00028,14,10,0,0,0,0
24,269,80 04:21:33.581,14,131-13331340000,NRCellCU,00028,14,5,0,0,0,0
1,270,80 04:21:33.581,7,131-13337000000,NRCellCU,00018,7,3,0,0,13,0
2,270,80 04:21:33.581,7,131-13337000000,NRCellCU,00018,7,2,0,0,7,0
3,270,80 04:21:33.581,7,131-13337000000,NRCellCU,00018,7,4,0,0,6,0
4,270,80 04:21:33.581,7,131-13337000000,NRCellCU,00018,7,12,0,0,0,0
5,270,80 04:21:33.581,7,131-13337000000,NRCellCU,00018,7,11,0,0,0,0
6,270,80 04:21:33.581,7,131-13337000000,NRCellCU,00018,7,8,0,0,0,0
7,270,80 04:21:33.581,7,131-13337000000,NRCellCU,00018,7,9,0,0,0,0
8,270,80 04:21:33.581,7,131-13337000000,NRCellCU,00018,7,14,0,0,0,0
9,270,80 04:21:33.581,7,131-13337000000,NRCellCU,00016,7,12,0,0,11,0
10,270,80 04:21:33.581,7,131-13337000000,NRCellCU,00016,7,4,0,0,10,0
11,270,80 04:21:33.581,7,131-13337000000,NRCellCU,00016,7,2,0,0,1,0
12,270,80 04:21:33.581,7,131-13337000000,NRCellCU,00016,7,15,0,0,0,0
13,270,80 04:21:33.581,7,131-13337000000,NRCellCU,00016,7,6,0,0,0,0
14,270,80 04:21:33.581,7,131-13337000000,NRCellCU,00016,7,10,0,0,0,0
15,270,80 04:21:33.581,7,131-13337000000,NRCellCU,00016,7,3,0,0,0,0
16,270,80 04:21:33.581,7,131-13337000000,NRCellCU,00016,7,8,0,0,0,0
17,270,80 04:21:33.581,7,131-13337000000,NRCellCU,00012,7,15,0,0,10,0
18,270,80 04:21:33.581,7,131-13337000000,NRCellCU,00012,7,3,0,0,5,0
19,270,80 04:21:33.581,7,131-13337000000,NRCellCU,00012,7,5,0,0,0,0
20,270,80 04:21:33.581,7,131-13337000000,NRCellCU,00012,7,11,0,0,0,0
21,270,80 04:21:33.581,7,131-13337000000,NRCellCU,00012,7,2,0,0,0,0
22,270,80 04:21:33.581,7,131-13337000000,NRCellCU,00012,7,10,0,0,0,0
23,270,80 04:21:33.581,7,131-13337000000,NRCellCU,00012,7,9,0,0,0,0
24,270,80 04:21:33.581,7,131-13337000000,NRCellCU,00012,7,14,0,0,0,0
25,270,80 04:21:33.581,7,131-13337000000,NRCellCU,00062,7,11,0,0,20,0
26,270,80 04:21:33.581,7,131-13337000000,NRCellCU,00062,7,3,0,0,7,0
27,270,80 04:21:33.581,7,131-13337000000,NRCellCU,00062,7,5,0,0,0,0
28,270,80 04:21:33.581,7,131-13337000000,NRCellCU,00062,7,8,0,0,0,0
29,270,80 04:21:33.581,7,131-13337000000,NRCellCU,00062,7,9,0,0,0,0
30,270,80 04:21:33.581,7,131-13337000000,NRCellCU,00062,7,2,0,0,0,0
31,270,80 04:21:33.581,7,131-13337000000,NRCellCU,00062,7,4,0,0,0,0
32,270,80 04:21:33.581,7,131-13337000000,NRCellCU,00062,7,12,0,0,0,0
1,271,80 04:21:33.581,8,131-13338000000,NRCellCU,00056,8,5,0,0,26,0
2,271,80 04:21:33.581,8,131-13338000000,NRCellCU,00056,8,11,0,0,11,0
3,271,80 04:21:33.581,8,131-13338000000,NRCellCU,00056,8,9,0,0,8,0
4,271,80 04:21:33.581,8,131-13338000000,NRCellCU,00056,8,2,0,0,0,0
5,271,80 04:21:33.581,8,131-13338000000,NRCellCU,00056,8,13,0,0,0,0
6,271,80 04:21:33.581,8,131-13338000000,NRCellCU,00056,8,4,0,0,0,0
7,271,80 04:21:33.581,8,131-13338000000,NRCellCU,00056,8,12,0,0,0,0
8,271,80 04:21:33.581,8,131-13338000000,NRCellCU,00056,8,3,0,0,0,0
9,271,80 04:21:33.581,8,131-13338000000,NRCellCU,00033,8,3,0,0,24,0
10,271,80 04:21:33.581,8,131-13338000000,NRCellCU,00033,8,15,0,0,0,0
11,271,80 04:21:33.581,8,131-13338000000,NRCellCU,00033,8,5,0,0,0,0
12,271,80 04:21:33.581,8,131-13338000000,NRCellCU,00033,8,11,0,0,0,0
13,271,80 04:21:33.581,8,131-13338000000,NRCellCU,00033,8,9,0,0,0,0
14,271,80 04:21:33.581,8,131-13338000000,NRCellCU,00033,8,12,0,0,0,0
15,271,80 04:21:33.581,8,131-13338000000,NRCellCU,00033,8,14,0,0,0,0
16,271,80 04:21:33.581,8,131-13338000000,NRCellCU,00033,8,7,0,0,0,0
17,271,80 04:21:33.581,8,131-13338000000,NRCellCU,00021,8,3,0,0,5,0
18,271,80 04:21:33.581,8,131-13338000000,NRCellCU,00021,8,15,0,0,0,0
19,271,80 04:21:33.581,8,131-13338000000,NRCellCU,00021,8,9,0,0,0,0
20,271,80 04:21:33.581,8,131-13338000000,NRCellCU,00021,8,5,0,0,0,0
21,271,80 04:21:33.581,8,131-13338000000,NRCellCU,00021,8,12,0,0,0,0
22,271,80 04:21:33.581,8,131-13338000000,NRCellCU,00021,8,11,0,0,0,0
23,271,80 04:21:33.581,8,131-13338000000,NRCellCU,00021,8,2,0,0,0,0
24,271,80 04:21:33.581,8,131-13338000000,NRCellCU,00021,8,13,0,0,0,0
1,272,80 04:21:33.581,13,131-13331330000,NRCellCU,00067,13,9,0,0,0,0
2,272,80 04:21:33.581,13,131-13331330000,NRCellCU,00067,13,5,0,0,0,0
3,272,80 04:21:33.581,13,131-13331330000,NRCellCU,00067,13,2,0,0,0,0
4,272,80 04:21:33.581,13,131-13331330000,NRCellCU,00067,13,6,0,0,0,0
5,272,80 04:21:33.581,13,131-13331330000,NRCellCU,00067,13,7,0,0,0,0
6,272,80 04:21:33.581,13,131-13331330000,NRCellCU,00067,13,14,0,0,0,0
7,272,80 04:21:33.581,13,131-13331330000,NRCellCU,00067,13,10,0,0,0,0
8,272,80 04:21:33.581,13,131-13331330000,NRCellCU,00067,13,3,0,0,0,0
9,272,80 04:21:33.581,13,131-13331330000,NRCellCU,00014,13,5,0,0,34,0
10,272,80 04:21:33.581,13,131-13331330000,NRCellCU,00014,13,9,0,0,9,0
11,272,80 04:21:33.581,13,131-13331330000,NRCellCU,00014,13,2,0,0,0,0
12,272,80 04:21:33.581,13,131-13331330000,NRCellCU,00014,13,14,0,0,0,0
13,272,80 04:21:33.581,13,131-13331330000,NRCellCU,00014,13,7,0,0,0,0
14,272,80 04:21:33.581,13,131-13331330000,NRCellCU,00014,13,11,0,0,0,0
15,272,80 04:21:33.581,13,131-13331330000,NRCellCU,00014,13,4,0,0,0,0
16,272,80 04:21:33.581,13,131-13331330000,NRCellCU,00014,13,15,0,0,0,0
17,272,80 04:21:33.581,13,131-13331330000,NRCellCU,00005,13,5,0,0,12,0
18,272,80 04:21:33.581,13,131-13331330000,NRCellCU,00005,13,8,0,0,9,0
19,272,80 04:21:33.581,13,131-13331330000,NRCellCU,00005,13,6,0,0,5,0
20,272,80 04:21:33.581,13,131-13331330000,NRCellCU,00005,13,7,0,0,0,0
21,272,80 04:21:33.581,13,131-13331330000,NRCellCU,00005,13,15,0,0,0,0
22,272,80 04:21:33.581,13,131-13331330000,NRCellCU,00005,13,10,0,0,0,0
23,272,80 04:21:33.581,13,131-13331330000,NRCellCU,00005,13,4,0,0,0,0
24,272,80 04:21:33.581,13,131-13331330000,NRCellCU,00005,13,11,0,0,0,0
25,272,80 04:21:33.581,13,131-13331330000,NRCellCU,00066,13,9,0,0,30,0
26,272,80 04:21:33.581,13,131-13331330000,NRCellCU,00066,13,5,0,0,7,0
27,272,80 04:21:33.581,13,131-13331330000,NRCellCU,00066,13,3,0,0,0,0
28,272,80 04:21:33.581,13,131-13331330000,NRCellCU,00066,13,10,0,0,0,0
29,272,80 04:21:33.581,13,131-13331330000,NRCellCU,00066,13,6,0,0,0,0
30,272,80 04:21:33.581,13,131-13331330000,NRCellCU,00066,13,2,0,0,0,0
31,272,80 04:21:33.581,13,131-13331330000,NRCellCU,00066,13,8,0,0,0,0
32,272,80 04:21:33.581,13,131-13331330000,NRCellCU,00066,13,15,0,0,0,0
